persona,template,parser,format,layout,field,tp,fp,fn
p01,classic,naive,pdf,single,name,1,0,0
p01,classic,naive,pdf,single,email,1,0,0
p01,classic,naive,pdf,single,phone,1,0,0
p01,classic,naive,pdf,single,degree_level,1,0,0
p01,classic,naive,pdf,single,field_of_study,1,0,0
p01,classic,naive,pdf,single,school,1,0,0
p01,classic,naive,pdf,single,grad_date,1,0,0
p01,classic,naive,pdf,single,gpa,1,0,0
p01,classic,naive,pdf,single,skills,10,0,0
p01,classic,naive,pdf,single,experience,2,0,0
p01,classic,layout_aware,pdf,single,name,1,0,0
p01,classic,layout_aware,pdf,single,email,1,0,0
p01,classic,layout_aware,pdf,single,phone,1,0,0
p01,classic,layout_aware,pdf,single,degree_level,1,0,0
p01,classic,layout_aware,pdf,single,field_of_study,1,0,0
p01,classic,layout_aware,pdf,single,school,1,0,0
p01,classic,layout_aware,pdf,single,grad_date,1,0,0
p01,classic,layout_aware,pdf,single,gpa,1,0,0
p01,classic,layout_aware,pdf,single,skills,10,0,0
p01,classic,layout_aware,pdf,single,experience,2,0,0
p01,classic,naive,pdf,two_column,name,1,0,0
p01,classic,naive,pdf,two_column,email,1,0,0
p01,classic,naive,pdf,two_column,phone,1,0,0
p01,classic,naive,pdf,two_column,degree_level,1,0,0
p01,classic,naive,pdf,two_column,field_of_study,1,0,0
p01,classic,naive,pdf,two_column,school,1,0,0
p01,classic,naive,pdf,two_column,grad_date,1,0,0
p01,classic,naive,pdf,two_column,gpa,1,0,0
p01,classic,naive,pdf,two_column,skills,0,0,10
p01,classic,naive,pdf,two_column,experience,0,0,2
p01,classic,layout_aware,pdf,two_column,name,1,0,0
p01,classic,layout_aware,pdf,two_column,email,1,0,0
p01,classic,layout_aware,pdf,two_column,phone,1,0,0
p01,classic,layout_aware,pdf,two_column,degree_level,1,0,0
p01,classic,layout_aware,pdf,two_column,field_of_study,1,0,0
p01,classic,layout_aware,pdf,two_column,school,1,0,0
p01,classic,layout_aware,pdf,two_column,grad_date,1,0,0
p01,classic,layout_aware,pdf,two_column,gpa,1,0,0
p01,classic,layout_aware,pdf,two_column,skills,10,0,0
p01,classic,layout_aware,pdf,two_column,experience,1,0,1
p01,classic,naive,pdf,table,name,1,0,0
p01,classic,naive,pdf,table,email,1,0,0
p01,classic,naive,pdf,table,phone,1,0,0
p01,classic,naive,pdf,table,degree_level,0,0,1
p01,classic,naive,pdf,table,field_of_study,0,0,1
p01,classic,naive,pdf,table,school,0,0,1
p01,classic,naive,pdf,table,grad_date,0,0,1
p01,classic,naive,pdf,table,gpa,1,0,0
p01,classic,naive,pdf,table,skills,0,0,10
p01,classic,naive,pdf,table,experience,0,0,2
p01,classic,layout_aware,pdf,table,name,1,0,0
p01,classic,layout_aware,pdf,table,email,1,0,0
p01,classic,layout_aware,pdf,table,phone,1,0,0
p01,classic,layout_aware,pdf,table,degree_level,1,0,0
p01,classic,layout_aware,pdf,table,field_of_study,1,0,0
p01,classic,layout_aware,pdf,table,school,1,0,0
p01,classic,layout_aware,pdf,table,grad_date,1,0,0
p01,classic,layout_aware,pdf,table,gpa,1,0,0
p01,classic,layout_aware,pdf,table,skills,10,0,0
p01,classic,layout_aware,pdf,table,experience,2,0,0
p01,classic,naive,pdf,textbox,name,0,0,1
p01,classic,naive,pdf,textbox,email,1,0,0
p01,classic,naive,pdf,textbox,phone,1,0,0
p01,classic,naive,pdf,textbox,degree_level,1,0,0
p01,classic,naive,pdf,textbox,field_of_study,1,0,0
p01,classic,naive,pdf,textbox,school,1,0,0
p01,classic,naive,pdf,textbox,grad_date,1,0,0
p01,classic,naive,pdf,textbox,gpa,1,0,0
p01,classic,naive,pdf,textbox,skills,0,0,10
p01,classic,naive,pdf,textbox,experience,1,0,1
p01,classic,layout_aware,pdf,textbox,name,1,0,0
p01,classic,layout_aware,pdf,textbox,email,1,0,0
p01,classic,layout_aware,pdf,textbox,phone,1,0,0
p01,classic,layout_aware,pdf,textbox,degree_level,1,0,0
p01,classic,layout_aware,pdf,textbox,field_of_study,1,0,0
p01,classic,layout_aware,pdf,textbox,school,1,0,0
p01,classic,layout_aware,pdf,textbox,grad_date,1,0,0
p01,classic,layout_aware,pdf,textbox,gpa,1,0,0
p01,classic,layout_aware,pdf,textbox,skills,10,0,0
p01,classic,layout_aware,pdf,textbox,experience,1,0,1
p01,classic,naive,docx,single,name,1,0,0
p01,classic,naive,docx,single,email,1,0,0
p01,classic,naive,docx,single,phone,1,0,0
p01,classic,naive,docx,single,degree_level,1,0,0
p01,classic,naive,docx,single,field_of_study,1,0,0
p01,classic,naive,docx,single,school,1,0,0
p01,classic,naive,docx,single,grad_date,1,0,0
p01,classic,naive,docx,single,gpa,1,0,0
p01,classic,naive,docx,single,skills,10,0,0
p01,classic,naive,docx,single,experience,2,0,0
p01,classic,layout_aware,docx,single,name,1,0,0
p01,classic,layout_aware,docx,single,email,1,0,0
p01,classic,layout_aware,docx,single,phone,1,0,0
p01,classic,layout_aware,docx,single,degree_level,1,0,0
p01,classic,layout_aware,docx,single,field_of_study,1,0,0
p01,classic,layout_aware,docx,single,school,1,0,0
p01,classic,layout_aware,docx,single,grad_date,1,0,0
p01,classic,layout_aware,docx,single,gpa,1,0,0
p01,classic,layout_aware,docx,single,skills,10,0,0
p01,classic,layout_aware,docx,single,experience,2,0,0
p01,classic,naive,docx,two_column,name,1,0,0
p01,classic,naive,docx,two_column,email,1,0,0
p01,classic,naive,docx,two_column,phone,1,0,0
p01,classic,naive,docx,two_column,degree_level,1,0,0
p01,classic,naive,docx,two_column,field_of_study,1,0,0
p01,classic,naive,docx,two_column,school,1,0,0
p01,classic,naive,docx,two_column,grad_date,1,0,0
p01,classic,naive,docx,two_column,gpa,1,0,0
p01,classic,naive,docx,two_column,skills,10,0,0
p01,classic,naive,docx,two_column,experience,2,0,0
p01,classic,layout_aware,docx,two_column,name,1,0,0
p01,classic,layout_aware,docx,two_column,email,1,0,0
p01,classic,layout_aware,docx,two_column,phone,1,0,0
p01,classic,layout_aware,docx,two_column,degree_level,1,0,0
p01,classic,layout_aware,docx,two_column,field_of_study,1,0,0
p01,classic,layout_aware,docx,two_column,school,1,0,0
p01,classic,layout_aware,docx,two_column,grad_date,1,0,0
p01,classic,layout_aware,docx,two_column,gpa,1,0,0
p01,classic,layout_aware,docx,two_column,skills,10,0,0
p01,classic,layout_aware,docx,two_column,experience,2,0,0
p01,classic,naive,docx,table,name,1,0,0
p01,classic,naive,docx,table,email,1,0,0
p01,classic,naive,docx,table,phone,1,0,0
p01,classic,naive,docx,table,degree_level,1,0,0
p01,classic,naive,docx,table,field_of_study,1,0,0
p01,classic,naive,docx,table,school,1,0,0
p01,classic,naive,docx,table,grad_date,1,0,0
p01,classic,naive,docx,table,gpa,1,0,0
p01,classic,naive,docx,table,skills,10,0,0
p01,classic,naive,docx,table,experience,2,0,0
p01,classic,layout_aware,docx,table,name,1,0,0
p01,classic,layout_aware,docx,table,email,1,0,0
p01,classic,layout_aware,docx,table,phone,1,0,0
p01,classic,layout_aware,docx,table,degree_level,1,0,0
p01,classic,layout_aware,docx,table,field_of_study,1,0,0
p01,classic,layout_aware,docx,table,school,1,0,0
p01,classic,layout_aware,docx,table,grad_date,1,0,0
p01,classic,layout_aware,docx,table,gpa,1,0,0
p01,classic,layout_aware,docx,table,skills,10,0,0
p01,classic,layout_aware,docx,table,experience,2,0,0
p01,classic,naive,docx,textbox,name,1,0,0
p01,classic,naive,docx,textbox,email,0,0,1
p01,classic,naive,docx,textbox,phone,0,0,1
p01,classic,naive,docx,textbox,degree_level,1,0,0
p01,classic,naive,docx,textbox,field_of_study,1,0,0
p01,classic,naive,docx,textbox,school,1,0,0
p01,classic,naive,docx,textbox,grad_date,1,0,0
p01,classic,naive,docx,textbox,gpa,1,0,0
p01,classic,naive,docx,textbox,skills,0,0,10
p01,classic,naive,docx,textbox,experience,2,0,0
p01,classic,layout_aware,docx,textbox,name,1,0,0
p01,classic,layout_aware,docx,textbox,email,1,0,0
p01,classic,layout_aware,docx,textbox,phone,1,0,0
p01,classic,layout_aware,docx,textbox,degree_level,1,0,0
p01,classic,layout_aware,docx,textbox,field_of_study,1,0,0
p01,classic,layout_aware,docx,textbox,school,1,0,0
p01,classic,layout_aware,docx,textbox,grad_date,1,0,0
p01,classic,layout_aware,docx,textbox,gpa,1,0,0
p01,classic,layout_aware,docx,textbox,skills,10,0,0
p01,classic,layout_aware,docx,textbox,experience,2,0,0
p01,modern,naive,pdf,single,name,1,0,0
p01,modern,naive,pdf,single,email,1,0,0
p01,modern,naive,pdf,single,phone,1,0,0
p01,modern,naive,pdf,single,degree_level,1,0,0
p01,modern,naive,pdf,single,field_of_study,0,0,1
p01,modern,naive,pdf,single,school,1,0,0
p01,modern,naive,pdf,single,grad_date,1,0,0
p01,modern,naive,pdf,single,gpa,1,0,0
p01,modern,naive,pdf,single,skills,0,0,10
p01,modern,naive,pdf,single,experience,0,2,2
p01,modern,layout_aware,pdf,single,name,1,0,0
p01,modern,layout_aware,pdf,single,email,1,0,0
p01,modern,layout_aware,pdf,single,phone,1,0,0
p01,modern,layout_aware,pdf,single,degree_level,1,0,0
p01,modern,layout_aware,pdf,single,field_of_study,0,0,1
p01,modern,layout_aware,pdf,single,school,1,0,0
p01,modern,layout_aware,pdf,single,grad_date,1,0,0
p01,modern,layout_aware,pdf,single,gpa,1,0,0
p01,modern,layout_aware,pdf,single,skills,0,0,10
p01,modern,layout_aware,pdf,single,experience,0,2,2
p01,modern,naive,pdf,two_column,name,1,0,0
p01,modern,naive,pdf,two_column,email,1,0,0
p01,modern,naive,pdf,two_column,phone,1,0,0
p01,modern,naive,pdf,two_column,degree_level,1,0,0
p01,modern,naive,pdf,two_column,field_of_study,0,0,1
p01,modern,naive,pdf,two_column,school,0,1,1
p01,modern,naive,pdf,two_column,grad_date,1,0,0
p01,modern,naive,pdf,two_column,gpa,1,0,0
p01,modern,naive,pdf,two_column,skills,0,0,10
p01,modern,naive,pdf,two_column,experience,0,0,2
p01,modern,layout_aware,pdf,two_column,name,1,0,0
p01,modern,layout_aware,pdf,two_column,email,1,0,0
p01,modern,layout_aware,pdf,two_column,phone,1,0,0
p01,modern,layout_aware,pdf,two_column,degree_level,1,0,0
p01,modern,layout_aware,pdf,two_column,field_of_study,0,0,1
p01,modern,layout_aware,pdf,two_column,school,0,1,1
p01,modern,layout_aware,pdf,two_column,grad_date,1,0,0
p01,modern,layout_aware,pdf,two_column,gpa,1,0,0
p01,modern,layout_aware,pdf,two_column,skills,0,0,10
p01,modern,layout_aware,pdf,two_column,experience,0,2,2
p01,modern,naive,pdf,table,name,1,0,0
p01,modern,naive,pdf,table,email,1,0,0
p01,modern,naive,pdf,table,phone,1,0,0
p01,modern,naive,pdf,table,degree_level,0,0,1
p01,modern,naive,pdf,table,field_of_study,0,0,1
p01,modern,naive,pdf,table,school,0,0,1
p01,modern,naive,pdf,table,grad_date,0,0,1
p01,modern,naive,pdf,table,gpa,1,0,0
p01,modern,naive,pdf,table,skills,0,0,10
p01,modern,naive,pdf,table,experience,0,0,2
p01,modern,layout_aware,pdf,table,name,1,0,0
p01,modern,layout_aware,pdf,table,email,1,0,0
p01,modern,layout_aware,pdf,table,phone,1,0,0
p01,modern,layout_aware,pdf,table,degree_level,1,0,0
p01,modern,layout_aware,pdf,table,field_of_study,0,0,1
p01,modern,layout_aware,pdf,table,school,1,0,0
p01,modern,layout_aware,pdf,table,grad_date,1,0,0
p01,modern,layout_aware,pdf,table,gpa,1,0,0
p01,modern,layout_aware,pdf,table,skills,0,0,10
p01,modern,layout_aware,pdf,table,experience,0,2,2
p01,modern,naive,pdf,textbox,name,0,0,1
p01,modern,naive,pdf,textbox,email,1,0,0
p01,modern,naive,pdf,textbox,phone,1,0,0
p01,modern,naive,pdf,textbox,degree_level,1,0,0
p01,modern,naive,pdf,textbox,field_of_study,0,0,1
p01,modern,naive,pdf,textbox,school,1,0,0
p01,modern,naive,pdf,textbox,grad_date,1,0,0
p01,modern,naive,pdf,textbox,gpa,1,0,0
p01,modern,naive,pdf,textbox,skills,0,0,10
p01,modern,naive,pdf,textbox,experience,0,2,2
p01,modern,layout_aware,pdf,textbox,name,1,0,0
p01,modern,layout_aware,pdf,textbox,email,1,0,0
p01,modern,layout_aware,pdf,textbox,phone,1,0,0
p01,modern,layout_aware,pdf,textbox,degree_level,1,0,0
p01,modern,layout_aware,pdf,textbox,field_of_study,0,0,1
p01,modern,layout_aware,pdf,textbox,school,1,0,0
p01,modern,layout_aware,pdf,textbox,grad_date,1,0,0
p01,modern,layout_aware,pdf,textbox,gpa,1,0,0
p01,modern,layout_aware,pdf,textbox,skills,0,0,10
p01,modern,layout_aware,pdf,textbox,experience,0,2,2
p01,modern,naive,docx,single,name,1,0,0
p01,modern,naive,docx,single,email,1,0,0
p01,modern,naive,docx,single,phone,1,0,0
p01,modern,naive,docx,single,degree_level,1,0,0
p01,modern,naive,docx,single,field_of_study,0,0,1
p01,modern,naive,docx,single,school,1,0,0
p01,modern,naive,docx,single,grad_date,1,0,0
p01,modern,naive,docx,single,gpa,1,0,0
p01,modern,naive,docx,single,skills,0,0,10
p01,modern,naive,docx,single,experience,0,2,2
p01,modern,layout_aware,docx,single,name,1,0,0
p01,modern,layout_aware,docx,single,email,1,0,0
p01,modern,layout_aware,docx,single,phone,1,0,0
p01,modern,layout_aware,docx,single,degree_level,1,0,0
p01,modern,layout_aware,docx,single,field_of_study,0,0,1
p01,modern,layout_aware,docx,single,school,1,0,0
p01,modern,layout_aware,docx,single,grad_date,1,0,0
p01,modern,layout_aware,docx,single,gpa,1,0,0
p01,modern,layout_aware,docx,single,skills,0,0,10
p01,modern,layout_aware,docx,single,experience,0,2,2
p01,modern,naive,docx,two_column,name,1,0,0
p01,modern,naive,docx,two_column,email,1,0,0
p01,modern,naive,docx,two_column,phone,1,0,0
p01,modern,naive,docx,two_column,degree_level,1,0,0
p01,modern,naive,docx,two_column,field_of_study,0,0,1
p01,modern,naive,docx,two_column,school,1,0,0
p01,modern,naive,docx,two_column,grad_date,1,0,0
p01,modern,naive,docx,two_column,gpa,1,0,0
p01,modern,naive,docx,two_column,skills,0,0,10
p01,modern,naive,docx,two_column,experience,0,2,2
p01,modern,layout_aware,docx,two_column,name,1,0,0
p01,modern,layout_aware,docx,two_column,email,1,0,0
p01,modern,layout_aware,docx,two_column,phone,1,0,0
p01,modern,layout_aware,docx,two_column,degree_level,1,0,0
p01,modern,layout_aware,docx,two_column,field_of_study,0,0,1
p01,modern,layout_aware,docx,two_column,school,1,0,0
p01,modern,layout_aware,docx,two_column,grad_date,1,0,0
p01,modern,layout_aware,docx,two_column,gpa,1,0,0
p01,modern,layout_aware,docx,two_column,skills,0,0,10
p01,modern,layout_aware,docx,two_column,experience,0,2,2
p01,modern,naive,docx,table,name,1,0,0
p01,modern,naive,docx,table,email,1,0,0
p01,modern,naive,docx,table,phone,1,0,0
p01,modern,naive,docx,table,degree_level,1,0,0
p01,modern,naive,docx,table,field_of_study,0,0,1
p01,modern,naive,docx,table,school,1,0,0
p01,modern,naive,docx,table,grad_date,1,0,0
p01,modern,naive,docx,table,gpa,1,0,0
p01,modern,naive,docx,table,skills,0,0,10
p01,modern,naive,docx,table,experience,0,2,2
p01,modern,layout_aware,docx,table,name,1,0,0
p01,modern,layout_aware,docx,table,email,1,0,0
p01,modern,layout_aware,docx,table,phone,1,0,0
p01,modern,layout_aware,docx,table,degree_level,1,0,0
p01,modern,layout_aware,docx,table,field_of_study,0,0,1
p01,modern,layout_aware,docx,table,school,1,0,0
p01,modern,layout_aware,docx,table,grad_date,1,0,0
p01,modern,layout_aware,docx,table,gpa,1,0,0
p01,modern,layout_aware,docx,table,skills,0,0,10
p01,modern,layout_aware,docx,table,experience,0,2,2
p01,modern,naive,docx,textbox,name,1,0,0
p01,modern,naive,docx,textbox,email,0,0,1
p01,modern,naive,docx,textbox,phone,0,0,1
p01,modern,naive,docx,textbox,degree_level,1,0,0
p01,modern,naive,docx,textbox,field_of_study,0,0,1
p01,modern,naive,docx,textbox,school,1,0,0
p01,modern,naive,docx,textbox,grad_date,1,0,0
p01,modern,naive,docx,textbox,gpa,1,0,0
p01,modern,naive,docx,textbox,skills,0,0,10
p01,modern,naive,docx,textbox,experience,0,2,2
p01,modern,layout_aware,docx,textbox,name,1,0,0
p01,modern,layout_aware,docx,textbox,email,1,0,0
p01,modern,layout_aware,docx,textbox,phone,1,0,0
p01,modern,layout_aware,docx,textbox,degree_level,1,0,0
p01,modern,layout_aware,docx,textbox,field_of_study,0,0,1
p01,modern,layout_aware,docx,textbox,school,1,0,0
p01,modern,layout_aware,docx,textbox,grad_date,1,0,0
p01,modern,layout_aware,docx,textbox,gpa,1,0,0
p01,modern,layout_aware,docx,textbox,skills,0,0,10
p01,modern,layout_aware,docx,textbox,experience,0,2,2
p02,classic,naive,pdf,single,name,1,0,0
p02,classic,naive,pdf,single,email,1,0,0
p02,classic,naive,pdf,single,phone,1,0,0
p02,classic,naive,pdf,single,degree_level,1,0,0
p02,classic,naive,pdf,single,field_of_study,1,0,0
p02,classic,naive,pdf,single,school,1,0,0
p02,classic,naive,pdf,single,grad_date,1,0,0
p02,classic,naive,pdf,single,gpa,1,0,0
p02,classic,naive,pdf,single,skills,8,0,0
p02,classic,naive,pdf,single,experience,2,0,0
p02,classic,layout_aware,pdf,single,name,1,0,0
p02,classic,layout_aware,pdf,single,email,1,0,0
p02,classic,layout_aware,pdf,single,phone,1,0,0
p02,classic,layout_aware,pdf,single,degree_level,1,0,0
p02,classic,layout_aware,pdf,single,field_of_study,1,0,0
p02,classic,layout_aware,pdf,single,school,1,0,0
p02,classic,layout_aware,pdf,single,grad_date,1,0,0
p02,classic,layout_aware,pdf,single,gpa,1,0,0
p02,classic,layout_aware,pdf,single,skills,8,0,0
p02,classic,layout_aware,pdf,single,experience,2,0,0
p02,classic,naive,pdf,two_column,name,1,0,0
p02,classic,naive,pdf,two_column,email,1,0,0
p02,classic,naive,pdf,two_column,phone,1,0,0
p02,classic,naive,pdf,two_column,degree_level,1,0,0
p02,classic,naive,pdf,two_column,field_of_study,1,0,0
p02,classic,naive,pdf,two_column,school,1,0,0
p02,classic,naive,pdf,two_column,grad_date,1,0,0
p02,classic,naive,pdf,two_column,gpa,1,0,0
p02,classic,naive,pdf,two_column,skills,0,0,8
p02,classic,naive,pdf,two_column,experience,0,0,2
p02,classic,layout_aware,pdf,two_column,name,1,0,0
p02,classic,layout_aware,pdf,two_column,email,1,0,0
p02,classic,layout_aware,pdf,two_column,phone,1,0,0
p02,classic,layout_aware,pdf,two_column,degree_level,1,0,0
p02,classic,layout_aware,pdf,two_column,field_of_study,1,0,0
p02,classic,layout_aware,pdf,two_column,school,1,0,0
p02,classic,layout_aware,pdf,two_column,grad_date,1,0,0
p02,classic,layout_aware,pdf,two_column,gpa,1,0,0
p02,classic,layout_aware,pdf,two_column,skills,8,0,0
p02,classic,layout_aware,pdf,two_column,experience,2,0,0
p02,classic,naive,pdf,table,name,1,0,0
p02,classic,naive,pdf,table,email,1,0,0
p02,classic,naive,pdf,table,phone,1,0,0
p02,classic,naive,pdf,table,degree_level,0,0,1
p02,classic,naive,pdf,table,field_of_study,0,0,1
p02,classic,naive,pdf,table,school,0,0,1
p02,classic,naive,pdf,table,grad_date,0,0,1
p02,classic,naive,pdf,table,gpa,1,0,0
p02,classic,naive,pdf,table,skills,0,0,8
p02,classic,naive,pdf,table,experience,0,0,2
p02,classic,layout_aware,pdf,table,name,1,0,0
p02,classic,layout_aware,pdf,table,email,1,0,0
p02,classic,layout_aware,pdf,table,phone,1,0,0
p02,classic,layout_aware,pdf,table,degree_level,1,0,0
p02,classic,layout_aware,pdf,table,field_of_study,1,0,0
p02,classic,layout_aware,pdf,table,school,1,0,0
p02,classic,layout_aware,pdf,table,grad_date,1,0,0
p02,classic,layout_aware,pdf,table,gpa,1,0,0
p02,classic,layout_aware,pdf,table,skills,8,0,0
p02,classic,layout_aware,pdf,table,experience,2,0,0
p02,classic,naive,pdf,textbox,name,0,0,1
p02,classic,naive,pdf,textbox,email,1,0,0
p02,classic,naive,pdf,textbox,phone,1,0,0
p02,classic,naive,pdf,textbox,degree_level,1,0,0
p02,classic,naive,pdf,textbox,field_of_study,1,0,0
p02,classic,naive,pdf,textbox,school,1,0,0
p02,classic,naive,pdf,textbox,grad_date,1,0,0
p02,classic,naive,pdf,textbox,gpa,1,0,0
p02,classic,naive,pdf,textbox,skills,0,0,8
p02,classic,naive,pdf,textbox,experience,2,0,0
p02,classic,layout_aware,pdf,textbox,name,1,0,0
p02,classic,layout_aware,pdf,textbox,email,1,0,0
p02,classic,layout_aware,pdf,textbox,phone,1,0,0
p02,classic,layout_aware,pdf,textbox,degree_level,1,0,0
p02,classic,layout_aware,pdf,textbox,field_of_study,1,0,0
p02,classic,layout_aware,pdf,textbox,school,1,0,0
p02,classic,layout_aware,pdf,textbox,grad_date,1,0,0
p02,classic,layout_aware,pdf,textbox,gpa,1,0,0
p02,classic,layout_aware,pdf,textbox,skills,8,0,0
p02,classic,layout_aware,pdf,textbox,experience,2,0,0
p02,classic,naive,docx,single,name,1,0,0
p02,classic,naive,docx,single,email,1,0,0
p02,classic,naive,docx,single,phone,1,0,0
p02,classic,naive,docx,single,degree_level,1,0,0
p02,classic,naive,docx,single,field_of_study,1,0,0
p02,classic,naive,docx,single,school,1,0,0
p02,classic,naive,docx,single,grad_date,1,0,0
p02,classic,naive,docx,single,gpa,1,0,0
p02,classic,naive,docx,single,skills,8,0,0
p02,classic,naive,docx,single,experience,2,0,0
p02,classic,layout_aware,docx,single,name,1,0,0
p02,classic,layout_aware,docx,single,email,1,0,0
p02,classic,layout_aware,docx,single,phone,1,0,0
p02,classic,layout_aware,docx,single,degree_level,1,0,0
p02,classic,layout_aware,docx,single,field_of_study,1,0,0
p02,classic,layout_aware,docx,single,school,1,0,0
p02,classic,layout_aware,docx,single,grad_date,1,0,0
p02,classic,layout_aware,docx,single,gpa,1,0,0
p02,classic,layout_aware,docx,single,skills,8,0,0
p02,classic,layout_aware,docx,single,experience,2,0,0
p02,classic,naive,docx,two_column,name,1,0,0
p02,classic,naive,docx,two_column,email,1,0,0
p02,classic,naive,docx,two_column,phone,1,0,0
p02,classic,naive,docx,two_column,degree_level,1,0,0
p02,classic,naive,docx,two_column,field_of_study,1,0,0
p02,classic,naive,docx,two_column,school,1,0,0
p02,classic,naive,docx,two_column,grad_date,1,0,0
p02,classic,naive,docx,two_column,gpa,1,0,0
p02,classic,naive,docx,two_column,skills,8,0,0
p02,classic,naive,docx,two_column,experience,2,0,0
p02,classic,layout_aware,docx,two_column,name,1,0,0
p02,classic,layout_aware,docx,two_column,email,1,0,0
p02,classic,layout_aware,docx,two_column,phone,1,0,0
p02,classic,layout_aware,docx,two_column,degree_level,1,0,0
p02,classic,layout_aware,docx,two_column,field_of_study,1,0,0
p02,classic,layout_aware,docx,two_column,school,1,0,0
p02,classic,layout_aware,docx,two_column,grad_date,1,0,0
p02,classic,layout_aware,docx,two_column,gpa,1,0,0
p02,classic,layout_aware,docx,two_column,skills,8,0,0
p02,classic,layout_aware,docx,two_column,experience,2,0,0
p02,classic,naive,docx,table,name,1,0,0
p02,classic,naive,docx,table,email,1,0,0
p02,classic,naive,docx,table,phone,1,0,0
p02,classic,naive,docx,table,degree_level,1,0,0
p02,classic,naive,docx,table,field_of_study,1,0,0
p02,classic,naive,docx,table,school,1,0,0
p02,classic,naive,docx,table,grad_date,1,0,0
p02,classic,naive,docx,table,gpa,1,0,0
p02,classic,naive,docx,table,skills,8,0,0
p02,classic,naive,docx,table,experience,2,0,0
p02,classic,layout_aware,docx,table,name,1,0,0
p02,classic,layout_aware,docx,table,email,1,0,0
p02,classic,layout_aware,docx,table,phone,1,0,0
p02,classic,layout_aware,docx,table,degree_level,1,0,0
p02,classic,layout_aware,docx,table,field_of_study,1,0,0
p02,classic,layout_aware,docx,table,school,1,0,0
p02,classic,layout_aware,docx,table,grad_date,1,0,0
p02,classic,layout_aware,docx,table,gpa,1,0,0
p02,classic,layout_aware,docx,table,skills,8,0,0
p02,classic,layout_aware,docx,table,experience,2,0,0
p02,classic,naive,docx,textbox,name,1,0,0
p02,classic,naive,docx,textbox,email,0,0,1
p02,classic,naive,docx,textbox,phone,0,0,1
p02,classic,naive,docx,textbox,degree_level,1,0,0
p02,classic,naive,docx,textbox,field_of_study,1,0,0
p02,classic,naive,docx,textbox,school,1,0,0
p02,classic,naive,docx,textbox,grad_date,1,0,0
p02,classic,naive,docx,textbox,gpa,1,0,0
p02,classic,naive,docx,textbox,skills,0,0,8
p02,classic,naive,docx,textbox,experience,2,0,0
p02,classic,layout_aware,docx,textbox,name,1,0,0
p02,classic,layout_aware,docx,textbox,email,1,0,0
p02,classic,layout_aware,docx,textbox,phone,1,0,0
p02,classic,layout_aware,docx,textbox,degree_level,1,0,0
p02,classic,layout_aware,docx,textbox,field_of_study,1,0,0
p02,classic,layout_aware,docx,textbox,school,1,0,0
p02,classic,layout_aware,docx,textbox,grad_date,1,0,0
p02,classic,layout_aware,docx,textbox,gpa,1,0,0
p02,classic,layout_aware,docx,textbox,skills,8,0,0
p02,classic,layout_aware,docx,textbox,experience,2,0,0
p02,modern,naive,pdf,single,name,1,0,0
p02,modern,naive,pdf,single,email,1,0,0
p02,modern,naive,pdf,single,phone,1,0,0
p02,modern,naive,pdf,single,degree_level,1,0,0
p02,modern,naive,pdf,single,field_of_study,0,0,1
p02,modern,naive,pdf,single,school,1,0,0
p02,modern,naive,pdf,single,grad_date,1,0,0
p02,modern,naive,pdf,single,gpa,1,0,0
p02,modern,naive,pdf,single,skills,0,0,8
p02,modern,naive,pdf,single,experience,0,2,2
p02,modern,layout_aware,pdf,single,name,1,0,0
p02,modern,layout_aware,pdf,single,email,1,0,0
p02,modern,layout_aware,pdf,single,phone,1,0,0
p02,modern,layout_aware,pdf,single,degree_level,1,0,0
p02,modern,layout_aware,pdf,single,field_of_study,0,0,1
p02,modern,layout_aware,pdf,single,school,1,0,0
p02,modern,layout_aware,pdf,single,grad_date,1,0,0
p02,modern,layout_aware,pdf,single,gpa,1,0,0
p02,modern,layout_aware,pdf,single,skills,0,0,8
p02,modern,layout_aware,pdf,single,experience,0,2,2
p02,modern,naive,pdf,two_column,name,1,0,0
p02,modern,naive,pdf,two_column,email,1,0,0
p02,modern,naive,pdf,two_column,phone,1,0,0
p02,modern,naive,pdf,two_column,degree_level,1,0,0
p02,modern,naive,pdf,two_column,field_of_study,0,0,1
p02,modern,naive,pdf,two_column,school,1,0,0
p02,modern,naive,pdf,two_column,grad_date,1,0,0
p02,modern,naive,pdf,two_column,gpa,1,0,0
p02,modern,naive,pdf,two_column,skills,0,0,8
p02,modern,naive,pdf,two_column,experience,0,1,2
p02,modern,layout_aware,pdf,two_column,name,1,0,0
p02,modern,layout_aware,pdf,two_column,email,1,0,0
p02,modern,layout_aware,pdf,two_column,phone,1,0,0
p02,modern,layout_aware,pdf,two_column,degree_level,1,0,0
p02,modern,layout_aware,pdf,two_column,field_of_study,0,0,1
p02,modern,layout_aware,pdf,two_column,school,1,0,0
p02,modern,layout_aware,pdf,two_column,grad_date,1,0,0
p02,modern,layout_aware,pdf,two_column,gpa,1,0,0
p02,modern,layout_aware,pdf,two_column,skills,0,0,8
p02,modern,layout_aware,pdf,two_column,experience,0,2,2
p02,modern,naive,pdf,table,name,1,0,0
p02,modern,naive,pdf,table,email,1,0,0
p02,modern,naive,pdf,table,phone,1,0,0
p02,modern,naive,pdf,table,degree_level,0,0,1
p02,modern,naive,pdf,table,field_of_study,0,0,1
p02,modern,naive,pdf,table,school,0,0,1
p02,modern,naive,pdf,table,grad_date,0,0,1
p02,modern,naive,pdf,table,gpa,1,0,0
p02,modern,naive,pdf,table,skills,0,0,8
p02,modern,naive,pdf,table,experience,0,0,2
p02,modern,layout_aware,pdf,table,name,1,0,0
p02,modern,layout_aware,pdf,table,email,1,0,0
p02,modern,layout_aware,pdf,table,phone,1,0,0
p02,modern,layout_aware,pdf,table,degree_level,1,0,0
p02,modern,layout_aware,pdf,table,field_of_study,0,0,1
p02,modern,layout_aware,pdf,table,school,1,0,0
p02,modern,layout_aware,pdf,table,grad_date,1,0,0
p02,modern,layout_aware,pdf,table,gpa,1,0,0
p02,modern,layout_aware,pdf,table,skills,0,0,8
p02,modern,layout_aware,pdf,table,experience,0,2,2
p02,modern,naive,pdf,textbox,name,0,0,1
p02,modern,naive,pdf,textbox,email,1,0,0
p02,modern,naive,pdf,textbox,phone,1,0,0
p02,modern,naive,pdf,textbox,degree_level,0,0,1
p02,modern,naive,pdf,textbox,field_of_study,0,0,1
p02,modern,naive,pdf,textbox,school,0,0,1
p02,modern,naive,pdf,textbox,grad_date,0,0,1
p02,modern,naive,pdf,textbox,gpa,1,0,0
p02,modern,naive,pdf,textbox,skills,0,0,8
p02,modern,naive,pdf,textbox,experience,0,2,2
p02,modern,layout_aware,pdf,textbox,name,1,0,0
p02,modern,layout_aware,pdf,textbox,email,1,0,0
p02,modern,layout_aware,pdf,textbox,phone,1,0,0
p02,modern,layout_aware,pdf,textbox,degree_level,1,0,0
p02,modern,layout_aware,pdf,textbox,field_of_study,0,0,1
p02,modern,layout_aware,pdf,textbox,school,1,0,0
p02,modern,layout_aware,pdf,textbox,grad_date,1,0,0
p02,modern,layout_aware,pdf,textbox,gpa,1,0,0
p02,modern,layout_aware,pdf,textbox,skills,0,0,8
p02,modern,layout_aware,pdf,textbox,experience,0,2,2
p02,modern,naive,docx,single,name,1,0,0
p02,modern,naive,docx,single,email,1,0,0
p02,modern,naive,docx,single,phone,1,0,0
p02,modern,naive,docx,single,degree_level,1,0,0
p02,modern,naive,docx,single,field_of_study,0,0,1
p02,modern,naive,docx,single,school,1,0,0
p02,modern,naive,docx,single,grad_date,1,0,0
p02,modern,naive,docx,single,gpa,1,0,0
p02,modern,naive,docx,single,skills,0,0,8
p02,modern,naive,docx,single,experience,0,2,2
p02,modern,layout_aware,docx,single,name,1,0,0
p02,modern,layout_aware,docx,single,email,1,0,0
p02,modern,layout_aware,docx,single,phone,1,0,0
p02,modern,layout_aware,docx,single,degree_level,1,0,0
p02,modern,layout_aware,docx,single,field_of_study,0,0,1
p02,modern,layout_aware,docx,single,school,1,0,0
p02,modern,layout_aware,docx,single,grad_date,1,0,0
p02,modern,layout_aware,docx,single,gpa,1,0,0
p02,modern,layout_aware,docx,single,skills,0,0,8
p02,modern,layout_aware,docx,single,experience,0,2,2
p02,modern,naive,docx,two_column,name,1,0,0
p02,modern,naive,docx,two_column,email,1,0,0
p02,modern,naive,docx,two_column,phone,1,0,0
p02,modern,naive,docx,two_column,degree_level,1,0,0
p02,modern,naive,docx,two_column,field_of_study,0,0,1
p02,modern,naive,docx,two_column,school,1,0,0
p02,modern,naive,docx,two_column,grad_date,1,0,0
p02,modern,naive,docx,two_column,gpa,1,0,0
p02,modern,naive,docx,two_column,skills,0,0,8
p02,modern,naive,docx,two_column,experience,0,2,2
p02,modern,layout_aware,docx,two_column,name,1,0,0
p02,modern,layout_aware,docx,two_column,email,1,0,0
p02,modern,layout_aware,docx,two_column,phone,1,0,0
p02,modern,layout_aware,docx,two_column,degree_level,1,0,0
p02,modern,layout_aware,docx,two_column,field_of_study,0,0,1
p02,modern,layout_aware,docx,two_column,school,1,0,0
p02,modern,layout_aware,docx,two_column,grad_date,1,0,0
p02,modern,layout_aware,docx,two_column,gpa,1,0,0
p02,modern,layout_aware,docx,two_column,skills,0,0,8
p02,modern,layout_aware,docx,two_column,experience,0,2,2
p02,modern,naive,docx,table,name,1,0,0
p02,modern,naive,docx,table,email,1,0,0
p02,modern,naive,docx,table,phone,1,0,0
p02,modern,naive,docx,table,degree_level,1,0,0
p02,modern,naive,docx,table,field_of_study,0,0,1
p02,modern,naive,docx,table,school,1,0,0
p02,modern,naive,docx,table,grad_date,1,0,0
p02,modern,naive,docx,table,gpa,1,0,0
p02,modern,naive,docx,table,skills,0,0,8
p02,modern,naive,docx,table,experience,0,2,2
p02,modern,layout_aware,docx,table,name,1,0,0
p02,modern,layout_aware,docx,table,email,1,0,0
p02,modern,layout_aware,docx,table,phone,1,0,0
p02,modern,layout_aware,docx,table,degree_level,1,0,0
p02,modern,layout_aware,docx,table,field_of_study,0,0,1
p02,modern,layout_aware,docx,table,school,1,0,0
p02,modern,layout_aware,docx,table,grad_date,1,0,0
p02,modern,layout_aware,docx,table,gpa,1,0,0
p02,modern,layout_aware,docx,table,skills,0,0,8
p02,modern,layout_aware,docx,table,experience,0,2,2
p02,modern,naive,docx,textbox,name,1,0,0
p02,modern,naive,docx,textbox,email,0,0,1
p02,modern,naive,docx,textbox,phone,0,0,1
p02,modern,naive,docx,textbox,degree_level,1,0,0
p02,modern,naive,docx,textbox,field_of_study,0,0,1
p02,modern,naive,docx,textbox,school,1,0,0
p02,modern,naive,docx,textbox,grad_date,1,0,0
p02,modern,naive,docx,textbox,gpa,1,0,0
p02,modern,naive,docx,textbox,skills,0,0,8
p02,modern,naive,docx,textbox,experience,0,2,2
p02,modern,layout_aware,docx,textbox,name,1,0,0
p02,modern,layout_aware,docx,textbox,email,1,0,0
p02,modern,layout_aware,docx,textbox,phone,1,0,0
p02,modern,layout_aware,docx,textbox,degree_level,1,0,0
p02,modern,layout_aware,docx,textbox,field_of_study,0,0,1
p02,modern,layout_aware,docx,textbox,school,1,0,0
p02,modern,layout_aware,docx,textbox,grad_date,1,0,0
p02,modern,layout_aware,docx,textbox,gpa,1,0,0
p02,modern,layout_aware,docx,textbox,skills,0,0,8
p02,modern,layout_aware,docx,textbox,experience,0,2,2
p03,classic,naive,pdf,single,name,1,0,0
p03,classic,naive,pdf,single,email,1,0,0
p03,classic,naive,pdf,single,phone,1,0,0
p03,classic,naive,pdf,single,degree_level,1,0,0
p03,classic,naive,pdf,single,field_of_study,1,0,0
p03,classic,naive,pdf,single,school,1,0,0
p03,classic,naive,pdf,single,grad_date,1,0,0
p03,classic,naive,pdf,single,gpa,1,0,0
p03,classic,naive,pdf,single,skills,9,0,0
p03,classic,naive,pdf,single,experience,2,0,0
p03,classic,layout_aware,pdf,single,name,1,0,0
p03,classic,layout_aware,pdf,single,email,1,0,0
p03,classic,layout_aware,pdf,single,phone,1,0,0
p03,classic,layout_aware,pdf,single,degree_level,1,0,0
p03,classic,layout_aware,pdf,single,field_of_study,1,0,0
p03,classic,layout_aware,pdf,single,school,1,0,0
p03,classic,layout_aware,pdf,single,grad_date,1,0,0
p03,classic,layout_aware,pdf,single,gpa,1,0,0
p03,classic,layout_aware,pdf,single,skills,9,0,0
p03,classic,layout_aware,pdf,single,experience,2,0,0
p03,classic,naive,pdf,two_column,name,1,0,0
p03,classic,naive,pdf,two_column,email,1,0,0
p03,classic,naive,pdf,two_column,phone,1,0,0
p03,classic,naive,pdf,two_column,degree_level,1,0,0
p03,classic,naive,pdf,two_column,field_of_study,1,0,0
p03,classic,naive,pdf,two_column,school,1,0,0
p03,classic,naive,pdf,two_column,grad_date,1,0,0
p03,classic,naive,pdf,two_column,gpa,1,0,0
p03,classic,naive,pdf,two_column,skills,7,2,2
p03,classic,naive,pdf,two_column,experience,0,0,2
p03,classic,layout_aware,pdf,two_column,name,1,0,0
p03,classic,layout_aware,pdf,two_column,email,1,0,0
p03,classic,layout_aware,pdf,two_column,phone,1,0,0
p03,classic,layout_aware,pdf,two_column,degree_level,1,0,0
p03,classic,layout_aware,pdf,two_column,field_of_study,1,0,0
p03,classic,layout_aware,pdf,two_column,school,1,0,0
p03,classic,layout_aware,pdf,two_column,grad_date,1,0,0
p03,classic,layout_aware,pdf,two_column,gpa,1,0,0
p03,classic,layout_aware,pdf,two_column,skills,9,0,0
p03,classic,layout_aware,pdf,two_column,experience,1,0,1
p03,classic,naive,pdf,table,name,1,0,0
p03,classic,naive,pdf,table,email,1,0,0
p03,classic,naive,pdf,table,phone,1,0,0
p03,classic,naive,pdf,table,degree_level,0,0,1
p03,classic,naive,pdf,table,field_of_study,0,0,1
p03,classic,naive,pdf,table,school,0,0,1
p03,classic,naive,pdf,table,grad_date,0,0,1
p03,classic,naive,pdf,table,gpa,1,0,0
p03,classic,naive,pdf,table,skills,0,0,9
p03,classic,naive,pdf,table,experience,0,0,2
p03,classic,layout_aware,pdf,table,name,1,0,0
p03,classic,layout_aware,pdf,table,email,1,0,0
p03,classic,layout_aware,pdf,table,phone,1,0,0
p03,classic,layout_aware,pdf,table,degree_level,1,0,0
p03,classic,layout_aware,pdf,table,field_of_study,1,0,0
p03,classic,layout_aware,pdf,table,school,1,0,0
p03,classic,layout_aware,pdf,table,grad_date,1,0,0
p03,classic,layout_aware,pdf,table,gpa,1,0,0
p03,classic,layout_aware,pdf,table,skills,9,0,0
p03,classic,layout_aware,pdf,table,experience,2,0,0
p03,classic,naive,pdf,textbox,name,0,0,1
p03,classic,naive,pdf,textbox,email,1,0,0
p03,classic,naive,pdf,textbox,phone,1,0,0
p03,classic,naive,pdf,textbox,degree_level,1,0,0
p03,classic,naive,pdf,textbox,field_of_study,1,0,0
p03,classic,naive,pdf,textbox,school,1,0,0
p03,classic,naive,pdf,textbox,grad_date,1,0,0
p03,classic,naive,pdf,textbox,gpa,1,0,0
p03,classic,naive,pdf,textbox,skills,0,0,9
p03,classic,naive,pdf,textbox,experience,1,0,1
p03,classic,layout_aware,pdf,textbox,name,1,0,0
p03,classic,layout_aware,pdf,textbox,email,1,0,0
p03,classic,layout_aware,pdf,textbox,phone,1,0,0
p03,classic,layout_aware,pdf,textbox,degree_level,1,0,0
p03,classic,layout_aware,pdf,textbox,field_of_study,1,0,0
p03,classic,layout_aware,pdf,textbox,school,1,0,0
p03,classic,layout_aware,pdf,textbox,grad_date,1,0,0
p03,classic,layout_aware,pdf,textbox,gpa,1,0,0
p03,classic,layout_aware,pdf,textbox,skills,9,0,0
p03,classic,layout_aware,pdf,textbox,experience,1,0,1
p03,classic,naive,docx,single,name,1,0,0
p03,classic,naive,docx,single,email,1,0,0
p03,classic,naive,docx,single,phone,1,0,0
p03,classic,naive,docx,single,degree_level,1,0,0
p03,classic,naive,docx,single,field_of_study,1,0,0
p03,classic,naive,docx,single,school,1,0,0
p03,classic,naive,docx,single,grad_date,1,0,0
p03,classic,naive,docx,single,gpa,1,0,0
p03,classic,naive,docx,single,skills,9,0,0
p03,classic,naive,docx,single,experience,2,0,0
p03,classic,layout_aware,docx,single,name,1,0,0
p03,classic,layout_aware,docx,single,email,1,0,0
p03,classic,layout_aware,docx,single,phone,1,0,0
p03,classic,layout_aware,docx,single,degree_level,1,0,0
p03,classic,layout_aware,docx,single,field_of_study,1,0,0
p03,classic,layout_aware,docx,single,school,1,0,0
p03,classic,layout_aware,docx,single,grad_date,1,0,0
p03,classic,layout_aware,docx,single,gpa,1,0,0
p03,classic,layout_aware,docx,single,skills,9,0,0
p03,classic,layout_aware,docx,single,experience,2,0,0
p03,classic,naive,docx,two_column,name,1,0,0
p03,classic,naive,docx,two_column,email,1,0,0
p03,classic,naive,docx,two_column,phone,1,0,0
p03,classic,naive,docx,two_column,degree_level,1,0,0
p03,classic,naive,docx,two_column,field_of_study,1,0,0
p03,classic,naive,docx,two_column,school,1,0,0
p03,classic,naive,docx,two_column,grad_date,1,0,0
p03,classic,naive,docx,two_column,gpa,1,0,0
p03,classic,naive,docx,two_column,skills,9,0,0
p03,classic,naive,docx,two_column,experience,2,0,0
p03,classic,layout_aware,docx,two_column,name,1,0,0
p03,classic,layout_aware,docx,two_column,email,1,0,0
p03,classic,layout_aware,docx,two_column,phone,1,0,0
p03,classic,layout_aware,docx,two_column,degree_level,1,0,0
p03,classic,layout_aware,docx,two_column,field_of_study,1,0,0
p03,classic,layout_aware,docx,two_column,school,1,0,0
p03,classic,layout_aware,docx,two_column,grad_date,1,0,0
p03,classic,layout_aware,docx,two_column,gpa,1,0,0
p03,classic,layout_aware,docx,two_column,skills,9,0,0
p03,classic,layout_aware,docx,two_column,experience,2,0,0
p03,classic,naive,docx,table,name,1,0,0
p03,classic,naive,docx,table,email,1,0,0
p03,classic,naive,docx,table,phone,1,0,0
p03,classic,naive,docx,table,degree_level,1,0,0
p03,classic,naive,docx,table,field_of_study,1,0,0
p03,classic,naive,docx,table,school,1,0,0
p03,classic,naive,docx,table,grad_date,1,0,0
p03,classic,naive,docx,table,gpa,1,0,0
p03,classic,naive,docx,table,skills,9,0,0
p03,classic,naive,docx,table,experience,2,0,0
p03,classic,layout_aware,docx,table,name,1,0,0
p03,classic,layout_aware,docx,table,email,1,0,0
p03,classic,layout_aware,docx,table,phone,1,0,0
p03,classic,layout_aware,docx,table,degree_level,1,0,0
p03,classic,layout_aware,docx,table,field_of_study,1,0,0
p03,classic,layout_aware,docx,table,school,1,0,0
p03,classic,layout_aware,docx,table,grad_date,1,0,0
p03,classic,layout_aware,docx,table,gpa,1,0,0
p03,classic,layout_aware,docx,table,skills,9,0,0
p03,classic,layout_aware,docx,table,experience,2,0,0
p03,classic,naive,docx,textbox,name,1,0,0
p03,classic,naive,docx,textbox,email,0,0,1
p03,classic,naive,docx,textbox,phone,0,0,1
p03,classic,naive,docx,textbox,degree_level,1,0,0
p03,classic,naive,docx,textbox,field_of_study,1,0,0
p03,classic,naive,docx,textbox,school,1,0,0
p03,classic,naive,docx,textbox,grad_date,1,0,0
p03,classic,naive,docx,textbox,gpa,1,0,0
p03,classic,naive,docx,textbox,skills,0,0,9
p03,classic,naive,docx,textbox,experience,2,0,0
p03,classic,layout_aware,docx,textbox,name,1,0,0
p03,classic,layout_aware,docx,textbox,email,1,0,0
p03,classic,layout_aware,docx,textbox,phone,1,0,0
p03,classic,layout_aware,docx,textbox,degree_level,1,0,0
p03,classic,layout_aware,docx,textbox,field_of_study,1,0,0
p03,classic,layout_aware,docx,textbox,school,1,0,0
p03,classic,layout_aware,docx,textbox,grad_date,1,0,0
p03,classic,layout_aware,docx,textbox,gpa,1,0,0
p03,classic,layout_aware,docx,textbox,skills,9,0,0
p03,classic,layout_aware,docx,textbox,experience,2,0,0
p03,modern,naive,pdf,single,name,1,0,0
p03,modern,naive,pdf,single,email,1,0,0
p03,modern,naive,pdf,single,phone,1,0,0
p03,modern,naive,pdf,single,degree_level,1,0,0
p03,modern,naive,pdf,single,field_of_study,0,0,1
p03,modern,naive,pdf,single,school,0,1,1
p03,modern,naive,pdf,single,grad_date,1,0,0
p03,modern,naive,pdf,single,gpa,1,0,0
p03,modern,naive,pdf,single,skills,0,0,9
p03,modern,naive,pdf,single,experience,0,2,2
p03,modern,layout_aware,pdf,single,name,1,0,0
p03,modern,layout_aware,pdf,single,email,1,0,0
p03,modern,layout_aware,pdf,single,phone,1,0,0
p03,modern,layout_aware,pdf,single,degree_level,1,0,0
p03,modern,layout_aware,pdf,single,field_of_study,0,0,1
p03,modern,layout_aware,pdf,single,school,0,1,1
p03,modern,layout_aware,pdf,single,grad_date,1,0,0
p03,modern,layout_aware,pdf,single,gpa,1,0,0
p03,modern,layout_aware,pdf,single,skills,0,0,9
p03,modern,layout_aware,pdf,single,experience,0,2,2
p03,modern,naive,pdf,two_column,name,1,0,0
p03,modern,naive,pdf,two_column,email,1,0,0
p03,modern,naive,pdf,two_column,phone,1,0,0
p03,modern,naive,pdf,two_column,degree_level,1,0,0
p03,modern,naive,pdf,two_column,field_of_study,0,0,1
p03,modern,naive,pdf,two_column,school,0,1,1
p03,modern,naive,pdf,two_column,grad_date,1,0,0
p03,modern,naive,pdf,two_column,gpa,1,0,0
p03,modern,naive,pdf,two_column,skills,0,0,9
p03,modern,naive,pdf,two_column,experience,0,0,2
p03,modern,layout_aware,pdf,two_column,name,1,0,0
p03,modern,layout_aware,pdf,two_column,email,1,0,0
p03,modern,layout_aware,pdf,two_column,phone,1,0,0
p03,modern,layout_aware,pdf,two_column,degree_level,1,0,0
p03,modern,layout_aware,pdf,two_column,field_of_study,0,0,1
p03,modern,layout_aware,pdf,two_column,school,0,1,1
p03,modern,layout_aware,pdf,two_column,grad_date,1,0,0
p03,modern,layout_aware,pdf,two_column,gpa,1,0,0
p03,modern,layout_aware,pdf,two_column,skills,0,0,9
p03,modern,layout_aware,pdf,two_column,experience,0,2,2
p03,modern,naive,pdf,table,name,1,0,0
p03,modern,naive,pdf,table,email,1,0,0
p03,modern,naive,pdf,table,phone,1,0,0
p03,modern,naive,pdf,table,degree_level,0,0,1
p03,modern,naive,pdf,table,field_of_study,0,0,1
p03,modern,naive,pdf,table,school,0,0,1
p03,modern,naive,pdf,table,grad_date,0,0,1
p03,modern,naive,pdf,table,gpa,1,0,0
p03,modern,naive,pdf,table,skills,0,0,9
p03,modern,naive,pdf,table,experience,0,0,2
p03,modern,layout_aware,pdf,table,name,1,0,0
p03,modern,layout_aware,pdf,table,email,1,0,0
p03,modern,layout_aware,pdf,table,phone,1,0,0
p03,modern,layout_aware,pdf,table,degree_level,1,0,0
p03,modern,layout_aware,pdf,table,field_of_study,0,0,1
p03,modern,layout_aware,pdf,table,school,0,1,1
p03,modern,layout_aware,pdf,table,grad_date,1,0,0
p03,modern,layout_aware,pdf,table,gpa,1,0,0
p03,modern,layout_aware,pdf,table,skills,0,0,9
p03,modern,layout_aware,pdf,table,experience,0,2,2
p03,modern,naive,pdf,textbox,name,0,0,1
p03,modern,naive,pdf,textbox,email,1,0,0
p03,modern,naive,pdf,textbox,phone,1,0,0
p03,modern,naive,pdf,textbox,degree_level,0,0,1
p03,modern,naive,pdf,textbox,field_of_study,0,0,1
p03,modern,naive,pdf,textbox,school,0,0,1
p03,modern,naive,pdf,textbox,grad_date,0,0,1
p03,modern,naive,pdf,textbox,gpa,1,0,0
p03,modern,naive,pdf,textbox,skills,0,0,9
p03,modern,naive,pdf,textbox,experience,0,2,2
p03,modern,layout_aware,pdf,textbox,name,1,0,0
p03,modern,layout_aware,pdf,textbox,email,1,0,0
p03,modern,layout_aware,pdf,textbox,phone,1,0,0
p03,modern,layout_aware,pdf,textbox,degree_level,1,0,0
p03,modern,layout_aware,pdf,textbox,field_of_study,0,0,1
p03,modern,layout_aware,pdf,textbox,school,0,1,1
p03,modern,layout_aware,pdf,textbox,grad_date,1,0,0
p03,modern,layout_aware,pdf,textbox,gpa,1,0,0
p03,modern,layout_aware,pdf,textbox,skills,0,0,9
p03,modern,layout_aware,pdf,textbox,experience,0,2,2
p03,modern,naive,docx,single,name,1,0,0
p03,modern,naive,docx,single,email,1,0,0
p03,modern,naive,docx,single,phone,1,0,0
p03,modern,naive,docx,single,degree_level,1,0,0
p03,modern,naive,docx,single,field_of_study,0,0,1
p03,modern,naive,docx,single,school,0,1,1
p03,modern,naive,docx,single,grad_date,1,0,0
p03,modern,naive,docx,single,gpa,1,0,0
p03,modern,naive,docx,single,skills,0,0,9
p03,modern,naive,docx,single,experience,0,2,2
p03,modern,layout_aware,docx,single,name,1,0,0
p03,modern,layout_aware,docx,single,email,1,0,0
p03,modern,layout_aware,docx,single,phone,1,0,0
p03,modern,layout_aware,docx,single,degree_level,1,0,0
p03,modern,layout_aware,docx,single,field_of_study,0,0,1
p03,modern,layout_aware,docx,single,school,0,1,1
p03,modern,layout_aware,docx,single,grad_date,1,0,0
p03,modern,layout_aware,docx,single,gpa,1,0,0
p03,modern,layout_aware,docx,single,skills,0,0,9
p03,modern,layout_aware,docx,single,experience,0,2,2
p03,modern,naive,docx,two_column,name,1,0,0
p03,modern,naive,docx,two_column,email,1,0,0
p03,modern,naive,docx,two_column,phone,1,0,0
p03,modern,naive,docx,two_column,degree_level,1,0,0
p03,modern,naive,docx,two_column,field_of_study,0,0,1
p03,modern,naive,docx,two_column,school,0,1,1
p03,modern,naive,docx,two_column,grad_date,1,0,0
p03,modern,naive,docx,two_column,gpa,1,0,0
p03,modern,naive,docx,two_column,skills,0,0,9
p03,modern,naive,docx,two_column,experience,0,2,2
p03,modern,layout_aware,docx,two_column,name,1,0,0
p03,modern,layout_aware,docx,two_column,email,1,0,0
p03,modern,layout_aware,docx,two_column,phone,1,0,0
p03,modern,layout_aware,docx,two_column,degree_level,1,0,0
p03,modern,layout_aware,docx,two_column,field_of_study,0,0,1
p03,modern,layout_aware,docx,two_column,school,0,1,1
p03,modern,layout_aware,docx,two_column,grad_date,1,0,0
p03,modern,layout_aware,docx,two_column,gpa,1,0,0
p03,modern,layout_aware,docx,two_column,skills,0,0,9
p03,modern,layout_aware,docx,two_column,experience,0,2,2
p03,modern,naive,docx,table,name,1,0,0
p03,modern,naive,docx,table,email,1,0,0
p03,modern,naive,docx,table,phone,1,0,0
p03,modern,naive,docx,table,degree_level,1,0,0
p03,modern,naive,docx,table,field_of_study,0,0,1
p03,modern,naive,docx,table,school,0,1,1
p03,modern,naive,docx,table,grad_date,1,0,0
p03,modern,naive,docx,table,gpa,1,0,0
p03,modern,naive,docx,table,skills,0,0,9
p03,modern,naive,docx,table,experience,0,2,2
p03,modern,layout_aware,docx,table,name,1,0,0
p03,modern,layout_aware,docx,table,email,1,0,0
p03,modern,layout_aware,docx,table,phone,1,0,0
p03,modern,layout_aware,docx,table,degree_level,1,0,0
p03,modern,layout_aware,docx,table,field_of_study,0,0,1
p03,modern,layout_aware,docx,table,school,0,1,1
p03,modern,layout_aware,docx,table,grad_date,1,0,0
p03,modern,layout_aware,docx,table,gpa,1,0,0
p03,modern,layout_aware,docx,table,skills,0,0,9
p03,modern,layout_aware,docx,table,experience,0,2,2
p03,modern,naive,docx,textbox,name,1,0,0
p03,modern,naive,docx,textbox,email,0,0,1
p03,modern,naive,docx,textbox,phone,0,0,1
p03,modern,naive,docx,textbox,degree_level,1,0,0
p03,modern,naive,docx,textbox,field_of_study,0,0,1
p03,modern,naive,docx,textbox,school,0,1,1
p03,modern,naive,docx,textbox,grad_date,1,0,0
p03,modern,naive,docx,textbox,gpa,1,0,0
p03,modern,naive,docx,textbox,skills,0,0,9
p03,modern,naive,docx,textbox,experience,0,2,2
p03,modern,layout_aware,docx,textbox,name,1,0,0
p03,modern,layout_aware,docx,textbox,email,1,0,0
p03,modern,layout_aware,docx,textbox,phone,1,0,0
p03,modern,layout_aware,docx,textbox,degree_level,1,0,0
p03,modern,layout_aware,docx,textbox,field_of_study,0,0,1
p03,modern,layout_aware,docx,textbox,school,0,1,1
p03,modern,layout_aware,docx,textbox,grad_date,1,0,0
p03,modern,layout_aware,docx,textbox,gpa,1,0,0
p03,modern,layout_aware,docx,textbox,skills,0,0,9
p03,modern,layout_aware,docx,textbox,experience,0,2,2
p04,classic,naive,pdf,single,name,1,0,0
p04,classic,naive,pdf,single,email,1,0,0
p04,classic,naive,pdf,single,phone,1,0,0
p04,classic,naive,pdf,single,degree_level,1,0,0
p04,classic,naive,pdf,single,field_of_study,1,0,0
p04,classic,naive,pdf,single,school,1,0,0
p04,classic,naive,pdf,single,grad_date,1,0,0
p04,classic,naive,pdf,single,gpa,1,0,0
p04,classic,naive,pdf,single,skills,7,0,0
p04,classic,naive,pdf,single,experience,2,0,0
p04,classic,layout_aware,pdf,single,name,1,0,0
p04,classic,layout_aware,pdf,single,email,1,0,0
p04,classic,layout_aware,pdf,single,phone,1,0,0
p04,classic,layout_aware,pdf,single,degree_level,1,0,0
p04,classic,layout_aware,pdf,single,field_of_study,1,0,0
p04,classic,layout_aware,pdf,single,school,1,0,0
p04,classic,layout_aware,pdf,single,grad_date,1,0,0
p04,classic,layout_aware,pdf,single,gpa,1,0,0
p04,classic,layout_aware,pdf,single,skills,7,0,0
p04,classic,layout_aware,pdf,single,experience,2,0,0
p04,classic,naive,pdf,two_column,name,1,0,0
p04,classic,naive,pdf,two_column,email,1,0,0
p04,classic,naive,pdf,two_column,phone,1,0,0
p04,classic,naive,pdf,two_column,degree_level,1,0,0
p04,classic,naive,pdf,two_column,field_of_study,1,0,0
p04,classic,naive,pdf,two_column,school,1,0,0
p04,classic,naive,pdf,two_column,grad_date,1,0,0
p04,classic,naive,pdf,two_column,gpa,1,0,0
p04,classic,naive,pdf,two_column,skills,0,0,7
p04,classic,naive,pdf,two_column,experience,0,0,2
p04,classic,layout_aware,pdf,two_column,name,1,0,0
p04,classic,layout_aware,pdf,two_column,email,1,0,0
p04,classic,layout_aware,pdf,two_column,phone,1,0,0
p04,classic,layout_aware,pdf,two_column,degree_level,1,0,0
p04,classic,layout_aware,pdf,two_column,field_of_study,1,0,0
p04,classic,layout_aware,pdf,two_column,school,1,0,0
p04,classic,layout_aware,pdf,two_column,grad_date,1,0,0
p04,classic,layout_aware,pdf,two_column,gpa,1,0,0
p04,classic,layout_aware,pdf,two_column,skills,7,0,0
p04,classic,layout_aware,pdf,two_column,experience,2,0,0
p04,classic,naive,pdf,table,name,1,0,0
p04,classic,naive,pdf,table,email,1,0,0
p04,classic,naive,pdf,table,phone,1,0,0
p04,classic,naive,pdf,table,degree_level,0,0,1
p04,classic,naive,pdf,table,field_of_study,0,0,1
p04,classic,naive,pdf,table,school,0,0,1
p04,classic,naive,pdf,table,grad_date,0,0,1
p04,classic,naive,pdf,table,gpa,1,0,0
p04,classic,naive,pdf,table,skills,0,0,7
p04,classic,naive,pdf,table,experience,0,0,2
p04,classic,layout_aware,pdf,table,name,1,0,0
p04,classic,layout_aware,pdf,table,email,1,0,0
p04,classic,layout_aware,pdf,table,phone,1,0,0
p04,classic,layout_aware,pdf,table,degree_level,1,0,0
p04,classic,layout_aware,pdf,table,field_of_study,1,0,0
p04,classic,layout_aware,pdf,table,school,1,0,0
p04,classic,layout_aware,pdf,table,grad_date,1,0,0
p04,classic,layout_aware,pdf,table,gpa,1,0,0
p04,classic,layout_aware,pdf,table,skills,7,0,0
p04,classic,layout_aware,pdf,table,experience,2,0,0
p04,classic,naive,pdf,textbox,name,0,0,1
p04,classic,naive,pdf,textbox,email,1,0,0
p04,classic,naive,pdf,textbox,phone,1,0,0
p04,classic,naive,pdf,textbox,degree_level,1,0,0
p04,classic,naive,pdf,textbox,field_of_study,1,0,0
p04,classic,naive,pdf,textbox,school,1,0,0
p04,classic,naive,pdf,textbox,grad_date,1,0,0
p04,classic,naive,pdf,textbox,gpa,1,0,0
p04,classic,naive,pdf,textbox,skills,0,0,7
p04,classic,naive,pdf,textbox,experience,2,0,0
p04,classic,layout_aware,pdf,textbox,name,1,0,0
p04,classic,layout_aware,pdf,textbox,email,1,0,0
p04,classic,layout_aware,pdf,textbox,phone,1,0,0
p04,classic,layout_aware,pdf,textbox,degree_level,1,0,0
p04,classic,layout_aware,pdf,textbox,field_of_study,1,0,0
p04,classic,layout_aware,pdf,textbox,school,1,0,0
p04,classic,layout_aware,pdf,textbox,grad_date,1,0,0
p04,classic,layout_aware,pdf,textbox,gpa,1,0,0
p04,classic,layout_aware,pdf,textbox,skills,7,0,0
p04,classic,layout_aware,pdf,textbox,experience,2,0,0
p04,classic,naive,docx,single,name,1,0,0
p04,classic,naive,docx,single,email,1,0,0
p04,classic,naive,docx,single,phone,1,0,0
p04,classic,naive,docx,single,degree_level,1,0,0
p04,classic,naive,docx,single,field_of_study,1,0,0
p04,classic,naive,docx,single,school,1,0,0
p04,classic,naive,docx,single,grad_date,1,0,0
p04,classic,naive,docx,single,gpa,1,0,0
p04,classic,naive,docx,single,skills,7,0,0
p04,classic,naive,docx,single,experience,2,0,0
p04,classic,layout_aware,docx,single,name,1,0,0
p04,classic,layout_aware,docx,single,email,1,0,0
p04,classic,layout_aware,docx,single,phone,1,0,0
p04,classic,layout_aware,docx,single,degree_level,1,0,0
p04,classic,layout_aware,docx,single,field_of_study,1,0,0
p04,classic,layout_aware,docx,single,school,1,0,0
p04,classic,layout_aware,docx,single,grad_date,1,0,0
p04,classic,layout_aware,docx,single,gpa,1,0,0
p04,classic,layout_aware,docx,single,skills,7,0,0
p04,classic,layout_aware,docx,single,experience,2,0,0
p04,classic,naive,docx,two_column,name,1,0,0
p04,classic,naive,docx,two_column,email,1,0,0
p04,classic,naive,docx,two_column,phone,1,0,0
p04,classic,naive,docx,two_column,degree_level,1,0,0
p04,classic,naive,docx,two_column,field_of_study,1,0,0
p04,classic,naive,docx,two_column,school,1,0,0
p04,classic,naive,docx,two_column,grad_date,1,0,0
p04,classic,naive,docx,two_column,gpa,1,0,0
p04,classic,naive,docx,two_column,skills,7,0,0
p04,classic,naive,docx,two_column,experience,2,0,0
p04,classic,layout_aware,docx,two_column,name,1,0,0
p04,classic,layout_aware,docx,two_column,email,1,0,0
p04,classic,layout_aware,docx,two_column,phone,1,0,0
p04,classic,layout_aware,docx,two_column,degree_level,1,0,0
p04,classic,layout_aware,docx,two_column,field_of_study,1,0,0
p04,classic,layout_aware,docx,two_column,school,1,0,0
p04,classic,layout_aware,docx,two_column,grad_date,1,0,0
p04,classic,layout_aware,docx,two_column,gpa,1,0,0
p04,classic,layout_aware,docx,two_column,skills,7,0,0
p04,classic,layout_aware,docx,two_column,experience,2,0,0
p04,classic,naive,docx,table,name,1,0,0
p04,classic,naive,docx,table,email,1,0,0
p04,classic,naive,docx,table,phone,1,0,0
p04,classic,naive,docx,table,degree_level,1,0,0
p04,classic,naive,docx,table,field_of_study,1,0,0
p04,classic,naive,docx,table,school,1,0,0
p04,classic,naive,docx,table,grad_date,1,0,0
p04,classic,naive,docx,table,gpa,1,0,0
p04,classic,naive,docx,table,skills,7,0,0
p04,classic,naive,docx,table,experience,2,0,0
p04,classic,layout_aware,docx,table,name,1,0,0
p04,classic,layout_aware,docx,table,email,1,0,0
p04,classic,layout_aware,docx,table,phone,1,0,0
p04,classic,layout_aware,docx,table,degree_level,1,0,0
p04,classic,layout_aware,docx,table,field_of_study,1,0,0
p04,classic,layout_aware,docx,table,school,1,0,0
p04,classic,layout_aware,docx,table,grad_date,1,0,0
p04,classic,layout_aware,docx,table,gpa,1,0,0
p04,classic,layout_aware,docx,table,skills,7,0,0
p04,classic,layout_aware,docx,table,experience,2,0,0
p04,classic,naive,docx,textbox,name,1,0,0
p04,classic,naive,docx,textbox,email,0,0,1
p04,classic,naive,docx,textbox,phone,0,0,1
p04,classic,naive,docx,textbox,degree_level,1,0,0
p04,classic,naive,docx,textbox,field_of_study,1,0,0
p04,classic,naive,docx,textbox,school,1,0,0
p04,classic,naive,docx,textbox,grad_date,1,0,0
p04,classic,naive,docx,textbox,gpa,1,0,0
p04,classic,naive,docx,textbox,skills,0,0,7
p04,classic,naive,docx,textbox,experience,2,0,0
p04,classic,layout_aware,docx,textbox,name,1,0,0
p04,classic,layout_aware,docx,textbox,email,1,0,0
p04,classic,layout_aware,docx,textbox,phone,1,0,0
p04,classic,layout_aware,docx,textbox,degree_level,1,0,0
p04,classic,layout_aware,docx,textbox,field_of_study,1,0,0
p04,classic,layout_aware,docx,textbox,school,1,0,0
p04,classic,layout_aware,docx,textbox,grad_date,1,0,0
p04,classic,layout_aware,docx,textbox,gpa,1,0,0
p04,classic,layout_aware,docx,textbox,skills,7,0,0
p04,classic,layout_aware,docx,textbox,experience,2,0,0
p04,modern,naive,pdf,single,name,1,0,0
p04,modern,naive,pdf,single,email,1,0,0
p04,modern,naive,pdf,single,phone,1,0,0
p04,modern,naive,pdf,single,degree_level,1,0,0
p04,modern,naive,pdf,single,field_of_study,0,0,1
p04,modern,naive,pdf,single,school,1,0,0
p04,modern,naive,pdf,single,grad_date,1,0,0
p04,modern,naive,pdf,single,gpa,1,0,0
p04,modern,naive,pdf,single,skills,0,0,7
p04,modern,naive,pdf,single,experience,0,2,2
p04,modern,layout_aware,pdf,single,name,1,0,0
p04,modern,layout_aware,pdf,single,email,1,0,0
p04,modern,layout_aware,pdf,single,phone,1,0,0
p04,modern,layout_aware,pdf,single,degree_level,1,0,0
p04,modern,layout_aware,pdf,single,field_of_study,0,0,1
p04,modern,layout_aware,pdf,single,school,1,0,0
p04,modern,layout_aware,pdf,single,grad_date,1,0,0
p04,modern,layout_aware,pdf,single,gpa,1,0,0
p04,modern,layout_aware,pdf,single,skills,0,0,7
p04,modern,layout_aware,pdf,single,experience,0,2,2
p04,modern,naive,pdf,two_column,name,1,0,0
p04,modern,naive,pdf,two_column,email,1,0,0
p04,modern,naive,pdf,two_column,phone,1,0,0
p04,modern,naive,pdf,two_column,degree_level,1,0,0
p04,modern,naive,pdf,two_column,field_of_study,0,0,1
p04,modern,naive,pdf,two_column,school,1,0,0
p04,modern,naive,pdf,two_column,grad_date,1,0,0
p04,modern,naive,pdf,two_column,gpa,1,0,0
p04,modern,naive,pdf,two_column,skills,0,0,7
p04,modern,naive,pdf,two_column,experience,0,0,2
p04,modern,layout_aware,pdf,two_column,name,1,0,0
p04,modern,layout_aware,pdf,two_column,email,1,0,0
p04,modern,layout_aware,pdf,two_column,phone,1,0,0
p04,modern,layout_aware,pdf,two_column,degree_level,1,0,0
p04,modern,layout_aware,pdf,two_column,field_of_study,0,0,1
p04,modern,layout_aware,pdf,two_column,school,1,0,0
p04,modern,layout_aware,pdf,two_column,grad_date,1,0,0
p04,modern,layout_aware,pdf,two_column,gpa,1,0,0
p04,modern,layout_aware,pdf,two_column,skills,0,0,7
p04,modern,layout_aware,pdf,two_column,experience,0,2,2
p04,modern,naive,pdf,table,name,1,0,0
p04,modern,naive,pdf,table,email,1,0,0
p04,modern,naive,pdf,table,phone,1,0,0
p04,modern,naive,pdf,table,degree_level,0,0,1
p04,modern,naive,pdf,table,field_of_study,0,0,1
p04,modern,naive,pdf,table,school,0,0,1
p04,modern,naive,pdf,table,grad_date,0,0,1
p04,modern,naive,pdf,table,gpa,1,0,0
p04,modern,naive,pdf,table,skills,0,0,7
p04,modern,naive,pdf,table,experience,0,0,2
p04,modern,layout_aware,pdf,table,name,1,0,0
p04,modern,layout_aware,pdf,table,email,1,0,0
p04,modern,layout_aware,pdf,table,phone,1,0,0
p04,modern,layout_aware,pdf,table,degree_level,1,0,0
p04,modern,layout_aware,pdf,table,field_of_study,0,0,1
p04,modern,layout_aware,pdf,table,school,1,0,0
p04,modern,layout_aware,pdf,table,grad_date,1,0,0
p04,modern,layout_aware,pdf,table,gpa,1,0,0
p04,modern,layout_aware,pdf,table,skills,0,0,7
p04,modern,layout_aware,pdf,table,experience,0,2,2
p04,modern,naive,pdf,textbox,name,0,0,1
p04,modern,naive,pdf,textbox,email,1,0,0
p04,modern,naive,pdf,textbox,phone,1,0,0
p04,modern,naive,pdf,textbox,degree_level,0,0,1
p04,modern,naive,pdf,textbox,field_of_study,0,0,1
p04,modern,naive,pdf,textbox,school,0,0,1
p04,modern,naive,pdf,textbox,grad_date,0,0,1
p04,modern,naive,pdf,textbox,gpa,1,0,0
p04,modern,naive,pdf,textbox,skills,0,0,7
p04,modern,naive,pdf,textbox,experience,0,2,2
p04,modern,layout_aware,pdf,textbox,name,1,0,0
p04,modern,layout_aware,pdf,textbox,email,1,0,0
p04,modern,layout_aware,pdf,textbox,phone,1,0,0
p04,modern,layout_aware,pdf,textbox,degree_level,1,0,0
p04,modern,layout_aware,pdf,textbox,field_of_study,0,0,1
p04,modern,layout_aware,pdf,textbox,school,1,0,0
p04,modern,layout_aware,pdf,textbox,grad_date,1,0,0
p04,modern,layout_aware,pdf,textbox,gpa,1,0,0
p04,modern,layout_aware,pdf,textbox,skills,0,0,7
p04,modern,layout_aware,pdf,textbox,experience,0,2,2
p04,modern,naive,docx,single,name,1,0,0
p04,modern,naive,docx,single,email,1,0,0
p04,modern,naive,docx,single,phone,1,0,0
p04,modern,naive,docx,single,degree_level,1,0,0
p04,modern,naive,docx,single,field_of_study,0,0,1
p04,modern,naive,docx,single,school,1,0,0
p04,modern,naive,docx,single,grad_date,1,0,0
p04,modern,naive,docx,single,gpa,1,0,0
p04,modern,naive,docx,single,skills,0,0,7
p04,modern,naive,docx,single,experience,0,2,2
p04,modern,layout_aware,docx,single,name,1,0,0
p04,modern,layout_aware,docx,single,email,1,0,0
p04,modern,layout_aware,docx,single,phone,1,0,0
p04,modern,layout_aware,docx,single,degree_level,1,0,0
p04,modern,layout_aware,docx,single,field_of_study,0,0,1
p04,modern,layout_aware,docx,single,school,1,0,0
p04,modern,layout_aware,docx,single,grad_date,1,0,0
p04,modern,layout_aware,docx,single,gpa,1,0,0
p04,modern,layout_aware,docx,single,skills,0,0,7
p04,modern,layout_aware,docx,single,experience,0,2,2
p04,modern,naive,docx,two_column,name,1,0,0
p04,modern,naive,docx,two_column,email,1,0,0
p04,modern,naive,docx,two_column,phone,1,0,0
p04,modern,naive,docx,two_column,degree_level,1,0,0
p04,modern,naive,docx,two_column,field_of_study,0,0,1
p04,modern,naive,docx,two_column,school,1,0,0
p04,modern,naive,docx,two_column,grad_date,1,0,0
p04,modern,naive,docx,two_column,gpa,1,0,0
p04,modern,naive,docx,two_column,skills,0,0,7
p04,modern,naive,docx,two_column,experience,0,2,2
p04,modern,layout_aware,docx,two_column,name,1,0,0
p04,modern,layout_aware,docx,two_column,email,1,0,0
p04,modern,layout_aware,docx,two_column,phone,1,0,0
p04,modern,layout_aware,docx,two_column,degree_level,1,0,0
p04,modern,layout_aware,docx,two_column,field_of_study,0,0,1
p04,modern,layout_aware,docx,two_column,school,1,0,0
p04,modern,layout_aware,docx,two_column,grad_date,1,0,0
p04,modern,layout_aware,docx,two_column,gpa,1,0,0
p04,modern,layout_aware,docx,two_column,skills,0,0,7
p04,modern,layout_aware,docx,two_column,experience,0,2,2
p04,modern,naive,docx,table,name,1,0,0
p04,modern,naive,docx,table,email,1,0,0
p04,modern,naive,docx,table,phone,1,0,0
p04,modern,naive,docx,table,degree_level,1,0,0
p04,modern,naive,docx,table,field_of_study,0,0,1
p04,modern,naive,docx,table,school,1,0,0
p04,modern,naive,docx,table,grad_date,1,0,0
p04,modern,naive,docx,table,gpa,1,0,0
p04,modern,naive,docx,table,skills,0,0,7
p04,modern,naive,docx,table,experience,0,2,2
p04,modern,layout_aware,docx,table,name,1,0,0
p04,modern,layout_aware,docx,table,email,1,0,0
p04,modern,layout_aware,docx,table,phone,1,0,0
p04,modern,layout_aware,docx,table,degree_level,1,0,0
p04,modern,layout_aware,docx,table,field_of_study,0,0,1
p04,modern,layout_aware,docx,table,school,1,0,0
p04,modern,layout_aware,docx,table,grad_date,1,0,0
p04,modern,layout_aware,docx,table,gpa,1,0,0
p04,modern,layout_aware,docx,table,skills,0,0,7
p04,modern,layout_aware,docx,table,experience,0,2,2
p04,modern,naive,docx,textbox,name,1,0,0
p04,modern,naive,docx,textbox,email,0,0,1
p04,modern,naive,docx,textbox,phone,0,0,1
p04,modern,naive,docx,textbox,degree_level,1,0,0
p04,modern,naive,docx,textbox,field_of_study,0,0,1
p04,modern,naive,docx,textbox,school,1,0,0
p04,modern,naive,docx,textbox,grad_date,1,0,0
p04,modern,naive,docx,textbox,gpa,1,0,0
p04,modern,naive,docx,textbox,skills,0,0,7
p04,modern,naive,docx,textbox,experience,0,2,2
p04,modern,layout_aware,docx,textbox,name,1,0,0
p04,modern,layout_aware,docx,textbox,email,1,0,0
p04,modern,layout_aware,docx,textbox,phone,1,0,0
p04,modern,layout_aware,docx,textbox,degree_level,1,0,0
p04,modern,layout_aware,docx,textbox,field_of_study,0,0,1
p04,modern,layout_aware,docx,textbox,school,1,0,0
p04,modern,layout_aware,docx,textbox,grad_date,1,0,0
p04,modern,layout_aware,docx,textbox,gpa,1,0,0
p04,modern,layout_aware,docx,textbox,skills,0,0,7
p04,modern,layout_aware,docx,textbox,experience,0,2,2
p05,classic,naive,pdf,single,name,1,0,0
p05,classic,naive,pdf,single,email,1,0,0
p05,classic,naive,pdf,single,phone,1,0,0
p05,classic,naive,pdf,single,degree_level,1,0,0
p05,classic,naive,pdf,single,field_of_study,1,0,0
p05,classic,naive,pdf,single,school,1,0,0
p05,classic,naive,pdf,single,grad_date,1,0,0
p05,classic,naive,pdf,single,gpa,1,0,0
p05,classic,naive,pdf,single,skills,6,0,0
p05,classic,naive,pdf,single,experience,2,0,0
p05,classic,layout_aware,pdf,single,name,1,0,0
p05,classic,layout_aware,pdf,single,email,1,0,0
p05,classic,layout_aware,pdf,single,phone,1,0,0
p05,classic,layout_aware,pdf,single,degree_level,1,0,0
p05,classic,layout_aware,pdf,single,field_of_study,1,0,0
p05,classic,layout_aware,pdf,single,school,1,0,0
p05,classic,layout_aware,pdf,single,grad_date,1,0,0
p05,classic,layout_aware,pdf,single,gpa,1,0,0
p05,classic,layout_aware,pdf,single,skills,6,0,0
p05,classic,layout_aware,pdf,single,experience,2,0,0
p05,classic,naive,pdf,two_column,name,1,0,0
p05,classic,naive,pdf,two_column,email,1,0,0
p05,classic,naive,pdf,two_column,phone,1,0,0
p05,classic,naive,pdf,two_column,degree_level,1,0,0
p05,classic,naive,pdf,two_column,field_of_study,1,0,0
p05,classic,naive,pdf,two_column,school,1,0,0
p05,classic,naive,pdf,two_column,grad_date,1,0,0
p05,classic,naive,pdf,two_column,gpa,1,0,0
p05,classic,naive,pdf,two_column,skills,0,0,6
p05,classic,naive,pdf,two_column,experience,0,0,2
p05,classic,layout_aware,pdf,two_column,name,1,0,0
p05,classic,layout_aware,pdf,two_column,email,1,0,0
p05,classic,layout_aware,pdf,two_column,phone,1,0,0
p05,classic,layout_aware,pdf,two_column,degree_level,1,0,0
p05,classic,layout_aware,pdf,two_column,field_of_study,1,0,0
p05,classic,layout_aware,pdf,two_column,school,1,0,0
p05,classic,layout_aware,pdf,two_column,grad_date,1,0,0
p05,classic,layout_aware,pdf,two_column,gpa,1,0,0
p05,classic,layout_aware,pdf,two_column,skills,6,0,0
p05,classic,layout_aware,pdf,two_column,experience,2,0,0
p05,classic,naive,pdf,table,name,1,0,0
p05,classic,naive,pdf,table,email,1,0,0
p05,classic,naive,pdf,table,phone,1,0,0
p05,classic,naive,pdf,table,degree_level,0,0,1
p05,classic,naive,pdf,table,field_of_study,0,0,1
p05,classic,naive,pdf,table,school,0,0,1
p05,classic,naive,pdf,table,grad_date,0,0,1
p05,classic,naive,pdf,table,gpa,1,0,0
p05,classic,naive,pdf,table,skills,0,0,6
p05,classic,naive,pdf,table,experience,0,0,2
p05,classic,layout_aware,pdf,table,name,1,0,0
p05,classic,layout_aware,pdf,table,email,1,0,0
p05,classic,layout_aware,pdf,table,phone,1,0,0
p05,classic,layout_aware,pdf,table,degree_level,1,0,0
p05,classic,layout_aware,pdf,table,field_of_study,1,0,0
p05,classic,layout_aware,pdf,table,school,1,0,0
p05,classic,layout_aware,pdf,table,grad_date,1,0,0
p05,classic,layout_aware,pdf,table,gpa,1,0,0
p05,classic,layout_aware,pdf,table,skills,6,0,0
p05,classic,layout_aware,pdf,table,experience,2,0,0
p05,classic,naive,pdf,textbox,name,0,0,1
p05,classic,naive,pdf,textbox,email,1,0,0
p05,classic,naive,pdf,textbox,phone,1,0,0
p05,classic,naive,pdf,textbox,degree_level,1,0,0
p05,classic,naive,pdf,textbox,field_of_study,1,0,0
p05,classic,naive,pdf,textbox,school,1,0,0
p05,classic,naive,pdf,textbox,grad_date,1,0,0
p05,classic,naive,pdf,textbox,gpa,1,0,0
p05,classic,naive,pdf,textbox,skills,0,0,6
p05,classic,naive,pdf,textbox,experience,2,0,0
p05,classic,layout_aware,pdf,textbox,name,1,0,0
p05,classic,layout_aware,pdf,textbox,email,1,0,0
p05,classic,layout_aware,pdf,textbox,phone,1,0,0
p05,classic,layout_aware,pdf,textbox,degree_level,1,0,0
p05,classic,layout_aware,pdf,textbox,field_of_study,1,0,0
p05,classic,layout_aware,pdf,textbox,school,1,0,0
p05,classic,layout_aware,pdf,textbox,grad_date,1,0,0
p05,classic,layout_aware,pdf,textbox,gpa,1,0,0
p05,classic,layout_aware,pdf,textbox,skills,6,0,0
p05,classic,layout_aware,pdf,textbox,experience,2,0,0
p05,classic,naive,docx,single,name,1,0,0
p05,classic,naive,docx,single,email,1,0,0
p05,classic,naive,docx,single,phone,1,0,0
p05,classic,naive,docx,single,degree_level,1,0,0
p05,classic,naive,docx,single,field_of_study,1,0,0
p05,classic,naive,docx,single,school,1,0,0
p05,classic,naive,docx,single,grad_date,1,0,0
p05,classic,naive,docx,single,gpa,1,0,0
p05,classic,naive,docx,single,skills,6,0,0
p05,classic,naive,docx,single,experience,2,0,0
p05,classic,layout_aware,docx,single,name,1,0,0
p05,classic,layout_aware,docx,single,email,1,0,0
p05,classic,layout_aware,docx,single,phone,1,0,0
p05,classic,layout_aware,docx,single,degree_level,1,0,0
p05,classic,layout_aware,docx,single,field_of_study,1,0,0
p05,classic,layout_aware,docx,single,school,1,0,0
p05,classic,layout_aware,docx,single,grad_date,1,0,0
p05,classic,layout_aware,docx,single,gpa,1,0,0
p05,classic,layout_aware,docx,single,skills,6,0,0
p05,classic,layout_aware,docx,single,experience,2,0,0
p05,classic,naive,docx,two_column,name,1,0,0
p05,classic,naive,docx,two_column,email,1,0,0
p05,classic,naive,docx,two_column,phone,1,0,0
p05,classic,naive,docx,two_column,degree_level,1,0,0
p05,classic,naive,docx,two_column,field_of_study,1,0,0
p05,classic,naive,docx,two_column,school,1,0,0
p05,classic,naive,docx,two_column,grad_date,1,0,0
p05,classic,naive,docx,two_column,gpa,1,0,0
p05,classic,naive,docx,two_column,skills,6,0,0
p05,classic,naive,docx,two_column,experience,2,0,0
p05,classic,layout_aware,docx,two_column,name,1,0,0
p05,classic,layout_aware,docx,two_column,email,1,0,0
p05,classic,layout_aware,docx,two_column,phone,1,0,0
p05,classic,layout_aware,docx,two_column,degree_level,1,0,0
p05,classic,layout_aware,docx,two_column,field_of_study,1,0,0
p05,classic,layout_aware,docx,two_column,school,1,0,0
p05,classic,layout_aware,docx,two_column,grad_date,1,0,0
p05,classic,layout_aware,docx,two_column,gpa,1,0,0
p05,classic,layout_aware,docx,two_column,skills,6,0,0
p05,classic,layout_aware,docx,two_column,experience,2,0,0
p05,classic,naive,docx,table,name,1,0,0
p05,classic,naive,docx,table,email,1,0,0
p05,classic,naive,docx,table,phone,1,0,0
p05,classic,naive,docx,table,degree_level,1,0,0
p05,classic,naive,docx,table,field_of_study,1,0,0
p05,classic,naive,docx,table,school,1,0,0
p05,classic,naive,docx,table,grad_date,1,0,0
p05,classic,naive,docx,table,gpa,1,0,0
p05,classic,naive,docx,table,skills,6,0,0
p05,classic,naive,docx,table,experience,2,0,0
p05,classic,layout_aware,docx,table,name,1,0,0
p05,classic,layout_aware,docx,table,email,1,0,0
p05,classic,layout_aware,docx,table,phone,1,0,0
p05,classic,layout_aware,docx,table,degree_level,1,0,0
p05,classic,layout_aware,docx,table,field_of_study,1,0,0
p05,classic,layout_aware,docx,table,school,1,0,0
p05,classic,layout_aware,docx,table,grad_date,1,0,0
p05,classic,layout_aware,docx,table,gpa,1,0,0
p05,classic,layout_aware,docx,table,skills,6,0,0
p05,classic,layout_aware,docx,table,experience,2,0,0
p05,classic,naive,docx,textbox,name,1,0,0
p05,classic,naive,docx,textbox,email,0,0,1
p05,classic,naive,docx,textbox,phone,0,0,1
p05,classic,naive,docx,textbox,degree_level,1,0,0
p05,classic,naive,docx,textbox,field_of_study,1,0,0
p05,classic,naive,docx,textbox,school,1,0,0
p05,classic,naive,docx,textbox,grad_date,1,0,0
p05,classic,naive,docx,textbox,gpa,1,0,0
p05,classic,naive,docx,textbox,skills,0,0,6
p05,classic,naive,docx,textbox,experience,2,0,0
p05,classic,layout_aware,docx,textbox,name,1,0,0
p05,classic,layout_aware,docx,textbox,email,1,0,0
p05,classic,layout_aware,docx,textbox,phone,1,0,0
p05,classic,layout_aware,docx,textbox,degree_level,1,0,0
p05,classic,layout_aware,docx,textbox,field_of_study,1,0,0
p05,classic,layout_aware,docx,textbox,school,1,0,0
p05,classic,layout_aware,docx,textbox,grad_date,1,0,0
p05,classic,layout_aware,docx,textbox,gpa,1,0,0
p05,classic,layout_aware,docx,textbox,skills,6,0,0
p05,classic,layout_aware,docx,textbox,experience,2,0,0
p05,modern,naive,pdf,single,name,1,0,0
p05,modern,naive,pdf,single,email,1,0,0
p05,modern,naive,pdf,single,phone,1,0,0
p05,modern,naive,pdf,single,degree_level,1,0,0
p05,modern,naive,pdf,single,field_of_study,0,0,1
p05,modern,naive,pdf,single,school,1,0,0
p05,modern,naive,pdf,single,grad_date,1,0,0
p05,modern,naive,pdf,single,gpa,1,0,0
p05,modern,naive,pdf,single,skills,0,0,6
p05,modern,naive,pdf,single,experience,0,2,2
p05,modern,layout_aware,pdf,single,name,1,0,0
p05,modern,layout_aware,pdf,single,email,1,0,0
p05,modern,layout_aware,pdf,single,phone,1,0,0
p05,modern,layout_aware,pdf,single,degree_level,1,0,0
p05,modern,layout_aware,pdf,single,field_of_study,0,0,1
p05,modern,layout_aware,pdf,single,school,1,0,0
p05,modern,layout_aware,pdf,single,grad_date,1,0,0
p05,modern,layout_aware,pdf,single,gpa,1,0,0
p05,modern,layout_aware,pdf,single,skills,0,0,6
p05,modern,layout_aware,pdf,single,experience,0,2,2
p05,modern,naive,pdf,two_column,name,1,0,0
p05,modern,naive,pdf,two_column,email,1,0,0
p05,modern,naive,pdf,two_column,phone,1,0,0
p05,modern,naive,pdf,two_column,degree_level,1,0,0
p05,modern,naive,pdf,two_column,field_of_study,0,0,1
p05,modern,naive,pdf,two_column,school,0,1,1
p05,modern,naive,pdf,two_column,grad_date,1,0,0
p05,modern,naive,pdf,two_column,gpa,1,0,0
p05,modern,naive,pdf,two_column,skills,0,0,6
p05,modern,naive,pdf,two_column,experience,0,0,2
p05,modern,layout_aware,pdf,two_column,name,1,0,0
p05,modern,layout_aware,pdf,two_column,email,1,0,0
p05,modern,layout_aware,pdf,two_column,phone,1,0,0
p05,modern,layout_aware,pdf,two_column,degree_level,1,0,0
p05,modern,layout_aware,pdf,two_column,field_of_study,0,0,1
p05,modern,layout_aware,pdf,two_column,school,0,1,1
p05,modern,layout_aware,pdf,two_column,grad_date,1,0,0
p05,modern,layout_aware,pdf,two_column,gpa,1,0,0
p05,modern,layout_aware,pdf,two_column,skills,0,0,6
p05,modern,layout_aware,pdf,two_column,experience,0,2,2
p05,modern,naive,pdf,table,name,1,0,0
p05,modern,naive,pdf,table,email,1,0,0
p05,modern,naive,pdf,table,phone,1,0,0
p05,modern,naive,pdf,table,degree_level,0,0,1
p05,modern,naive,pdf,table,field_of_study,0,0,1
p05,modern,naive,pdf,table,school,0,0,1
p05,modern,naive,pdf,table,grad_date,0,0,1
p05,modern,naive,pdf,table,gpa,1,0,0
p05,modern,naive,pdf,table,skills,0,0,6
p05,modern,naive,pdf,table,experience,0,0,2
p05,modern,layout_aware,pdf,table,name,1,0,0
p05,modern,layout_aware,pdf,table,email,1,0,0
p05,modern,layout_aware,pdf,table,phone,1,0,0
p05,modern,layout_aware,pdf,table,degree_level,1,0,0
p05,modern,layout_aware,pdf,table,field_of_study,0,0,1
p05,modern,layout_aware,pdf,table,school,1,0,0
p05,modern,layout_aware,pdf,table,grad_date,1,0,0
p05,modern,layout_aware,pdf,table,gpa,1,0,0
p05,modern,layout_aware,pdf,table,skills,0,0,6
p05,modern,layout_aware,pdf,table,experience,0,2,2
p05,modern,naive,pdf,textbox,name,0,0,1
p05,modern,naive,pdf,textbox,email,1,0,0
p05,modern,naive,pdf,textbox,phone,1,0,0
p05,modern,naive,pdf,textbox,degree_level,0,0,1
p05,modern,naive,pdf,textbox,field_of_study,0,0,1
p05,modern,naive,pdf,textbox,school,0,0,1
p05,modern,naive,pdf,textbox,grad_date,0,0,1
p05,modern,naive,pdf,textbox,gpa,1,0,0
p05,modern,naive,pdf,textbox,skills,0,0,6
p05,modern,naive,pdf,textbox,experience,0,2,2
p05,modern,layout_aware,pdf,textbox,name,1,0,0
p05,modern,layout_aware,pdf,textbox,email,1,0,0
p05,modern,layout_aware,pdf,textbox,phone,1,0,0
p05,modern,layout_aware,pdf,textbox,degree_level,1,0,0
p05,modern,layout_aware,pdf,textbox,field_of_study,0,0,1
p05,modern,layout_aware,pdf,textbox,school,1,0,0
p05,modern,layout_aware,pdf,textbox,grad_date,1,0,0
p05,modern,layout_aware,pdf,textbox,gpa,1,0,0
p05,modern,layout_aware,pdf,textbox,skills,0,0,6
p05,modern,layout_aware,pdf,textbox,experience,0,2,2
p05,modern,naive,docx,single,name,1,0,0
p05,modern,naive,docx,single,email,1,0,0
p05,modern,naive,docx,single,phone,1,0,0
p05,modern,naive,docx,single,degree_level,1,0,0
p05,modern,naive,docx,single,field_of_study,0,0,1
p05,modern,naive,docx,single,school,1,0,0
p05,modern,naive,docx,single,grad_date,1,0,0
p05,modern,naive,docx,single,gpa,1,0,0
p05,modern,naive,docx,single,skills,0,0,6
p05,modern,naive,docx,single,experience,0,2,2
p05,modern,layout_aware,docx,single,name,1,0,0
p05,modern,layout_aware,docx,single,email,1,0,0
p05,modern,layout_aware,docx,single,phone,1,0,0
p05,modern,layout_aware,docx,single,degree_level,1,0,0
p05,modern,layout_aware,docx,single,field_of_study,0,0,1
p05,modern,layout_aware,docx,single,school,1,0,0
p05,modern,layout_aware,docx,single,grad_date,1,0,0
p05,modern,layout_aware,docx,single,gpa,1,0,0
p05,modern,layout_aware,docx,single,skills,0,0,6
p05,modern,layout_aware,docx,single,experience,0,2,2
p05,modern,naive,docx,two_column,name,1,0,0
p05,modern,naive,docx,two_column,email,1,0,0
p05,modern,naive,docx,two_column,phone,1,0,0
p05,modern,naive,docx,two_column,degree_level,1,0,0
p05,modern,naive,docx,two_column,field_of_study,0,0,1
p05,modern,naive,docx,two_column,school,1,0,0
p05,modern,naive,docx,two_column,grad_date,1,0,0
p05,modern,naive,docx,two_column,gpa,1,0,0
p05,modern,naive,docx,two_column,skills,0,0,6
p05,modern,naive,docx,two_column,experience,0,2,2
p05,modern,layout_aware,docx,two_column,name,1,0,0
p05,modern,layout_aware,docx,two_column,email,1,0,0
p05,modern,layout_aware,docx,two_column,phone,1,0,0
p05,modern,layout_aware,docx,two_column,degree_level,1,0,0
p05,modern,layout_aware,docx,two_column,field_of_study,0,0,1
p05,modern,layout_aware,docx,two_column,school,1,0,0
p05,modern,layout_aware,docx,two_column,grad_date,1,0,0
p05,modern,layout_aware,docx,two_column,gpa,1,0,0
p05,modern,layout_aware,docx,two_column,skills,0,0,6
p05,modern,layout_aware,docx,two_column,experience,0,2,2
p05,modern,naive,docx,table,name,1,0,0
p05,modern,naive,docx,table,email,1,0,0
p05,modern,naive,docx,table,phone,1,0,0
p05,modern,naive,docx,table,degree_level,1,0,0
p05,modern,naive,docx,table,field_of_study,0,0,1
p05,modern,naive,docx,table,school,1,0,0
p05,modern,naive,docx,table,grad_date,1,0,0
p05,modern,naive,docx,table,gpa,1,0,0
p05,modern,naive,docx,table,skills,0,0,6
p05,modern,naive,docx,table,experience,0,2,2
p05,modern,layout_aware,docx,table,name,1,0,0
p05,modern,layout_aware,docx,table,email,1,0,0
p05,modern,layout_aware,docx,table,phone,1,0,0
p05,modern,layout_aware,docx,table,degree_level,1,0,0
p05,modern,layout_aware,docx,table,field_of_study,0,0,1
p05,modern,layout_aware,docx,table,school,1,0,0
p05,modern,layout_aware,docx,table,grad_date,1,0,0
p05,modern,layout_aware,docx,table,gpa,1,0,0
p05,modern,layout_aware,docx,table,skills,0,0,6
p05,modern,layout_aware,docx,table,experience,0,2,2
p05,modern,naive,docx,textbox,name,1,0,0
p05,modern,naive,docx,textbox,email,0,0,1
p05,modern,naive,docx,textbox,phone,0,0,1
p05,modern,naive,docx,textbox,degree_level,1,0,0
p05,modern,naive,docx,textbox,field_of_study,0,0,1
p05,modern,naive,docx,textbox,school,1,0,0
p05,modern,naive,docx,textbox,grad_date,1,0,0
p05,modern,naive,docx,textbox,gpa,1,0,0
p05,modern,naive,docx,textbox,skills,0,0,6
p05,modern,naive,docx,textbox,experience,0,2,2
p05,modern,layout_aware,docx,textbox,name,1,0,0
p05,modern,layout_aware,docx,textbox,email,1,0,0
p05,modern,layout_aware,docx,textbox,phone,1,0,0
p05,modern,layout_aware,docx,textbox,degree_level,1,0,0
p05,modern,layout_aware,docx,textbox,field_of_study,0,0,1
p05,modern,layout_aware,docx,textbox,school,1,0,0
p05,modern,layout_aware,docx,textbox,grad_date,1,0,0
p05,modern,layout_aware,docx,textbox,gpa,1,0,0
p05,modern,layout_aware,docx,textbox,skills,0,0,6
p05,modern,layout_aware,docx,textbox,experience,0,2,2
p06,classic,naive,pdf,single,name,1,0,0
p06,classic,naive,pdf,single,email,1,0,0
p06,classic,naive,pdf,single,phone,1,0,0
p06,classic,naive,pdf,single,degree_level,1,0,0
p06,classic,naive,pdf,single,field_of_study,1,0,0
p06,classic,naive,pdf,single,school,1,0,0
p06,classic,naive,pdf,single,grad_date,1,0,0
p06,classic,naive,pdf,single,gpa,1,0,0
p06,classic,naive,pdf,single,skills,7,0,0
p06,classic,naive,pdf,single,experience,2,0,0
p06,classic,layout_aware,pdf,single,name,1,0,0
p06,classic,layout_aware,pdf,single,email,1,0,0
p06,classic,layout_aware,pdf,single,phone,1,0,0
p06,classic,layout_aware,pdf,single,degree_level,1,0,0
p06,classic,layout_aware,pdf,single,field_of_study,1,0,0
p06,classic,layout_aware,pdf,single,school,1,0,0
p06,classic,layout_aware,pdf,single,grad_date,1,0,0
p06,classic,layout_aware,pdf,single,gpa,1,0,0
p06,classic,layout_aware,pdf,single,skills,7,0,0
p06,classic,layout_aware,pdf,single,experience,2,0,0
p06,classic,naive,pdf,two_column,name,1,0,0
p06,classic,naive,pdf,two_column,email,1,0,0
p06,classic,naive,pdf,two_column,phone,1,0,0
p06,classic,naive,pdf,two_column,degree_level,0,0,1
p06,classic,naive,pdf,two_column,field_of_study,0,0,1
p06,classic,naive,pdf,two_column,school,0,0,1
p06,classic,naive,pdf,two_column,grad_date,0,0,1
p06,classic,naive,pdf,two_column,gpa,1,0,0
p06,classic,naive,pdf,two_column,skills,7,0,0
p06,classic,naive,pdf,two_column,experience,0,0,2
p06,classic,layout_aware,pdf,two_column,name,1,0,0
p06,classic,layout_aware,pdf,two_column,email,1,0,0
p06,classic,layout_aware,pdf,two_column,phone,1,0,0
p06,classic,layout_aware,pdf,two_column,degree_level,1,0,0
p06,classic,layout_aware,pdf,two_column,field_of_study,1,0,0
p06,classic,layout_aware,pdf,two_column,school,1,0,0
p06,classic,layout_aware,pdf,two_column,grad_date,1,0,0
p06,classic,layout_aware,pdf,two_column,gpa,1,0,0
p06,classic,layout_aware,pdf,two_column,skills,7,0,0
p06,classic,layout_aware,pdf,two_column,experience,2,0,0
p06,classic,naive,pdf,table,name,1,0,0
p06,classic,naive,pdf,table,email,1,0,0
p06,classic,naive,pdf,table,phone,1,0,0
p06,classic,naive,pdf,table,degree_level,0,0,1
p06,classic,naive,pdf,table,field_of_study,0,0,1
p06,classic,naive,pdf,table,school,0,0,1
p06,classic,naive,pdf,table,grad_date,0,0,1
p06,classic,naive,pdf,table,gpa,1,0,0
p06,classic,naive,pdf,table,skills,0,0,7
p06,classic,naive,pdf,table,experience,0,0,2
p06,classic,layout_aware,pdf,table,name,1,0,0
p06,classic,layout_aware,pdf,table,email,1,0,0
p06,classic,layout_aware,pdf,table,phone,1,0,0
p06,classic,layout_aware,pdf,table,degree_level,1,0,0
p06,classic,layout_aware,pdf,table,field_of_study,1,0,0
p06,classic,layout_aware,pdf,table,school,1,0,0
p06,classic,layout_aware,pdf,table,grad_date,1,0,0
p06,classic,layout_aware,pdf,table,gpa,1,0,0
p06,classic,layout_aware,pdf,table,skills,7,0,0
p06,classic,layout_aware,pdf,table,experience,2,0,0
p06,classic,naive,pdf,textbox,name,0,0,1
p06,classic,naive,pdf,textbox,email,1,0,0
p06,classic,naive,pdf,textbox,phone,1,0,0
p06,classic,naive,pdf,textbox,degree_level,1,0,0
p06,classic,naive,pdf,textbox,field_of_study,1,0,0
p06,classic,naive,pdf,textbox,school,1,0,0
p06,classic,naive,pdf,textbox,grad_date,1,0,0
p06,classic,naive,pdf,textbox,gpa,1,0,0
p06,classic,naive,pdf,textbox,skills,0,0,7
p06,classic,naive,pdf,textbox,experience,2,0,0
p06,classic,layout_aware,pdf,textbox,name,1,0,0
p06,classic,layout_aware,pdf,textbox,email,1,0,0
p06,classic,layout_aware,pdf,textbox,phone,1,0,0
p06,classic,layout_aware,pdf,textbox,degree_level,1,0,0
p06,classic,layout_aware,pdf,textbox,field_of_study,1,0,0
p06,classic,layout_aware,pdf,textbox,school,1,0,0
p06,classic,layout_aware,pdf,textbox,grad_date,1,0,0
p06,classic,layout_aware,pdf,textbox,gpa,1,0,0
p06,classic,layout_aware,pdf,textbox,skills,7,0,0
p06,classic,layout_aware,pdf,textbox,experience,2,0,0
p06,classic,naive,docx,single,name,1,0,0
p06,classic,naive,docx,single,email,1,0,0
p06,classic,naive,docx,single,phone,1,0,0
p06,classic,naive,docx,single,degree_level,1,0,0
p06,classic,naive,docx,single,field_of_study,1,0,0
p06,classic,naive,docx,single,school,1,0,0
p06,classic,naive,docx,single,grad_date,1,0,0
p06,classic,naive,docx,single,gpa,1,0,0
p06,classic,naive,docx,single,skills,7,0,0
p06,classic,naive,docx,single,experience,2,0,0
p06,classic,layout_aware,docx,single,name,1,0,0
p06,classic,layout_aware,docx,single,email,1,0,0
p06,classic,layout_aware,docx,single,phone,1,0,0
p06,classic,layout_aware,docx,single,degree_level,1,0,0
p06,classic,layout_aware,docx,single,field_of_study,1,0,0
p06,classic,layout_aware,docx,single,school,1,0,0
p06,classic,layout_aware,docx,single,grad_date,1,0,0
p06,classic,layout_aware,docx,single,gpa,1,0,0
p06,classic,layout_aware,docx,single,skills,7,0,0
p06,classic,layout_aware,docx,single,experience,2,0,0
p06,classic,naive,docx,two_column,name,1,0,0
p06,classic,naive,docx,two_column,email,1,0,0
p06,classic,naive,docx,two_column,phone,1,0,0
p06,classic,naive,docx,two_column,degree_level,1,0,0
p06,classic,naive,docx,two_column,field_of_study,1,0,0
p06,classic,naive,docx,two_column,school,1,0,0
p06,classic,naive,docx,two_column,grad_date,1,0,0
p06,classic,naive,docx,two_column,gpa,1,0,0
p06,classic,naive,docx,two_column,skills,7,0,0
p06,classic,naive,docx,two_column,experience,2,0,0
p06,classic,layout_aware,docx,two_column,name,1,0,0
p06,classic,layout_aware,docx,two_column,email,1,0,0
p06,classic,layout_aware,docx,two_column,phone,1,0,0
p06,classic,layout_aware,docx,two_column,degree_level,1,0,0
p06,classic,layout_aware,docx,two_column,field_of_study,1,0,0
p06,classic,layout_aware,docx,two_column,school,1,0,0
p06,classic,layout_aware,docx,two_column,grad_date,1,0,0
p06,classic,layout_aware,docx,two_column,gpa,1,0,0
p06,classic,layout_aware,docx,two_column,skills,7,0,0
p06,classic,layout_aware,docx,two_column,experience,2,0,0
p06,classic,naive,docx,table,name,1,0,0
p06,classic,naive,docx,table,email,1,0,0
p06,classic,naive,docx,table,phone,1,0,0
p06,classic,naive,docx,table,degree_level,1,0,0
p06,classic,naive,docx,table,field_of_study,1,0,0
p06,classic,naive,docx,table,school,1,0,0
p06,classic,naive,docx,table,grad_date,1,0,0
p06,classic,naive,docx,table,gpa,1,0,0
p06,classic,naive,docx,table,skills,7,0,0
p06,classic,naive,docx,table,experience,2,0,0
p06,classic,layout_aware,docx,table,name,1,0,0
p06,classic,layout_aware,docx,table,email,1,0,0
p06,classic,layout_aware,docx,table,phone,1,0,0
p06,classic,layout_aware,docx,table,degree_level,1,0,0
p06,classic,layout_aware,docx,table,field_of_study,1,0,0
p06,classic,layout_aware,docx,table,school,1,0,0
p06,classic,layout_aware,docx,table,grad_date,1,0,0
p06,classic,layout_aware,docx,table,gpa,1,0,0
p06,classic,layout_aware,docx,table,skills,7,0,0
p06,classic,layout_aware,docx,table,experience,2,0,0
p06,classic,naive,docx,textbox,name,1,0,0
p06,classic,naive,docx,textbox,email,0,0,1
p06,classic,naive,docx,textbox,phone,0,0,1
p06,classic,naive,docx,textbox,degree_level,1,0,0
p06,classic,naive,docx,textbox,field_of_study,1,0,0
p06,classic,naive,docx,textbox,school,1,0,0
p06,classic,naive,docx,textbox,grad_date,1,0,0
p06,classic,naive,docx,textbox,gpa,1,0,0
p06,classic,naive,docx,textbox,skills,0,0,7
p06,classic,naive,docx,textbox,experience,2,0,0
p06,classic,layout_aware,docx,textbox,name,1,0,0
p06,classic,layout_aware,docx,textbox,email,1,0,0
p06,classic,layout_aware,docx,textbox,phone,1,0,0
p06,classic,layout_aware,docx,textbox,degree_level,1,0,0
p06,classic,layout_aware,docx,textbox,field_of_study,1,0,0
p06,classic,layout_aware,docx,textbox,school,1,0,0
p06,classic,layout_aware,docx,textbox,grad_date,1,0,0
p06,classic,layout_aware,docx,textbox,gpa,1,0,0
p06,classic,layout_aware,docx,textbox,skills,7,0,0
p06,classic,layout_aware,docx,textbox,experience,2,0,0
p06,modern,naive,pdf,single,name,1,0,0
p06,modern,naive,pdf,single,email,1,0,0
p06,modern,naive,pdf,single,phone,1,0,0
p06,modern,naive,pdf,single,degree_level,1,0,0
p06,modern,naive,pdf,single,field_of_study,0,0,1
p06,modern,naive,pdf,single,school,1,0,0
p06,modern,naive,pdf,single,grad_date,1,0,0
p06,modern,naive,pdf,single,gpa,1,0,0
p06,modern,naive,pdf,single,skills,0,0,7
p06,modern,naive,pdf,single,experience,0,2,2
p06,modern,layout_aware,pdf,single,name,1,0,0
p06,modern,layout_aware,pdf,single,email,1,0,0
p06,modern,layout_aware,pdf,single,phone,1,0,0
p06,modern,layout_aware,pdf,single,degree_level,1,0,0
p06,modern,layout_aware,pdf,single,field_of_study,0,0,1
p06,modern,layout_aware,pdf,single,school,1,0,0
p06,modern,layout_aware,pdf,single,grad_date,1,0,0
p06,modern,layout_aware,pdf,single,gpa,1,0,0
p06,modern,layout_aware,pdf,single,skills,0,0,7
p06,modern,layout_aware,pdf,single,experience,0,2,2
p06,modern,naive,pdf,two_column,name,1,0,0
p06,modern,naive,pdf,two_column,email,1,0,0
p06,modern,naive,pdf,two_column,phone,1,0,0
p06,modern,naive,pdf,two_column,degree_level,1,0,0
p06,modern,naive,pdf,two_column,field_of_study,0,0,1
p06,modern,naive,pdf,two_column,school,0,1,1
p06,modern,naive,pdf,two_column,grad_date,0,1,1
p06,modern,naive,pdf,two_column,gpa,1,0,0
p06,modern,naive,pdf,two_column,skills,0,0,7
p06,modern,naive,pdf,two_column,experience,0,0,2
p06,modern,layout_aware,pdf,two_column,name,1,0,0
p06,modern,layout_aware,pdf,two_column,email,1,0,0
p06,modern,layout_aware,pdf,two_column,phone,1,0,0
p06,modern,layout_aware,pdf,two_column,degree_level,1,0,0
p06,modern,layout_aware,pdf,two_column,field_of_study,0,0,1
p06,modern,layout_aware,pdf,two_column,school,0,1,1
p06,modern,layout_aware,pdf,two_column,grad_date,1,0,0
p06,modern,layout_aware,pdf,two_column,gpa,1,0,0
p06,modern,layout_aware,pdf,two_column,skills,0,0,7
p06,modern,layout_aware,pdf,two_column,experience,0,2,2
p06,modern,naive,pdf,table,name,1,0,0
p06,modern,naive,pdf,table,email,1,0,0
p06,modern,naive,pdf,table,phone,1,0,0
p06,modern,naive,pdf,table,degree_level,0,0,1
p06,modern,naive,pdf,table,field_of_study,0,0,1
p06,modern,naive,pdf,table,school,0,0,1
p06,modern,naive,pdf,table,grad_date,0,0,1
p06,modern,naive,pdf,table,gpa,1,0,0
p06,modern,naive,pdf,table,skills,0,0,7
p06,modern,naive,pdf,table,experience,0,0,2
p06,modern,layout_aware,pdf,table,name,1,0,0
p06,modern,layout_aware,pdf,table,email,1,0,0
p06,modern,layout_aware,pdf,table,phone,1,0,0
p06,modern,layout_aware,pdf,table,degree_level,1,0,0
p06,modern,layout_aware,pdf,table,field_of_study,0,0,1
p06,modern,layout_aware,pdf,table,school,1,0,0
p06,modern,layout_aware,pdf,table,grad_date,1,0,0
p06,modern,layout_aware,pdf,table,gpa,1,0,0
p06,modern,layout_aware,pdf,table,skills,0,0,7
p06,modern,layout_aware,pdf,table,experience,0,2,2
p06,modern,naive,pdf,textbox,name,0,0,1
p06,modern,naive,pdf,textbox,email,1,0,0
p06,modern,naive,pdf,textbox,phone,1,0,0
p06,modern,naive,pdf,textbox,degree_level,0,0,1
p06,modern,naive,pdf,textbox,field_of_study,0,0,1
p06,modern,naive,pdf,textbox,school,0,0,1
p06,modern,naive,pdf,textbox,grad_date,0,0,1
p06,modern,naive,pdf,textbox,gpa,1,0,0
p06,modern,naive,pdf,textbox,skills,0,0,7
p06,modern,naive,pdf,textbox,experience,0,2,2
p06,modern,layout_aware,pdf,textbox,name,1,0,0
p06,modern,layout_aware,pdf,textbox,email,1,0,0
p06,modern,layout_aware,pdf,textbox,phone,1,0,0
p06,modern,layout_aware,pdf,textbox,degree_level,1,0,0
p06,modern,layout_aware,pdf,textbox,field_of_study,0,0,1
p06,modern,layout_aware,pdf,textbox,school,1,0,0
p06,modern,layout_aware,pdf,textbox,grad_date,1,0,0
p06,modern,layout_aware,pdf,textbox,gpa,1,0,0
p06,modern,layout_aware,pdf,textbox,skills,0,0,7
p06,modern,layout_aware,pdf,textbox,experience,0,2,2
p06,modern,naive,docx,single,name,1,0,0
p06,modern,naive,docx,single,email,1,0,0
p06,modern,naive,docx,single,phone,1,0,0
p06,modern,naive,docx,single,degree_level,1,0,0
p06,modern,naive,docx,single,field_of_study,0,0,1
p06,modern,naive,docx,single,school,1,0,0
p06,modern,naive,docx,single,grad_date,1,0,0
p06,modern,naive,docx,single,gpa,1,0,0
p06,modern,naive,docx,single,skills,0,0,7
p06,modern,naive,docx,single,experience,0,2,2
p06,modern,layout_aware,docx,single,name,1,0,0
p06,modern,layout_aware,docx,single,email,1,0,0
p06,modern,layout_aware,docx,single,phone,1,0,0
p06,modern,layout_aware,docx,single,degree_level,1,0,0
p06,modern,layout_aware,docx,single,field_of_study,0,0,1
p06,modern,layout_aware,docx,single,school,1,0,0
p06,modern,layout_aware,docx,single,grad_date,1,0,0
p06,modern,layout_aware,docx,single,gpa,1,0,0
p06,modern,layout_aware,docx,single,skills,0,0,7
p06,modern,layout_aware,docx,single,experience,0,2,2
p06,modern,naive,docx,two_column,name,1,0,0
p06,modern,naive,docx,two_column,email,1,0,0
p06,modern,naive,docx,two_column,phone,1,0,0
p06,modern,naive,docx,two_column,degree_level,1,0,0
p06,modern,naive,docx,two_column,field_of_study,0,0,1
p06,modern,naive,docx,two_column,school,1,0,0
p06,modern,naive,docx,two_column,grad_date,1,0,0
p06,modern,naive,docx,two_column,gpa,1,0,0
p06,modern,naive,docx,two_column,skills,0,0,7
p06,modern,naive,docx,two_column,experience,0,2,2
p06,modern,layout_aware,docx,two_column,name,1,0,0
p06,modern,layout_aware,docx,two_column,email,1,0,0
p06,modern,layout_aware,docx,two_column,phone,1,0,0
p06,modern,layout_aware,docx,two_column,degree_level,1,0,0
p06,modern,layout_aware,docx,two_column,field_of_study,0,0,1
p06,modern,layout_aware,docx,two_column,school,1,0,0
p06,modern,layout_aware,docx,two_column,grad_date,1,0,0
p06,modern,layout_aware,docx,two_column,gpa,1,0,0
p06,modern,layout_aware,docx,two_column,skills,0,0,7
p06,modern,layout_aware,docx,two_column,experience,0,2,2
p06,modern,naive,docx,table,name,1,0,0
p06,modern,naive,docx,table,email,1,0,0
p06,modern,naive,docx,table,phone,1,0,0
p06,modern,naive,docx,table,degree_level,1,0,0
p06,modern,naive,docx,table,field_of_study,0,0,1
p06,modern,naive,docx,table,school,1,0,0
p06,modern,naive,docx,table,grad_date,1,0,0
p06,modern,naive,docx,table,gpa,1,0,0
p06,modern,naive,docx,table,skills,0,0,7
p06,modern,naive,docx,table,experience,0,2,2
p06,modern,layout_aware,docx,table,name,1,0,0
p06,modern,layout_aware,docx,table,email,1,0,0
p06,modern,layout_aware,docx,table,phone,1,0,0
p06,modern,layout_aware,docx,table,degree_level,1,0,0
p06,modern,layout_aware,docx,table,field_of_study,0,0,1
p06,modern,layout_aware,docx,table,school,1,0,0
p06,modern,layout_aware,docx,table,grad_date,1,0,0
p06,modern,layout_aware,docx,table,gpa,1,0,0
p06,modern,layout_aware,docx,table,skills,0,0,7
p06,modern,layout_aware,docx,table,experience,0,2,2
p06,modern,naive,docx,textbox,name,1,0,0
p06,modern,naive,docx,textbox,email,0,0,1
p06,modern,naive,docx,textbox,phone,0,0,1
p06,modern,naive,docx,textbox,degree_level,1,0,0
p06,modern,naive,docx,textbox,field_of_study,0,0,1
p06,modern,naive,docx,textbox,school,1,0,0
p06,modern,naive,docx,textbox,grad_date,1,0,0
p06,modern,naive,docx,textbox,gpa,1,0,0
p06,modern,naive,docx,textbox,skills,0,0,7
p06,modern,naive,docx,textbox,experience,0,2,2
p06,modern,layout_aware,docx,textbox,name,1,0,0
p06,modern,layout_aware,docx,textbox,email,1,0,0
p06,modern,layout_aware,docx,textbox,phone,1,0,0
p06,modern,layout_aware,docx,textbox,degree_level,1,0,0
p06,modern,layout_aware,docx,textbox,field_of_study,0,0,1
p06,modern,layout_aware,docx,textbox,school,1,0,0
p06,modern,layout_aware,docx,textbox,grad_date,1,0,0
p06,modern,layout_aware,docx,textbox,gpa,1,0,0
p06,modern,layout_aware,docx,textbox,skills,0,0,7
p06,modern,layout_aware,docx,textbox,experience,0,2,2
p07,classic,naive,pdf,single,name,1,0,0
p07,classic,naive,pdf,single,email,1,0,0
p07,classic,naive,pdf,single,phone,1,0,0
p07,classic,naive,pdf,single,degree_level,1,0,0
p07,classic,naive,pdf,single,field_of_study,1,0,0
p07,classic,naive,pdf,single,school,1,0,0
p07,classic,naive,pdf,single,grad_date,1,0,0
p07,classic,naive,pdf,single,gpa,1,0,0
p07,classic,naive,pdf,single,skills,9,0,0
p07,classic,naive,pdf,single,experience,2,0,0
p07,classic,layout_aware,pdf,single,name,1,0,0
p07,classic,layout_aware,pdf,single,email,1,0,0
p07,classic,layout_aware,pdf,single,phone,1,0,0
p07,classic,layout_aware,pdf,single,degree_level,1,0,0
p07,classic,layout_aware,pdf,single,field_of_study,1,0,0
p07,classic,layout_aware,pdf,single,school,1,0,0
p07,classic,layout_aware,pdf,single,grad_date,1,0,0
p07,classic,layout_aware,pdf,single,gpa,1,0,0
p07,classic,layout_aware,pdf,single,skills,9,0,0
p07,classic,layout_aware,pdf,single,experience,2,0,0
p07,classic,naive,pdf,two_column,name,1,0,0
p07,classic,naive,pdf,two_column,email,1,0,0
p07,classic,naive,pdf,two_column,phone,1,0,0
p07,classic,naive,pdf,two_column,degree_level,1,0,0
p07,classic,naive,pdf,two_column,field_of_study,1,0,0
p07,classic,naive,pdf,two_column,school,1,0,0
p07,classic,naive,pdf,two_column,grad_date,0,1,1
p07,classic,naive,pdf,two_column,gpa,1,0,0
p07,classic,naive,pdf,two_column,skills,0,0,9
p07,classic,naive,pdf,two_column,experience,0,0,2
p07,classic,layout_aware,pdf,two_column,name,1,0,0
p07,classic,layout_aware,pdf,two_column,email,1,0,0
p07,classic,layout_aware,pdf,two_column,phone,1,0,0
p07,classic,layout_aware,pdf,two_column,degree_level,1,0,0
p07,classic,layout_aware,pdf,two_column,field_of_study,1,0,0
p07,classic,layout_aware,pdf,two_column,school,1,0,0
p07,classic,layout_aware,pdf,two_column,grad_date,1,0,0
p07,classic,layout_aware,pdf,two_column,gpa,1,0,0
p07,classic,layout_aware,pdf,two_column,skills,9,0,0
p07,classic,layout_aware,pdf,two_column,experience,2,0,0
p07,classic,naive,pdf,table,name,1,0,0
p07,classic,naive,pdf,table,email,1,0,0
p07,classic,naive,pdf,table,phone,1,0,0
p07,classic,naive,pdf,table,degree_level,0,0,1
p07,classic,naive,pdf,table,field_of_study,0,0,1
p07,classic,naive,pdf,table,school,0,0,1
p07,classic,naive,pdf,table,grad_date,0,0,1
p07,classic,naive,pdf,table,gpa,1,0,0
p07,classic,naive,pdf,table,skills,0,0,9
p07,classic,naive,pdf,table,experience,0,0,2
p07,classic,layout_aware,pdf,table,name,1,0,0
p07,classic,layout_aware,pdf,table,email,1,0,0
p07,classic,layout_aware,pdf,table,phone,1,0,0
p07,classic,layout_aware,pdf,table,degree_level,1,0,0
p07,classic,layout_aware,pdf,table,field_of_study,1,0,0
p07,classic,layout_aware,pdf,table,school,1,0,0
p07,classic,layout_aware,pdf,table,grad_date,1,0,0
p07,classic,layout_aware,pdf,table,gpa,1,0,0
p07,classic,layout_aware,pdf,table,skills,9,0,0
p07,classic,layout_aware,pdf,table,experience,2,0,0
p07,classic,naive,pdf,textbox,name,0,0,1
p07,classic,naive,pdf,textbox,email,1,0,0
p07,classic,naive,pdf,textbox,phone,1,0,0
p07,classic,naive,pdf,textbox,degree_level,1,0,0
p07,classic,naive,pdf,textbox,field_of_study,1,0,0
p07,classic,naive,pdf,textbox,school,1,0,0
p07,classic,naive,pdf,textbox,grad_date,1,0,0
p07,classic,naive,pdf,textbox,gpa,1,0,0
p07,classic,naive,pdf,textbox,skills,0,0,9
p07,classic,naive,pdf,textbox,experience,2,0,0
p07,classic,layout_aware,pdf,textbox,name,1,0,0
p07,classic,layout_aware,pdf,textbox,email,1,0,0
p07,classic,layout_aware,pdf,textbox,phone,1,0,0
p07,classic,layout_aware,pdf,textbox,degree_level,1,0,0
p07,classic,layout_aware,pdf,textbox,field_of_study,1,0,0
p07,classic,layout_aware,pdf,textbox,school,1,0,0
p07,classic,layout_aware,pdf,textbox,grad_date,1,0,0
p07,classic,layout_aware,pdf,textbox,gpa,1,0,0
p07,classic,layout_aware,pdf,textbox,skills,9,0,0
p07,classic,layout_aware,pdf,textbox,experience,2,0,0
p07,classic,naive,docx,single,name,1,0,0
p07,classic,naive,docx,single,email,1,0,0
p07,classic,naive,docx,single,phone,1,0,0
p07,classic,naive,docx,single,degree_level,1,0,0
p07,classic,naive,docx,single,field_of_study,1,0,0
p07,classic,naive,docx,single,school,1,0,0
p07,classic,naive,docx,single,grad_date,1,0,0
p07,classic,naive,docx,single,gpa,1,0,0
p07,classic,naive,docx,single,skills,9,0,0
p07,classic,naive,docx,single,experience,2,0,0
p07,classic,layout_aware,docx,single,name,1,0,0
p07,classic,layout_aware,docx,single,email,1,0,0
p07,classic,layout_aware,docx,single,phone,1,0,0
p07,classic,layout_aware,docx,single,degree_level,1,0,0
p07,classic,layout_aware,docx,single,field_of_study,1,0,0
p07,classic,layout_aware,docx,single,school,1,0,0
p07,classic,layout_aware,docx,single,grad_date,1,0,0
p07,classic,layout_aware,docx,single,gpa,1,0,0
p07,classic,layout_aware,docx,single,skills,9,0,0
p07,classic,layout_aware,docx,single,experience,2,0,0
p07,classic,naive,docx,two_column,name,1,0,0
p07,classic,naive,docx,two_column,email,1,0,0
p07,classic,naive,docx,two_column,phone,1,0,0
p07,classic,naive,docx,two_column,degree_level,1,0,0
p07,classic,naive,docx,two_column,field_of_study,1,0,0
p07,classic,naive,docx,two_column,school,1,0,0
p07,classic,naive,docx,two_column,grad_date,1,0,0
p07,classic,naive,docx,two_column,gpa,1,0,0
p07,classic,naive,docx,two_column,skills,9,0,0
p07,classic,naive,docx,two_column,experience,2,0,0
p07,classic,layout_aware,docx,two_column,name,1,0,0
p07,classic,layout_aware,docx,two_column,email,1,0,0
p07,classic,layout_aware,docx,two_column,phone,1,0,0
p07,classic,layout_aware,docx,two_column,degree_level,1,0,0
p07,classic,layout_aware,docx,two_column,field_of_study,1,0,0
p07,classic,layout_aware,docx,two_column,school,1,0,0
p07,classic,layout_aware,docx,two_column,grad_date,1,0,0
p07,classic,layout_aware,docx,two_column,gpa,1,0,0
p07,classic,layout_aware,docx,two_column,skills,9,0,0
p07,classic,layout_aware,docx,two_column,experience,2,0,0
p07,classic,naive,docx,table,name,1,0,0
p07,classic,naive,docx,table,email,1,0,0
p07,classic,naive,docx,table,phone,1,0,0
p07,classic,naive,docx,table,degree_level,1,0,0
p07,classic,naive,docx,table,field_of_study,1,0,0
p07,classic,naive,docx,table,school,1,0,0
p07,classic,naive,docx,table,grad_date,1,0,0
p07,classic,naive,docx,table,gpa,1,0,0
p07,classic,naive,docx,table,skills,9,0,0
p07,classic,naive,docx,table,experience,2,0,0
p07,classic,layout_aware,docx,table,name,1,0,0
p07,classic,layout_aware,docx,table,email,1,0,0
p07,classic,layout_aware,docx,table,phone,1,0,0
p07,classic,layout_aware,docx,table,degree_level,1,0,0
p07,classic,layout_aware,docx,table,field_of_study,1,0,0
p07,classic,layout_aware,docx,table,school,1,0,0
p07,classic,layout_aware,docx,table,grad_date,1,0,0
p07,classic,layout_aware,docx,table,gpa,1,0,0
p07,classic,layout_aware,docx,table,skills,9,0,0
p07,classic,layout_aware,docx,table,experience,2,0,0
p07,classic,naive,docx,textbox,name,1,0,0
p07,classic,naive,docx,textbox,email,0,0,1
p07,classic,naive,docx,textbox,phone,0,0,1
p07,classic,naive,docx,textbox,degree_level,1,0,0
p07,classic,naive,docx,textbox,field_of_study,1,0,0
p07,classic,naive,docx,textbox,school,1,0,0
p07,classic,naive,docx,textbox,grad_date,1,0,0
p07,classic,naive,docx,textbox,gpa,1,0,0
p07,classic,naive,docx,textbox,skills,0,0,9
p07,classic,naive,docx,textbox,experience,2,0,0
p07,classic,layout_aware,docx,textbox,name,1,0,0
p07,classic,layout_aware,docx,textbox,email,1,0,0
p07,classic,layout_aware,docx,textbox,phone,1,0,0
p07,classic,layout_aware,docx,textbox,degree_level,1,0,0
p07,classic,layout_aware,docx,textbox,field_of_study,1,0,0
p07,classic,layout_aware,docx,textbox,school,1,0,0
p07,classic,layout_aware,docx,textbox,grad_date,1,0,0
p07,classic,layout_aware,docx,textbox,gpa,1,0,0
p07,classic,layout_aware,docx,textbox,skills,9,0,0
p07,classic,layout_aware,docx,textbox,experience,2,0,0
p07,modern,naive,pdf,single,name,1,0,0
p07,modern,naive,pdf,single,email,1,0,0
p07,modern,naive,pdf,single,phone,1,0,0
p07,modern,naive,pdf,single,degree_level,1,0,0
p07,modern,naive,pdf,single,field_of_study,0,0,1
p07,modern,naive,pdf,single,school,1,0,0
p07,modern,naive,pdf,single,grad_date,1,0,0
p07,modern,naive,pdf,single,gpa,1,0,0
p07,modern,naive,pdf,single,skills,0,0,9
p07,modern,naive,pdf,single,experience,0,2,2
p07,modern,layout_aware,pdf,single,name,1,0,0
p07,modern,layout_aware,pdf,single,email,1,0,0
p07,modern,layout_aware,pdf,single,phone,1,0,0
p07,modern,layout_aware,pdf,single,degree_level,1,0,0
p07,modern,layout_aware,pdf,single,field_of_study,0,0,1
p07,modern,layout_aware,pdf,single,school,1,0,0
p07,modern,layout_aware,pdf,single,grad_date,1,0,0
p07,modern,layout_aware,pdf,single,gpa,1,0,0
p07,modern,layout_aware,pdf,single,skills,0,0,9
p07,modern,layout_aware,pdf,single,experience,0,2,2
p07,modern,naive,pdf,two_column,name,1,0,0
p07,modern,naive,pdf,two_column,email,1,0,0
p07,modern,naive,pdf,two_column,phone,1,0,0
p07,modern,naive,pdf,two_column,degree_level,1,0,0
p07,modern,naive,pdf,two_column,field_of_study,0,1,1
p07,modern,naive,pdf,two_column,school,0,1,1
p07,modern,naive,pdf,two_column,grad_date,0,1,1
p07,modern,naive,pdf,two_column,gpa,1,0,0
p07,modern,naive,pdf,two_column,skills,0,0,9
p07,modern,naive,pdf,two_column,experience,0,0,2
p07,modern,layout_aware,pdf,two_column,name,1,0,0
p07,modern,layout_aware,pdf,two_column,email,1,0,0
p07,modern,layout_aware,pdf,two_column,phone,1,0,0
p07,modern,layout_aware,pdf,two_column,degree_level,1,0,0
p07,modern,layout_aware,pdf,two_column,field_of_study,0,0,1
p07,modern,layout_aware,pdf,two_column,school,0,1,1
p07,modern,layout_aware,pdf,two_column,grad_date,1,0,0
p07,modern,layout_aware,pdf,two_column,gpa,1,0,0
p07,modern,layout_aware,pdf,two_column,skills,0,0,9
p07,modern,layout_aware,pdf,two_column,experience,0,2,2
p07,modern,naive,pdf,table,name,1,0,0
p07,modern,naive,pdf,table,email,1,0,0
p07,modern,naive,pdf,table,phone,1,0,0
p07,modern,naive,pdf,table,degree_level,0,0,1
p07,modern,naive,pdf,table,field_of_study,0,0,1
p07,modern,naive,pdf,table,school,0,0,1
p07,modern,naive,pdf,table,grad_date,0,0,1
p07,modern,naive,pdf,table,gpa,1,0,0
p07,modern,naive,pdf,table,skills,0,0,9
p07,modern,naive,pdf,table,experience,0,0,2
p07,modern,layout_aware,pdf,table,name,1,0,0
p07,modern,layout_aware,pdf,table,email,1,0,0
p07,modern,layout_aware,pdf,table,phone,1,0,0
p07,modern,layout_aware,pdf,table,degree_level,1,0,0
p07,modern,layout_aware,pdf,table,field_of_study,0,0,1
p07,modern,layout_aware,pdf,table,school,1,0,0
p07,modern,layout_aware,pdf,table,grad_date,1,0,0
p07,modern,layout_aware,pdf,table,gpa,1,0,0
p07,modern,layout_aware,pdf,table,skills,0,0,9
p07,modern,layout_aware,pdf,table,experience,0,2,2
p07,modern,naive,pdf,textbox,name,0,0,1
p07,modern,naive,pdf,textbox,email,1,0,0
p07,modern,naive,pdf,textbox,phone,1,0,0
p07,modern,naive,pdf,textbox,degree_level,0,0,1
p07,modern,naive,pdf,textbox,field_of_study,0,0,1
p07,modern,naive,pdf,textbox,school,0,0,1
p07,modern,naive,pdf,textbox,grad_date,0,0,1
p07,modern,naive,pdf,textbox,gpa,1,0,0
p07,modern,naive,pdf,textbox,skills,0,0,9
p07,modern,naive,pdf,textbox,experience,0,2,2
p07,modern,layout_aware,pdf,textbox,name,1,0,0
p07,modern,layout_aware,pdf,textbox,email,1,0,0
p07,modern,layout_aware,pdf,textbox,phone,1,0,0
p07,modern,layout_aware,pdf,textbox,degree_level,1,0,0
p07,modern,layout_aware,pdf,textbox,field_of_study,0,0,1
p07,modern,layout_aware,pdf,textbox,school,1,0,0
p07,modern,layout_aware,pdf,textbox,grad_date,1,0,0
p07,modern,layout_aware,pdf,textbox,gpa,1,0,0
p07,modern,layout_aware,pdf,textbox,skills,0,0,9
p07,modern,layout_aware,pdf,textbox,experience,0,2,2
p07,modern,naive,docx,single,name,1,0,0
p07,modern,naive,docx,single,email,1,0,0
p07,modern,naive,docx,single,phone,1,0,0
p07,modern,naive,docx,single,degree_level,1,0,0
p07,modern,naive,docx,single,field_of_study,0,0,1
p07,modern,naive,docx,single,school,1,0,0
p07,modern,naive,docx,single,grad_date,1,0,0
p07,modern,naive,docx,single,gpa,1,0,0
p07,modern,naive,docx,single,skills,0,0,9
p07,modern,naive,docx,single,experience,0,2,2
p07,modern,layout_aware,docx,single,name,1,0,0
p07,modern,layout_aware,docx,single,email,1,0,0
p07,modern,layout_aware,docx,single,phone,1,0,0
p07,modern,layout_aware,docx,single,degree_level,1,0,0
p07,modern,layout_aware,docx,single,field_of_study,0,0,1
p07,modern,layout_aware,docx,single,school,1,0,0
p07,modern,layout_aware,docx,single,grad_date,1,0,0
p07,modern,layout_aware,docx,single,gpa,1,0,0
p07,modern,layout_aware,docx,single,skills,0,0,9
p07,modern,layout_aware,docx,single,experience,0,2,2
p07,modern,naive,docx,two_column,name,1,0,0
p07,modern,naive,docx,two_column,email,1,0,0
p07,modern,naive,docx,two_column,phone,1,0,0
p07,modern,naive,docx,two_column,degree_level,1,0,0
p07,modern,naive,docx,two_column,field_of_study,0,0,1
p07,modern,naive,docx,two_column,school,1,0,0
p07,modern,naive,docx,two_column,grad_date,1,0,0
p07,modern,naive,docx,two_column,gpa,1,0,0
p07,modern,naive,docx,two_column,skills,0,0,9
p07,modern,naive,docx,two_column,experience,0,2,2
p07,modern,layout_aware,docx,two_column,name,1,0,0
p07,modern,layout_aware,docx,two_column,email,1,0,0
p07,modern,layout_aware,docx,two_column,phone,1,0,0
p07,modern,layout_aware,docx,two_column,degree_level,1,0,0
p07,modern,layout_aware,docx,two_column,field_of_study,0,0,1
p07,modern,layout_aware,docx,two_column,school,1,0,0
p07,modern,layout_aware,docx,two_column,grad_date,1,0,0
p07,modern,layout_aware,docx,two_column,gpa,1,0,0
p07,modern,layout_aware,docx,two_column,skills,0,0,9
p07,modern,layout_aware,docx,two_column,experience,0,2,2
p07,modern,naive,docx,table,name,1,0,0
p07,modern,naive,docx,table,email,1,0,0
p07,modern,naive,docx,table,phone,1,0,0
p07,modern,naive,docx,table,degree_level,1,0,0
p07,modern,naive,docx,table,field_of_study,0,0,1
p07,modern,naive,docx,table,school,1,0,0
p07,modern,naive,docx,table,grad_date,1,0,0
p07,modern,naive,docx,table,gpa,1,0,0
p07,modern,naive,docx,table,skills,0,0,9
p07,modern,naive,docx,table,experience,0,2,2
p07,modern,layout_aware,docx,table,name,1,0,0
p07,modern,layout_aware,docx,table,email,1,0,0
p07,modern,layout_aware,docx,table,phone,1,0,0
p07,modern,layout_aware,docx,table,degree_level,1,0,0
p07,modern,layout_aware,docx,table,field_of_study,0,0,1
p07,modern,layout_aware,docx,table,school,1,0,0
p07,modern,layout_aware,docx,table,grad_date,1,0,0
p07,modern,layout_aware,docx,table,gpa,1,0,0
p07,modern,layout_aware,docx,table,skills,0,0,9
p07,modern,layout_aware,docx,table,experience,0,2,2
p07,modern,naive,docx,textbox,name,1,0,0
p07,modern,naive,docx,textbox,email,0,0,1
p07,modern,naive,docx,textbox,phone,0,0,1
p07,modern,naive,docx,textbox,degree_level,1,0,0
p07,modern,naive,docx,textbox,field_of_study,0,0,1
p07,modern,naive,docx,textbox,school,1,0,0
p07,modern,naive,docx,textbox,grad_date,1,0,0
p07,modern,naive,docx,textbox,gpa,1,0,0
p07,modern,naive,docx,textbox,skills,0,0,9
p07,modern,naive,docx,textbox,experience,0,2,2
p07,modern,layout_aware,docx,textbox,name,1,0,0
p07,modern,layout_aware,docx,textbox,email,1,0,0
p07,modern,layout_aware,docx,textbox,phone,1,0,0
p07,modern,layout_aware,docx,textbox,degree_level,1,0,0
p07,modern,layout_aware,docx,textbox,field_of_study,0,0,1
p07,modern,layout_aware,docx,textbox,school,1,0,0
p07,modern,layout_aware,docx,textbox,grad_date,1,0,0
p07,modern,layout_aware,docx,textbox,gpa,1,0,0
p07,modern,layout_aware,docx,textbox,skills,0,0,9
p07,modern,layout_aware,docx,textbox,experience,0,2,2
p08,classic,naive,pdf,single,name,1,0,0
p08,classic,naive,pdf,single,email,1,0,0
p08,classic,naive,pdf,single,phone,1,0,0
p08,classic,naive,pdf,single,degree_level,1,0,0
p08,classic,naive,pdf,single,field_of_study,1,0,0
p08,classic,naive,pdf,single,school,1,0,0
p08,classic,naive,pdf,single,grad_date,1,0,0
p08,classic,naive,pdf,single,gpa,1,0,0
p08,classic,naive,pdf,single,skills,7,0,0
p08,classic,naive,pdf,single,experience,2,0,0
p08,classic,layout_aware,pdf,single,name,1,0,0
p08,classic,layout_aware,pdf,single,email,1,0,0
p08,classic,layout_aware,pdf,single,phone,1,0,0
p08,classic,layout_aware,pdf,single,degree_level,1,0,0
p08,classic,layout_aware,pdf,single,field_of_study,1,0,0
p08,classic,layout_aware,pdf,single,school,1,0,0
p08,classic,layout_aware,pdf,single,grad_date,1,0,0
p08,classic,layout_aware,pdf,single,gpa,1,0,0
p08,classic,layout_aware,pdf,single,skills,7,0,0
p08,classic,layout_aware,pdf,single,experience,2,0,0
p08,classic,naive,pdf,two_column,name,1,0,0
p08,classic,naive,pdf,two_column,email,1,0,0
p08,classic,naive,pdf,two_column,phone,1,0,0
p08,classic,naive,pdf,two_column,degree_level,1,0,0
p08,classic,naive,pdf,two_column,field_of_study,1,0,0
p08,classic,naive,pdf,two_column,school,1,0,0
p08,classic,naive,pdf,two_column,grad_date,1,0,0
p08,classic,naive,pdf,two_column,gpa,1,0,0
p08,classic,naive,pdf,two_column,skills,5,2,2
p08,classic,naive,pdf,two_column,experience,0,0,2
p08,classic,layout_aware,pdf,two_column,name,1,0,0
p08,classic,layout_aware,pdf,two_column,email,1,0,0
p08,classic,layout_aware,pdf,two_column,phone,1,0,0
p08,classic,layout_aware,pdf,two_column,degree_level,1,0,0
p08,classic,layout_aware,pdf,two_column,field_of_study,1,0,0
p08,classic,layout_aware,pdf,two_column,school,1,0,0
p08,classic,layout_aware,pdf,two_column,grad_date,1,0,0
p08,classic,layout_aware,pdf,two_column,gpa,1,0,0
p08,classic,layout_aware,pdf,two_column,skills,7,0,0
p08,classic,layout_aware,pdf,two_column,experience,2,0,0
p08,classic,naive,pdf,table,name,1,0,0
p08,classic,naive,pdf,table,email,1,0,0
p08,classic,naive,pdf,table,phone,1,0,0
p08,classic,naive,pdf,table,degree_level,0,0,1
p08,classic,naive,pdf,table,field_of_study,0,0,1
p08,classic,naive,pdf,table,school,0,0,1
p08,classic,naive,pdf,table,grad_date,0,0,1
p08,classic,naive,pdf,table,gpa,1,0,0
p08,classic,naive,pdf,table,skills,0,0,7
p08,classic,naive,pdf,table,experience,0,0,2
p08,classic,layout_aware,pdf,table,name,1,0,0
p08,classic,layout_aware,pdf,table,email,1,0,0
p08,classic,layout_aware,pdf,table,phone,1,0,0
p08,classic,layout_aware,pdf,table,degree_level,1,0,0
p08,classic,layout_aware,pdf,table,field_of_study,1,0,0
p08,classic,layout_aware,pdf,table,school,1,0,0
p08,classic,layout_aware,pdf,table,grad_date,1,0,0
p08,classic,layout_aware,pdf,table,gpa,1,0,0
p08,classic,layout_aware,pdf,table,skills,7,0,0
p08,classic,layout_aware,pdf,table,experience,2,0,0
p08,classic,naive,pdf,textbox,name,0,0,1
p08,classic,naive,pdf,textbox,email,1,0,0
p08,classic,naive,pdf,textbox,phone,1,0,0
p08,classic,naive,pdf,textbox,degree_level,1,0,0
p08,classic,naive,pdf,textbox,field_of_study,1,0,0
p08,classic,naive,pdf,textbox,school,1,0,0
p08,classic,naive,pdf,textbox,grad_date,1,0,0
p08,classic,naive,pdf,textbox,gpa,1,0,0
p08,classic,naive,pdf,textbox,skills,0,0,7
p08,classic,naive,pdf,textbox,experience,1,0,1
p08,classic,layout_aware,pdf,textbox,name,1,0,0
p08,classic,layout_aware,pdf,textbox,email,1,0,0
p08,classic,layout_aware,pdf,textbox,phone,1,0,0
p08,classic,layout_aware,pdf,textbox,degree_level,1,0,0
p08,classic,layout_aware,pdf,textbox,field_of_study,1,0,0
p08,classic,layout_aware,pdf,textbox,school,1,0,0
p08,classic,layout_aware,pdf,textbox,grad_date,1,0,0
p08,classic,layout_aware,pdf,textbox,gpa,1,0,0
p08,classic,layout_aware,pdf,textbox,skills,7,0,0
p08,classic,layout_aware,pdf,textbox,experience,1,0,1
p08,classic,naive,docx,single,name,1,0,0
p08,classic,naive,docx,single,email,1,0,0
p08,classic,naive,docx,single,phone,1,0,0
p08,classic,naive,docx,single,degree_level,1,0,0
p08,classic,naive,docx,single,field_of_study,1,0,0
p08,classic,naive,docx,single,school,1,0,0
p08,classic,naive,docx,single,grad_date,1,0,0
p08,classic,naive,docx,single,gpa,1,0,0
p08,classic,naive,docx,single,skills,7,0,0
p08,classic,naive,docx,single,experience,2,0,0
p08,classic,layout_aware,docx,single,name,1,0,0
p08,classic,layout_aware,docx,single,email,1,0,0
p08,classic,layout_aware,docx,single,phone,1,0,0
p08,classic,layout_aware,docx,single,degree_level,1,0,0
p08,classic,layout_aware,docx,single,field_of_study,1,0,0
p08,classic,layout_aware,docx,single,school,1,0,0
p08,classic,layout_aware,docx,single,grad_date,1,0,0
p08,classic,layout_aware,docx,single,gpa,1,0,0
p08,classic,layout_aware,docx,single,skills,7,0,0
p08,classic,layout_aware,docx,single,experience,2,0,0
p08,classic,naive,docx,two_column,name,1,0,0
p08,classic,naive,docx,two_column,email,1,0,0
p08,classic,naive,docx,two_column,phone,1,0,0
p08,classic,naive,docx,two_column,degree_level,1,0,0
p08,classic,naive,docx,two_column,field_of_study,1,0,0
p08,classic,naive,docx,two_column,school,1,0,0
p08,classic,naive,docx,two_column,grad_date,1,0,0
p08,classic,naive,docx,two_column,gpa,1,0,0
p08,classic,naive,docx,two_column,skills,7,0,0
p08,classic,naive,docx,two_column,experience,2,0,0
p08,classic,layout_aware,docx,two_column,name,1,0,0
p08,classic,layout_aware,docx,two_column,email,1,0,0
p08,classic,layout_aware,docx,two_column,phone,1,0,0
p08,classic,layout_aware,docx,two_column,degree_level,1,0,0
p08,classic,layout_aware,docx,two_column,field_of_study,1,0,0
p08,classic,layout_aware,docx,two_column,school,1,0,0
p08,classic,layout_aware,docx,two_column,grad_date,1,0,0
p08,classic,layout_aware,docx,two_column,gpa,1,0,0
p08,classic,layout_aware,docx,two_column,skills,7,0,0
p08,classic,layout_aware,docx,two_column,experience,2,0,0
p08,classic,naive,docx,table,name,1,0,0
p08,classic,naive,docx,table,email,1,0,0
p08,classic,naive,docx,table,phone,1,0,0
p08,classic,naive,docx,table,degree_level,1,0,0
p08,classic,naive,docx,table,field_of_study,1,0,0
p08,classic,naive,docx,table,school,1,0,0
p08,classic,naive,docx,table,grad_date,1,0,0
p08,classic,naive,docx,table,gpa,1,0,0
p08,classic,naive,docx,table,skills,7,0,0
p08,classic,naive,docx,table,experience,2,0,0
p08,classic,layout_aware,docx,table,name,1,0,0
p08,classic,layout_aware,docx,table,email,1,0,0
p08,classic,layout_aware,docx,table,phone,1,0,0
p08,classic,layout_aware,docx,table,degree_level,1,0,0
p08,classic,layout_aware,docx,table,field_of_study,1,0,0
p08,classic,layout_aware,docx,table,school,1,0,0
p08,classic,layout_aware,docx,table,grad_date,1,0,0
p08,classic,layout_aware,docx,table,gpa,1,0,0
p08,classic,layout_aware,docx,table,skills,7,0,0
p08,classic,layout_aware,docx,table,experience,2,0,0
p08,classic,naive,docx,textbox,name,1,0,0
p08,classic,naive,docx,textbox,email,0,0,1
p08,classic,naive,docx,textbox,phone,0,0,1
p08,classic,naive,docx,textbox,degree_level,1,0,0
p08,classic,naive,docx,textbox,field_of_study,1,0,0
p08,classic,naive,docx,textbox,school,1,0,0
p08,classic,naive,docx,textbox,grad_date,1,0,0
p08,classic,naive,docx,textbox,gpa,1,0,0
p08,classic,naive,docx,textbox,skills,0,0,7
p08,classic,naive,docx,textbox,experience,2,0,0
p08,classic,layout_aware,docx,textbox,name,1,0,0
p08,classic,layout_aware,docx,textbox,email,1,0,0
p08,classic,layout_aware,docx,textbox,phone,1,0,0
p08,classic,layout_aware,docx,textbox,degree_level,1,0,0
p08,classic,layout_aware,docx,textbox,field_of_study,1,0,0
p08,classic,layout_aware,docx,textbox,school,1,0,0
p08,classic,layout_aware,docx,textbox,grad_date,1,0,0
p08,classic,layout_aware,docx,textbox,gpa,1,0,0
p08,classic,layout_aware,docx,textbox,skills,7,0,0
p08,classic,layout_aware,docx,textbox,experience,2,0,0
p08,modern,naive,pdf,single,name,1,0,0
p08,modern,naive,pdf,single,email,1,0,0
p08,modern,naive,pdf,single,phone,1,0,0
p08,modern,naive,pdf,single,degree_level,1,0,0
p08,modern,naive,pdf,single,field_of_study,0,0,1
p08,modern,naive,pdf,single,school,1,0,0
p08,modern,naive,pdf,single,grad_date,1,0,0
p08,modern,naive,pdf,single,gpa,1,0,0
p08,modern,naive,pdf,single,skills,0,0,7
p08,modern,naive,pdf,single,experience,0,2,2
p08,modern,layout_aware,pdf,single,name,1,0,0
p08,modern,layout_aware,pdf,single,email,1,0,0
p08,modern,layout_aware,pdf,single,phone,1,0,0
p08,modern,layout_aware,pdf,single,degree_level,1,0,0
p08,modern,layout_aware,pdf,single,field_of_study,0,0,1
p08,modern,layout_aware,pdf,single,school,1,0,0
p08,modern,layout_aware,pdf,single,grad_date,1,0,0
p08,modern,layout_aware,pdf,single,gpa,1,0,0
p08,modern,layout_aware,pdf,single,skills,0,0,7
p08,modern,layout_aware,pdf,single,experience,0,2,2
p08,modern,naive,pdf,two_column,name,1,0,0
p08,modern,naive,pdf,two_column,email,1,0,0
p08,modern,naive,pdf,two_column,phone,1,0,0
p08,modern,naive,pdf,two_column,degree_level,1,0,0
p08,modern,naive,pdf,two_column,field_of_study,0,0,1
p08,modern,naive,pdf,two_column,school,0,1,1
p08,modern,naive,pdf,two_column,grad_date,1,0,0
p08,modern,naive,pdf,two_column,gpa,1,0,0
p08,modern,naive,pdf,two_column,skills,0,0,7
p08,modern,naive,pdf,two_column,experience,0,0,2
p08,modern,layout_aware,pdf,two_column,name,1,0,0
p08,modern,layout_aware,pdf,two_column,email,1,0,0
p08,modern,layout_aware,pdf,two_column,phone,1,0,0
p08,modern,layout_aware,pdf,two_column,degree_level,1,0,0
p08,modern,layout_aware,pdf,two_column,field_of_study,0,0,1
p08,modern,layout_aware,pdf,two_column,school,0,1,1
p08,modern,layout_aware,pdf,two_column,grad_date,1,0,0
p08,modern,layout_aware,pdf,two_column,gpa,1,0,0
p08,modern,layout_aware,pdf,two_column,skills,0,0,7
p08,modern,layout_aware,pdf,two_column,experience,0,2,2
p08,modern,naive,pdf,table,name,1,0,0
p08,modern,naive,pdf,table,email,1,0,0
p08,modern,naive,pdf,table,phone,1,0,0
p08,modern,naive,pdf,table,degree_level,0,0,1
p08,modern,naive,pdf,table,field_of_study,0,0,1
p08,modern,naive,pdf,table,school,0,0,1
p08,modern,naive,pdf,table,grad_date,0,0,1
p08,modern,naive,pdf,table,gpa,1,0,0
p08,modern,naive,pdf,table,skills,0,0,7
p08,modern,naive,pdf,table,experience,0,0,2
p08,modern,layout_aware,pdf,table,name,1,0,0
p08,modern,layout_aware,pdf,table,email,1,0,0
p08,modern,layout_aware,pdf,table,phone,1,0,0
p08,modern,layout_aware,pdf,table,degree_level,1,0,0
p08,modern,layout_aware,pdf,table,field_of_study,0,0,1
p08,modern,layout_aware,pdf,table,school,1,0,0
p08,modern,layout_aware,pdf,table,grad_date,1,0,0
p08,modern,layout_aware,pdf,table,gpa,1,0,0
p08,modern,layout_aware,pdf,table,skills,0,0,7
p08,modern,layout_aware,pdf,table,experience,0,2,2
p08,modern,naive,pdf,textbox,name,0,0,1
p08,modern,naive,pdf,textbox,email,1,0,0
p08,modern,naive,pdf,textbox,phone,1,0,0
p08,modern,naive,pdf,textbox,degree_level,0,0,1
p08,modern,naive,pdf,textbox,field_of_study,0,0,1
p08,modern,naive,pdf,textbox,school,0,0,1
p08,modern,naive,pdf,textbox,grad_date,0,0,1
p08,modern,naive,pdf,textbox,gpa,1,0,0
p08,modern,naive,pdf,textbox,skills,0,0,7
p08,modern,naive,pdf,textbox,experience,0,2,2
p08,modern,layout_aware,pdf,textbox,name,1,0,0
p08,modern,layout_aware,pdf,textbox,email,1,0,0
p08,modern,layout_aware,pdf,textbox,phone,1,0,0
p08,modern,layout_aware,pdf,textbox,degree_level,1,0,0
p08,modern,layout_aware,pdf,textbox,field_of_study,0,0,1
p08,modern,layout_aware,pdf,textbox,school,1,0,0
p08,modern,layout_aware,pdf,textbox,grad_date,1,0,0
p08,modern,layout_aware,pdf,textbox,gpa,1,0,0
p08,modern,layout_aware,pdf,textbox,skills,0,0,7
p08,modern,layout_aware,pdf,textbox,experience,0,2,2
p08,modern,naive,docx,single,name,1,0,0
p08,modern,naive,docx,single,email,1,0,0
p08,modern,naive,docx,single,phone,1,0,0
p08,modern,naive,docx,single,degree_level,1,0,0
p08,modern,naive,docx,single,field_of_study,0,0,1
p08,modern,naive,docx,single,school,1,0,0
p08,modern,naive,docx,single,grad_date,1,0,0
p08,modern,naive,docx,single,gpa,1,0,0
p08,modern,naive,docx,single,skills,0,0,7
p08,modern,naive,docx,single,experience,0,2,2
p08,modern,layout_aware,docx,single,name,1,0,0
p08,modern,layout_aware,docx,single,email,1,0,0
p08,modern,layout_aware,docx,single,phone,1,0,0
p08,modern,layout_aware,docx,single,degree_level,1,0,0
p08,modern,layout_aware,docx,single,field_of_study,0,0,1
p08,modern,layout_aware,docx,single,school,1,0,0
p08,modern,layout_aware,docx,single,grad_date,1,0,0
p08,modern,layout_aware,docx,single,gpa,1,0,0
p08,modern,layout_aware,docx,single,skills,0,0,7
p08,modern,layout_aware,docx,single,experience,0,2,2
p08,modern,naive,docx,two_column,name,1,0,0
p08,modern,naive,docx,two_column,email,1,0,0
p08,modern,naive,docx,two_column,phone,1,0,0
p08,modern,naive,docx,two_column,degree_level,1,0,0
p08,modern,naive,docx,two_column,field_of_study,0,0,1
p08,modern,naive,docx,two_column,school,1,0,0
p08,modern,naive,docx,two_column,grad_date,1,0,0
p08,modern,naive,docx,two_column,gpa,1,0,0
p08,modern,naive,docx,two_column,skills,0,0,7
p08,modern,naive,docx,two_column,experience,0,2,2
p08,modern,layout_aware,docx,two_column,name,1,0,0
p08,modern,layout_aware,docx,two_column,email,1,0,0
p08,modern,layout_aware,docx,two_column,phone,1,0,0
p08,modern,layout_aware,docx,two_column,degree_level,1,0,0
p08,modern,layout_aware,docx,two_column,field_of_study,0,0,1
p08,modern,layout_aware,docx,two_column,school,1,0,0
p08,modern,layout_aware,docx,two_column,grad_date,1,0,0
p08,modern,layout_aware,docx,two_column,gpa,1,0,0
p08,modern,layout_aware,docx,two_column,skills,0,0,7
p08,modern,layout_aware,docx,two_column,experience,0,2,2
p08,modern,naive,docx,table,name,1,0,0
p08,modern,naive,docx,table,email,1,0,0
p08,modern,naive,docx,table,phone,1,0,0
p08,modern,naive,docx,table,degree_level,1,0,0
p08,modern,naive,docx,table,field_of_study,0,0,1
p08,modern,naive,docx,table,school,1,0,0
p08,modern,naive,docx,table,grad_date,1,0,0
p08,modern,naive,docx,table,gpa,1,0,0
p08,modern,naive,docx,table,skills,0,0,7
p08,modern,naive,docx,table,experience,0,2,2
p08,modern,layout_aware,docx,table,name,1,0,0
p08,modern,layout_aware,docx,table,email,1,0,0
p08,modern,layout_aware,docx,table,phone,1,0,0
p08,modern,layout_aware,docx,table,degree_level,1,0,0
p08,modern,layout_aware,docx,table,field_of_study,0,0,1
p08,modern,layout_aware,docx,table,school,1,0,0
p08,modern,layout_aware,docx,table,grad_date,1,0,0
p08,modern,layout_aware,docx,table,gpa,1,0,0
p08,modern,layout_aware,docx,table,skills,0,0,7
p08,modern,layout_aware,docx,table,experience,0,2,2
p08,modern,naive,docx,textbox,name,1,0,0
p08,modern,naive,docx,textbox,email,0,0,1
p08,modern,naive,docx,textbox,phone,0,0,1
p08,modern,naive,docx,textbox,degree_level,1,0,0
p08,modern,naive,docx,textbox,field_of_study,0,0,1
p08,modern,naive,docx,textbox,school,1,0,0
p08,modern,naive,docx,textbox,grad_date,1,0,0
p08,modern,naive,docx,textbox,gpa,1,0,0
p08,modern,naive,docx,textbox,skills,0,0,7
p08,modern,naive,docx,textbox,experience,0,2,2
p08,modern,layout_aware,docx,textbox,name,1,0,0
p08,modern,layout_aware,docx,textbox,email,1,0,0
p08,modern,layout_aware,docx,textbox,phone,1,0,0
p08,modern,layout_aware,docx,textbox,degree_level,1,0,0
p08,modern,layout_aware,docx,textbox,field_of_study,0,0,1
p08,modern,layout_aware,docx,textbox,school,1,0,0
p08,modern,layout_aware,docx,textbox,grad_date,1,0,0
p08,modern,layout_aware,docx,textbox,gpa,1,0,0
p08,modern,layout_aware,docx,textbox,skills,0,0,7
p08,modern,layout_aware,docx,textbox,experience,0,2,2
p09,classic,naive,pdf,single,name,1,0,0
p09,classic,naive,pdf,single,email,1,0,0
p09,classic,naive,pdf,single,phone,1,0,0
p09,classic,naive,pdf,single,degree_level,1,0,0
p09,classic,naive,pdf,single,field_of_study,1,0,0
p09,classic,naive,pdf,single,school,1,0,0
p09,classic,naive,pdf,single,grad_date,1,0,0
p09,classic,naive,pdf,single,gpa,1,0,0
p09,classic,naive,pdf,single,skills,6,0,0
p09,classic,naive,pdf,single,experience,2,0,0
p09,classic,layout_aware,pdf,single,name,1,0,0
p09,classic,layout_aware,pdf,single,email,1,0,0
p09,classic,layout_aware,pdf,single,phone,1,0,0
p09,classic,layout_aware,pdf,single,degree_level,1,0,0
p09,classic,layout_aware,pdf,single,field_of_study,1,0,0
p09,classic,layout_aware,pdf,single,school,1,0,0
p09,classic,layout_aware,pdf,single,grad_date,1,0,0
p09,classic,layout_aware,pdf,single,gpa,1,0,0
p09,classic,layout_aware,pdf,single,skills,6,0,0
p09,classic,layout_aware,pdf,single,experience,2,0,0
p09,classic,naive,pdf,two_column,name,1,0,0
p09,classic,naive,pdf,two_column,email,1,0,0
p09,classic,naive,pdf,two_column,phone,1,0,0
p09,classic,naive,pdf,two_column,degree_level,1,0,0
p09,classic,naive,pdf,two_column,field_of_study,1,0,0
p09,classic,naive,pdf,two_column,school,1,0,0
p09,classic,naive,pdf,two_column,grad_date,1,0,0
p09,classic,naive,pdf,two_column,gpa,1,0,0
p09,classic,naive,pdf,two_column,skills,4,2,2
p09,classic,naive,pdf,two_column,experience,0,0,2
p09,classic,layout_aware,pdf,two_column,name,1,0,0
p09,classic,layout_aware,pdf,two_column,email,1,0,0
p09,classic,layout_aware,pdf,two_column,phone,1,0,0
p09,classic,layout_aware,pdf,two_column,degree_level,1,0,0
p09,classic,layout_aware,pdf,two_column,field_of_study,1,0,0
p09,classic,layout_aware,pdf,two_column,school,1,0,0
p09,classic,layout_aware,pdf,two_column,grad_date,1,0,0
p09,classic,layout_aware,pdf,two_column,gpa,1,0,0
p09,classic,layout_aware,pdf,two_column,skills,6,0,0
p09,classic,layout_aware,pdf,two_column,experience,0,0,2
p09,classic,naive,pdf,table,name,1,0,0
p09,classic,naive,pdf,table,email,1,0,0
p09,classic,naive,pdf,table,phone,1,0,0
p09,classic,naive,pdf,table,degree_level,0,0,1
p09,classic,naive,pdf,table,field_of_study,0,0,1
p09,classic,naive,pdf,table,school,0,0,1
p09,classic,naive,pdf,table,grad_date,0,0,1
p09,classic,naive,pdf,table,gpa,1,0,0
p09,classic,naive,pdf,table,skills,0,0,6
p09,classic,naive,pdf,table,experience,0,0,2
p09,classic,layout_aware,pdf,table,name,1,0,0
p09,classic,layout_aware,pdf,table,email,1,0,0
p09,classic,layout_aware,pdf,table,phone,1,0,0
p09,classic,layout_aware,pdf,table,degree_level,1,0,0
p09,classic,layout_aware,pdf,table,field_of_study,1,0,0
p09,classic,layout_aware,pdf,table,school,1,0,0
p09,classic,layout_aware,pdf,table,grad_date,1,0,0
p09,classic,layout_aware,pdf,table,gpa,1,0,0
p09,classic,layout_aware,pdf,table,skills,6,0,0
p09,classic,layout_aware,pdf,table,experience,2,0,0
p09,classic,naive,pdf,textbox,name,0,0,1
p09,classic,naive,pdf,textbox,email,1,0,0
p09,classic,naive,pdf,textbox,phone,1,0,0
p09,classic,naive,pdf,textbox,degree_level,1,0,0
p09,classic,naive,pdf,textbox,field_of_study,1,0,0
p09,classic,naive,pdf,textbox,school,1,0,0
p09,classic,naive,pdf,textbox,grad_date,1,0,0
p09,classic,naive,pdf,textbox,gpa,1,0,0
p09,classic,naive,pdf,textbox,skills,0,0,6
p09,classic,naive,pdf,textbox,experience,0,0,2
p09,classic,layout_aware,pdf,textbox,name,1,0,0
p09,classic,layout_aware,pdf,textbox,email,1,0,0
p09,classic,layout_aware,pdf,textbox,phone,1,0,0
p09,classic,layout_aware,pdf,textbox,degree_level,1,0,0
p09,classic,layout_aware,pdf,textbox,field_of_study,1,0,0
p09,classic,layout_aware,pdf,textbox,school,1,0,0
p09,classic,layout_aware,pdf,textbox,grad_date,1,0,0
p09,classic,layout_aware,pdf,textbox,gpa,1,0,0
p09,classic,layout_aware,pdf,textbox,skills,6,0,0
p09,classic,layout_aware,pdf,textbox,experience,0,0,2
p09,classic,naive,docx,single,name,1,0,0
p09,classic,naive,docx,single,email,1,0,0
p09,classic,naive,docx,single,phone,1,0,0
p09,classic,naive,docx,single,degree_level,1,0,0
p09,classic,naive,docx,single,field_of_study,1,0,0
p09,classic,naive,docx,single,school,1,0,0
p09,classic,naive,docx,single,grad_date,1,0,0
p09,classic,naive,docx,single,gpa,1,0,0
p09,classic,naive,docx,single,skills,6,0,0
p09,classic,naive,docx,single,experience,2,0,0
p09,classic,layout_aware,docx,single,name,1,0,0
p09,classic,layout_aware,docx,single,email,1,0,0
p09,classic,layout_aware,docx,single,phone,1,0,0
p09,classic,layout_aware,docx,single,degree_level,1,0,0
p09,classic,layout_aware,docx,single,field_of_study,1,0,0
p09,classic,layout_aware,docx,single,school,1,0,0
p09,classic,layout_aware,docx,single,grad_date,1,0,0
p09,classic,layout_aware,docx,single,gpa,1,0,0
p09,classic,layout_aware,docx,single,skills,6,0,0
p09,classic,layout_aware,docx,single,experience,2,0,0
p09,classic,naive,docx,two_column,name,1,0,0
p09,classic,naive,docx,two_column,email,1,0,0
p09,classic,naive,docx,two_column,phone,1,0,0
p09,classic,naive,docx,two_column,degree_level,1,0,0
p09,classic,naive,docx,two_column,field_of_study,1,0,0
p09,classic,naive,docx,two_column,school,1,0,0
p09,classic,naive,docx,two_column,grad_date,1,0,0
p09,classic,naive,docx,two_column,gpa,1,0,0
p09,classic,naive,docx,two_column,skills,6,0,0
p09,classic,naive,docx,two_column,experience,2,0,0
p09,classic,layout_aware,docx,two_column,name,1,0,0
p09,classic,layout_aware,docx,two_column,email,1,0,0
p09,classic,layout_aware,docx,two_column,phone,1,0,0
p09,classic,layout_aware,docx,two_column,degree_level,1,0,0
p09,classic,layout_aware,docx,two_column,field_of_study,1,0,0
p09,classic,layout_aware,docx,two_column,school,1,0,0
p09,classic,layout_aware,docx,two_column,grad_date,1,0,0
p09,classic,layout_aware,docx,two_column,gpa,1,0,0
p09,classic,layout_aware,docx,two_column,skills,6,0,0
p09,classic,layout_aware,docx,two_column,experience,2,0,0
p09,classic,naive,docx,table,name,1,0,0
p09,classic,naive,docx,table,email,1,0,0
p09,classic,naive,docx,table,phone,1,0,0
p09,classic,naive,docx,table,degree_level,1,0,0
p09,classic,naive,docx,table,field_of_study,1,0,0
p09,classic,naive,docx,table,school,1,0,0
p09,classic,naive,docx,table,grad_date,1,0,0
p09,classic,naive,docx,table,gpa,1,0,0
p09,classic,naive,docx,table,skills,6,0,0
p09,classic,naive,docx,table,experience,2,0,0
p09,classic,layout_aware,docx,table,name,1,0,0
p09,classic,layout_aware,docx,table,email,1,0,0
p09,classic,layout_aware,docx,table,phone,1,0,0
p09,classic,layout_aware,docx,table,degree_level,1,0,0
p09,classic,layout_aware,docx,table,field_of_study,1,0,0
p09,classic,layout_aware,docx,table,school,1,0,0
p09,classic,layout_aware,docx,table,grad_date,1,0,0
p09,classic,layout_aware,docx,table,gpa,1,0,0
p09,classic,layout_aware,docx,table,skills,6,0,0
p09,classic,layout_aware,docx,table,experience,2,0,0
p09,classic,naive,docx,textbox,name,1,0,0
p09,classic,naive,docx,textbox,email,0,0,1
p09,classic,naive,docx,textbox,phone,0,0,1
p09,classic,naive,docx,textbox,degree_level,1,0,0
p09,classic,naive,docx,textbox,field_of_study,1,0,0
p09,classic,naive,docx,textbox,school,1,0,0
p09,classic,naive,docx,textbox,grad_date,1,0,0
p09,classic,naive,docx,textbox,gpa,1,0,0
p09,classic,naive,docx,textbox,skills,0,0,6
p09,classic,naive,docx,textbox,experience,2,0,0
p09,classic,layout_aware,docx,textbox,name,1,0,0
p09,classic,layout_aware,docx,textbox,email,1,0,0
p09,classic,layout_aware,docx,textbox,phone,1,0,0
p09,classic,layout_aware,docx,textbox,degree_level,1,0,0
p09,classic,layout_aware,docx,textbox,field_of_study,1,0,0
p09,classic,layout_aware,docx,textbox,school,1,0,0
p09,classic,layout_aware,docx,textbox,grad_date,1,0,0
p09,classic,layout_aware,docx,textbox,gpa,1,0,0
p09,classic,layout_aware,docx,textbox,skills,6,0,0
p09,classic,layout_aware,docx,textbox,experience,2,0,0
p09,modern,naive,pdf,single,name,1,0,0
p09,modern,naive,pdf,single,email,1,0,0
p09,modern,naive,pdf,single,phone,1,0,0
p09,modern,naive,pdf,single,degree_level,1,0,0
p09,modern,naive,pdf,single,field_of_study,0,0,1
p09,modern,naive,pdf,single,school,0,1,1
p09,modern,naive,pdf,single,grad_date,1,0,0
p09,modern,naive,pdf,single,gpa,1,0,0
p09,modern,naive,pdf,single,skills,0,0,6
p09,modern,naive,pdf,single,experience,0,2,2
p09,modern,layout_aware,pdf,single,name,1,0,0
p09,modern,layout_aware,pdf,single,email,1,0,0
p09,modern,layout_aware,pdf,single,phone,1,0,0
p09,modern,layout_aware,pdf,single,degree_level,1,0,0
p09,modern,layout_aware,pdf,single,field_of_study,0,0,1
p09,modern,layout_aware,pdf,single,school,0,1,1
p09,modern,layout_aware,pdf,single,grad_date,1,0,0
p09,modern,layout_aware,pdf,single,gpa,1,0,0
p09,modern,layout_aware,pdf,single,skills,0,0,6
p09,modern,layout_aware,pdf,single,experience,0,2,2
p09,modern,naive,pdf,two_column,name,1,0,0
p09,modern,naive,pdf,two_column,email,1,0,0
p09,modern,naive,pdf,two_column,phone,1,0,0
p09,modern,naive,pdf,two_column,degree_level,1,0,0
p09,modern,naive,pdf,two_column,field_of_study,0,0,1
p09,modern,naive,pdf,two_column,school,0,1,1
p09,modern,naive,pdf,two_column,grad_date,1,0,0
p09,modern,naive,pdf,two_column,gpa,1,0,0
p09,modern,naive,pdf,two_column,skills,0,0,6
p09,modern,naive,pdf,two_column,experience,0,0,2
p09,modern,layout_aware,pdf,two_column,name,1,0,0
p09,modern,layout_aware,pdf,two_column,email,1,0,0
p09,modern,layout_aware,pdf,two_column,phone,1,0,0
p09,modern,layout_aware,pdf,two_column,degree_level,1,0,0
p09,modern,layout_aware,pdf,two_column,field_of_study,0,0,1
p09,modern,layout_aware,pdf,two_column,school,0,1,1
p09,modern,layout_aware,pdf,two_column,grad_date,1,0,0
p09,modern,layout_aware,pdf,two_column,gpa,1,0,0
p09,modern,layout_aware,pdf,two_column,skills,0,0,6
p09,modern,layout_aware,pdf,two_column,experience,0,2,2
p09,modern,naive,pdf,table,name,1,0,0
p09,modern,naive,pdf,table,email,1,0,0
p09,modern,naive,pdf,table,phone,1,0,0
p09,modern,naive,pdf,table,degree_level,0,0,1
p09,modern,naive,pdf,table,field_of_study,0,0,1
p09,modern,naive,pdf,table,school,0,0,1
p09,modern,naive,pdf,table,grad_date,0,0,1
p09,modern,naive,pdf,table,gpa,1,0,0
p09,modern,naive,pdf,table,skills,0,0,6
p09,modern,naive,pdf,table,experience,0,0,2
p09,modern,layout_aware,pdf,table,name,1,0,0
p09,modern,layout_aware,pdf,table,email,1,0,0
p09,modern,layout_aware,pdf,table,phone,1,0,0
p09,modern,layout_aware,pdf,table,degree_level,1,0,0
p09,modern,layout_aware,pdf,table,field_of_study,0,0,1
p09,modern,layout_aware,pdf,table,school,0,1,1
p09,modern,layout_aware,pdf,table,grad_date,1,0,0
p09,modern,layout_aware,pdf,table,gpa,1,0,0
p09,modern,layout_aware,pdf,table,skills,0,0,6
p09,modern,layout_aware,pdf,table,experience,0,2,2
p09,modern,naive,pdf,textbox,name,0,0,1
p09,modern,naive,pdf,textbox,email,1,0,0
p09,modern,naive,pdf,textbox,phone,1,0,0
p09,modern,naive,pdf,textbox,degree_level,1,0,0
p09,modern,naive,pdf,textbox,field_of_study,0,0,1
p09,modern,naive,pdf,textbox,school,0,1,1
p09,modern,naive,pdf,textbox,grad_date,1,0,0
p09,modern,naive,pdf,textbox,gpa,1,0,0
p09,modern,naive,pdf,textbox,skills,0,0,6
p09,modern,naive,pdf,textbox,experience,0,2,2
p09,modern,layout_aware,pdf,textbox,name,1,0,0
p09,modern,layout_aware,pdf,textbox,email,1,0,0
p09,modern,layout_aware,pdf,textbox,phone,1,0,0
p09,modern,layout_aware,pdf,textbox,degree_level,1,0,0
p09,modern,layout_aware,pdf,textbox,field_of_study,0,0,1
p09,modern,layout_aware,pdf,textbox,school,0,1,1
p09,modern,layout_aware,pdf,textbox,grad_date,1,0,0
p09,modern,layout_aware,pdf,textbox,gpa,1,0,0
p09,modern,layout_aware,pdf,textbox,skills,0,0,6
p09,modern,layout_aware,pdf,textbox,experience,0,2,2
p09,modern,naive,docx,single,name,1,0,0
p09,modern,naive,docx,single,email,1,0,0
p09,modern,naive,docx,single,phone,1,0,0
p09,modern,naive,docx,single,degree_level,1,0,0
p09,modern,naive,docx,single,field_of_study,0,0,1
p09,modern,naive,docx,single,school,0,1,1
p09,modern,naive,docx,single,grad_date,1,0,0
p09,modern,naive,docx,single,gpa,1,0,0
p09,modern,naive,docx,single,skills,0,0,6
p09,modern,naive,docx,single,experience,0,2,2
p09,modern,layout_aware,docx,single,name,1,0,0
p09,modern,layout_aware,docx,single,email,1,0,0
p09,modern,layout_aware,docx,single,phone,1,0,0
p09,modern,layout_aware,docx,single,degree_level,1,0,0
p09,modern,layout_aware,docx,single,field_of_study,0,0,1
p09,modern,layout_aware,docx,single,school,0,1,1
p09,modern,layout_aware,docx,single,grad_date,1,0,0
p09,modern,layout_aware,docx,single,gpa,1,0,0
p09,modern,layout_aware,docx,single,skills,0,0,6
p09,modern,layout_aware,docx,single,experience,0,2,2
p09,modern,naive,docx,two_column,name,1,0,0
p09,modern,naive,docx,two_column,email,1,0,0
p09,modern,naive,docx,two_column,phone,1,0,0
p09,modern,naive,docx,two_column,degree_level,1,0,0
p09,modern,naive,docx,two_column,field_of_study,0,0,1
p09,modern,naive,docx,two_column,school,0,1,1
p09,modern,naive,docx,two_column,grad_date,1,0,0
p09,modern,naive,docx,two_column,gpa,1,0,0
p09,modern,naive,docx,two_column,skills,0,0,6
p09,modern,naive,docx,two_column,experience,0,2,2
p09,modern,layout_aware,docx,two_column,name,1,0,0
p09,modern,layout_aware,docx,two_column,email,1,0,0
p09,modern,layout_aware,docx,two_column,phone,1,0,0
p09,modern,layout_aware,docx,two_column,degree_level,1,0,0
p09,modern,layout_aware,docx,two_column,field_of_study,0,0,1
p09,modern,layout_aware,docx,two_column,school,0,1,1
p09,modern,layout_aware,docx,two_column,grad_date,1,0,0
p09,modern,layout_aware,docx,two_column,gpa,1,0,0
p09,modern,layout_aware,docx,two_column,skills,0,0,6
p09,modern,layout_aware,docx,two_column,experience,0,2,2
p09,modern,naive,docx,table,name,1,0,0
p09,modern,naive,docx,table,email,1,0,0
p09,modern,naive,docx,table,phone,1,0,0
p09,modern,naive,docx,table,degree_level,1,0,0
p09,modern,naive,docx,table,field_of_study,0,0,1
p09,modern,naive,docx,table,school,0,1,1
p09,modern,naive,docx,table,grad_date,1,0,0
p09,modern,naive,docx,table,gpa,1,0,0
p09,modern,naive,docx,table,skills,0,0,6
p09,modern,naive,docx,table,experience,0,2,2
p09,modern,layout_aware,docx,table,name,1,0,0
p09,modern,layout_aware,docx,table,email,1,0,0
p09,modern,layout_aware,docx,table,phone,1,0,0
p09,modern,layout_aware,docx,table,degree_level,1,0,0
p09,modern,layout_aware,docx,table,field_of_study,0,0,1
p09,modern,layout_aware,docx,table,school,0,1,1
p09,modern,layout_aware,docx,table,grad_date,1,0,0
p09,modern,layout_aware,docx,table,gpa,1,0,0
p09,modern,layout_aware,docx,table,skills,0,0,6
p09,modern,layout_aware,docx,table,experience,0,2,2
p09,modern,naive,docx,textbox,name,1,0,0
p09,modern,naive,docx,textbox,email,0,0,1
p09,modern,naive,docx,textbox,phone,0,0,1
p09,modern,naive,docx,textbox,degree_level,1,0,0
p09,modern,naive,docx,textbox,field_of_study,0,0,1
p09,modern,naive,docx,textbox,school,0,1,1
p09,modern,naive,docx,textbox,grad_date,1,0,0
p09,modern,naive,docx,textbox,gpa,1,0,0
p09,modern,naive,docx,textbox,skills,0,0,6
p09,modern,naive,docx,textbox,experience,0,2,2
p09,modern,layout_aware,docx,textbox,name,1,0,0
p09,modern,layout_aware,docx,textbox,email,1,0,0
p09,modern,layout_aware,docx,textbox,phone,1,0,0
p09,modern,layout_aware,docx,textbox,degree_level,1,0,0
p09,modern,layout_aware,docx,textbox,field_of_study,0,0,1
p09,modern,layout_aware,docx,textbox,school,0,1,1
p09,modern,layout_aware,docx,textbox,grad_date,1,0,0
p09,modern,layout_aware,docx,textbox,gpa,1,0,0
p09,modern,layout_aware,docx,textbox,skills,0,0,6
p09,modern,layout_aware,docx,textbox,experience,0,2,2
p10,classic,naive,pdf,single,name,1,0,0
p10,classic,naive,pdf,single,email,1,0,0
p10,classic,naive,pdf,single,phone,1,0,0
p10,classic,naive,pdf,single,degree_level,1,0,0
p10,classic,naive,pdf,single,field_of_study,1,0,0
p10,classic,naive,pdf,single,school,1,0,0
p10,classic,naive,pdf,single,grad_date,1,0,0
p10,classic,naive,pdf,single,gpa,1,0,0
p10,classic,naive,pdf,single,skills,5,0,0
p10,classic,naive,pdf,single,experience,2,0,0
p10,classic,layout_aware,pdf,single,name,1,0,0
p10,classic,layout_aware,pdf,single,email,1,0,0
p10,classic,layout_aware,pdf,single,phone,1,0,0
p10,classic,layout_aware,pdf,single,degree_level,1,0,0
p10,classic,layout_aware,pdf,single,field_of_study,1,0,0
p10,classic,layout_aware,pdf,single,school,1,0,0
p10,classic,layout_aware,pdf,single,grad_date,1,0,0
p10,classic,layout_aware,pdf,single,gpa,1,0,0
p10,classic,layout_aware,pdf,single,skills,5,0,0
p10,classic,layout_aware,pdf,single,experience,2,0,0
p10,classic,naive,pdf,two_column,name,1,0,0
p10,classic,naive,pdf,two_column,email,1,0,0
p10,classic,naive,pdf,two_column,phone,1,0,0
p10,classic,naive,pdf,two_column,degree_level,0,0,1
p10,classic,naive,pdf,two_column,field_of_study,0,0,1
p10,classic,naive,pdf,two_column,school,0,0,1
p10,classic,naive,pdf,two_column,grad_date,0,0,1
p10,classic,naive,pdf,two_column,gpa,1,0,0
p10,classic,naive,pdf,two_column,skills,0,0,5
p10,classic,naive,pdf,two_column,experience,0,0,2
p10,classic,layout_aware,pdf,two_column,name,1,0,0
p10,classic,layout_aware,pdf,two_column,email,1,0,0
p10,classic,layout_aware,pdf,two_column,phone,1,0,0
p10,classic,layout_aware,pdf,two_column,degree_level,1,0,0
p10,classic,layout_aware,pdf,two_column,field_of_study,1,0,0
p10,classic,layout_aware,pdf,two_column,school,1,0,0
p10,classic,layout_aware,pdf,two_column,grad_date,1,0,0
p10,classic,layout_aware,pdf,two_column,gpa,1,0,0
p10,classic,layout_aware,pdf,two_column,skills,5,0,0
p10,classic,layout_aware,pdf,two_column,experience,1,0,1
p10,classic,naive,pdf,table,name,1,0,0
p10,classic,naive,pdf,table,email,1,0,0
p10,classic,naive,pdf,table,phone,1,0,0
p10,classic,naive,pdf,table,degree_level,0,0,1
p10,classic,naive,pdf,table,field_of_study,0,0,1
p10,classic,naive,pdf,table,school,0,0,1
p10,classic,naive,pdf,table,grad_date,0,0,1
p10,classic,naive,pdf,table,gpa,1,0,0
p10,classic,naive,pdf,table,skills,0,0,5
p10,classic,naive,pdf,table,experience,0,0,2
p10,classic,layout_aware,pdf,table,name,1,0,0
p10,classic,layout_aware,pdf,table,email,1,0,0
p10,classic,layout_aware,pdf,table,phone,1,0,0
p10,classic,layout_aware,pdf,table,degree_level,1,0,0
p10,classic,layout_aware,pdf,table,field_of_study,1,0,0
p10,classic,layout_aware,pdf,table,school,1,0,0
p10,classic,layout_aware,pdf,table,grad_date,1,0,0
p10,classic,layout_aware,pdf,table,gpa,1,0,0
p10,classic,layout_aware,pdf,table,skills,5,0,0
p10,classic,layout_aware,pdf,table,experience,2,0,0
p10,classic,naive,pdf,textbox,name,0,0,1
p10,classic,naive,pdf,textbox,email,1,0,0
p10,classic,naive,pdf,textbox,phone,1,0,0
p10,classic,naive,pdf,textbox,degree_level,1,0,0
p10,classic,naive,pdf,textbox,field_of_study,1,0,0
p10,classic,naive,pdf,textbox,school,1,0,0
p10,classic,naive,pdf,textbox,grad_date,1,0,0
p10,classic,naive,pdf,textbox,gpa,1,0,0
p10,classic,naive,pdf,textbox,skills,0,0,5
p10,classic,naive,pdf,textbox,experience,1,0,1
p10,classic,layout_aware,pdf,textbox,name,1,0,0
p10,classic,layout_aware,pdf,textbox,email,1,0,0
p10,classic,layout_aware,pdf,textbox,phone,1,0,0
p10,classic,layout_aware,pdf,textbox,degree_level,1,0,0
p10,classic,layout_aware,pdf,textbox,field_of_study,1,0,0
p10,classic,layout_aware,pdf,textbox,school,1,0,0
p10,classic,layout_aware,pdf,textbox,grad_date,1,0,0
p10,classic,layout_aware,pdf,textbox,gpa,1,0,0
p10,classic,layout_aware,pdf,textbox,skills,5,0,0
p10,classic,layout_aware,pdf,textbox,experience,1,0,1
p10,classic,naive,docx,single,name,1,0,0
p10,classic,naive,docx,single,email,1,0,0
p10,classic,naive,docx,single,phone,1,0,0
p10,classic,naive,docx,single,degree_level,1,0,0
p10,classic,naive,docx,single,field_of_study,1,0,0
p10,classic,naive,docx,single,school,1,0,0
p10,classic,naive,docx,single,grad_date,1,0,0
p10,classic,naive,docx,single,gpa,1,0,0
p10,classic,naive,docx,single,skills,5,0,0
p10,classic,naive,docx,single,experience,2,0,0
p10,classic,layout_aware,docx,single,name,1,0,0
p10,classic,layout_aware,docx,single,email,1,0,0
p10,classic,layout_aware,docx,single,phone,1,0,0
p10,classic,layout_aware,docx,single,degree_level,1,0,0
p10,classic,layout_aware,docx,single,field_of_study,1,0,0
p10,classic,layout_aware,docx,single,school,1,0,0
p10,classic,layout_aware,docx,single,grad_date,1,0,0
p10,classic,layout_aware,docx,single,gpa,1,0,0
p10,classic,layout_aware,docx,single,skills,5,0,0
p10,classic,layout_aware,docx,single,experience,2,0,0
p10,classic,naive,docx,two_column,name,1,0,0
p10,classic,naive,docx,two_column,email,1,0,0
p10,classic,naive,docx,two_column,phone,1,0,0
p10,classic,naive,docx,two_column,degree_level,1,0,0
p10,classic,naive,docx,two_column,field_of_study,1,0,0
p10,classic,naive,docx,two_column,school,1,0,0
p10,classic,naive,docx,two_column,grad_date,1,0,0
p10,classic,naive,docx,two_column,gpa,1,0,0
p10,classic,naive,docx,two_column,skills,5,0,0
p10,classic,naive,docx,two_column,experience,2,0,0
p10,classic,layout_aware,docx,two_column,name,1,0,0
p10,classic,layout_aware,docx,two_column,email,1,0,0
p10,classic,layout_aware,docx,two_column,phone,1,0,0
p10,classic,layout_aware,docx,two_column,degree_level,1,0,0
p10,classic,layout_aware,docx,two_column,field_of_study,1,0,0
p10,classic,layout_aware,docx,two_column,school,1,0,0
p10,classic,layout_aware,docx,two_column,grad_date,1,0,0
p10,classic,layout_aware,docx,two_column,gpa,1,0,0
p10,classic,layout_aware,docx,two_column,skills,5,0,0
p10,classic,layout_aware,docx,two_column,experience,2,0,0
p10,classic,naive,docx,table,name,1,0,0
p10,classic,naive,docx,table,email,1,0,0
p10,classic,naive,docx,table,phone,1,0,0
p10,classic,naive,docx,table,degree_level,1,0,0
p10,classic,naive,docx,table,field_of_study,1,0,0
p10,classic,naive,docx,table,school,1,0,0
p10,classic,naive,docx,table,grad_date,1,0,0
p10,classic,naive,docx,table,gpa,1,0,0
p10,classic,naive,docx,table,skills,5,0,0
p10,classic,naive,docx,table,experience,2,0,0
p10,classic,layout_aware,docx,table,name,1,0,0
p10,classic,layout_aware,docx,table,email,1,0,0
p10,classic,layout_aware,docx,table,phone,1,0,0
p10,classic,layout_aware,docx,table,degree_level,1,0,0
p10,classic,layout_aware,docx,table,field_of_study,1,0,0
p10,classic,layout_aware,docx,table,school,1,0,0
p10,classic,layout_aware,docx,table,grad_date,1,0,0
p10,classic,layout_aware,docx,table,gpa,1,0,0
p10,classic,layout_aware,docx,table,skills,5,0,0
p10,classic,layout_aware,docx,table,experience,2,0,0
p10,classic,naive,docx,textbox,name,1,0,0
p10,classic,naive,docx,textbox,email,0,0,1
p10,classic,naive,docx,textbox,phone,0,0,1
p10,classic,naive,docx,textbox,degree_level,1,0,0
p10,classic,naive,docx,textbox,field_of_study,1,0,0
p10,classic,naive,docx,textbox,school,1,0,0
p10,classic,naive,docx,textbox,grad_date,1,0,0
p10,classic,naive,docx,textbox,gpa,1,0,0
p10,classic,naive,docx,textbox,skills,0,0,5
p10,classic,naive,docx,textbox,experience,2,0,0
p10,classic,layout_aware,docx,textbox,name,1,0,0
p10,classic,layout_aware,docx,textbox,email,1,0,0
p10,classic,layout_aware,docx,textbox,phone,1,0,0
p10,classic,layout_aware,docx,textbox,degree_level,1,0,0
p10,classic,layout_aware,docx,textbox,field_of_study,1,0,0
p10,classic,layout_aware,docx,textbox,school,1,0,0
p10,classic,layout_aware,docx,textbox,grad_date,1,0,0
p10,classic,layout_aware,docx,textbox,gpa,1,0,0
p10,classic,layout_aware,docx,textbox,skills,5,0,0
p10,classic,layout_aware,docx,textbox,experience,2,0,0
p10,modern,naive,pdf,single,name,1,0,0
p10,modern,naive,pdf,single,email,1,0,0
p10,modern,naive,pdf,single,phone,1,0,0
p10,modern,naive,pdf,single,degree_level,1,0,0
p10,modern,naive,pdf,single,field_of_study,0,0,1
p10,modern,naive,pdf,single,school,1,0,0
p10,modern,naive,pdf,single,grad_date,1,0,0
p10,modern,naive,pdf,single,gpa,1,0,0
p10,modern,naive,pdf,single,skills,0,0,5
p10,modern,naive,pdf,single,experience,0,2,2
p10,modern,layout_aware,pdf,single,name,1,0,0
p10,modern,layout_aware,pdf,single,email,1,0,0
p10,modern,layout_aware,pdf,single,phone,1,0,0
p10,modern,layout_aware,pdf,single,degree_level,1,0,0
p10,modern,layout_aware,pdf,single,field_of_study,0,0,1
p10,modern,layout_aware,pdf,single,school,1,0,0
p10,modern,layout_aware,pdf,single,grad_date,1,0,0
p10,modern,layout_aware,pdf,single,gpa,1,0,0
p10,modern,layout_aware,pdf,single,skills,0,0,5
p10,modern,layout_aware,pdf,single,experience,0,2,2
p10,modern,naive,pdf,two_column,name,1,0,0
p10,modern,naive,pdf,two_column,email,1,0,0
p10,modern,naive,pdf,two_column,phone,1,0,0
p10,modern,naive,pdf,two_column,degree_level,1,0,0
p10,modern,naive,pdf,two_column,field_of_study,0,0,1
p10,modern,naive,pdf,two_column,school,0,1,1
p10,modern,naive,pdf,two_column,grad_date,1,0,0
p10,modern,naive,pdf,two_column,gpa,1,0,0
p10,modern,naive,pdf,two_column,skills,0,0,5
p10,modern,naive,pdf,two_column,experience,0,0,2
p10,modern,layout_aware,pdf,two_column,name,1,0,0
p10,modern,layout_aware,pdf,two_column,email,1,0,0
p10,modern,layout_aware,pdf,two_column,phone,1,0,0
p10,modern,layout_aware,pdf,two_column,degree_level,1,0,0
p10,modern,layout_aware,pdf,two_column,field_of_study,0,0,1
p10,modern,layout_aware,pdf,two_column,school,0,1,1
p10,modern,layout_aware,pdf,two_column,grad_date,1,0,0
p10,modern,layout_aware,pdf,two_column,gpa,1,0,0
p10,modern,layout_aware,pdf,two_column,skills,0,0,5
p10,modern,layout_aware,pdf,two_column,experience,0,2,2
p10,modern,naive,pdf,table,name,1,0,0
p10,modern,naive,pdf,table,email,1,0,0
p10,modern,naive,pdf,table,phone,1,0,0
p10,modern,naive,pdf,table,degree_level,0,0,1
p10,modern,naive,pdf,table,field_of_study,0,0,1
p10,modern,naive,pdf,table,school,0,0,1
p10,modern,naive,pdf,table,grad_date,0,0,1
p10,modern,naive,pdf,table,gpa,1,0,0
p10,modern,naive,pdf,table,skills,0,0,5
p10,modern,naive,pdf,table,experience,0,0,2
p10,modern,layout_aware,pdf,table,name,1,0,0
p10,modern,layout_aware,pdf,table,email,1,0,0
p10,modern,layout_aware,pdf,table,phone,1,0,0
p10,modern,layout_aware,pdf,table,degree_level,1,0,0
p10,modern,layout_aware,pdf,table,field_of_study,0,0,1
p10,modern,layout_aware,pdf,table,school,1,0,0
p10,modern,layout_aware,pdf,table,grad_date,1,0,0
p10,modern,layout_aware,pdf,table,gpa,1,0,0
p10,modern,layout_aware,pdf,table,skills,0,0,5
p10,modern,layout_aware,pdf,table,experience,0,2,2
p10,modern,naive,pdf,textbox,name,0,0,1
p10,modern,naive,pdf,textbox,email,1,0,0
p10,modern,naive,pdf,textbox,phone,1,0,0
p10,modern,naive,pdf,textbox,degree_level,0,0,1
p10,modern,naive,pdf,textbox,field_of_study,0,0,1
p10,modern,naive,pdf,textbox,school,0,0,1
p10,modern,naive,pdf,textbox,grad_date,0,0,1
p10,modern,naive,pdf,textbox,gpa,1,0,0
p10,modern,naive,pdf,textbox,skills,0,0,5
p10,modern,naive,pdf,textbox,experience,0,2,2
p10,modern,layout_aware,pdf,textbox,name,1,0,0
p10,modern,layout_aware,pdf,textbox,email,1,0,0
p10,modern,layout_aware,pdf,textbox,phone,1,0,0
p10,modern,layout_aware,pdf,textbox,degree_level,1,0,0
p10,modern,layout_aware,pdf,textbox,field_of_study,0,0,1
p10,modern,layout_aware,pdf,textbox,school,1,0,0
p10,modern,layout_aware,pdf,textbox,grad_date,1,0,0
p10,modern,layout_aware,pdf,textbox,gpa,1,0,0
p10,modern,layout_aware,pdf,textbox,skills,0,0,5
p10,modern,layout_aware,pdf,textbox,experience,0,2,2
p10,modern,naive,docx,single,name,1,0,0
p10,modern,naive,docx,single,email,1,0,0
p10,modern,naive,docx,single,phone,1,0,0
p10,modern,naive,docx,single,degree_level,1,0,0
p10,modern,naive,docx,single,field_of_study,0,0,1
p10,modern,naive,docx,single,school,1,0,0
p10,modern,naive,docx,single,grad_date,1,0,0
p10,modern,naive,docx,single,gpa,1,0,0
p10,modern,naive,docx,single,skills,0,0,5
p10,modern,naive,docx,single,experience,0,2,2
p10,modern,layout_aware,docx,single,name,1,0,0
p10,modern,layout_aware,docx,single,email,1,0,0
p10,modern,layout_aware,docx,single,phone,1,0,0
p10,modern,layout_aware,docx,single,degree_level,1,0,0
p10,modern,layout_aware,docx,single,field_of_study,0,0,1
p10,modern,layout_aware,docx,single,school,1,0,0
p10,modern,layout_aware,docx,single,grad_date,1,0,0
p10,modern,layout_aware,docx,single,gpa,1,0,0
p10,modern,layout_aware,docx,single,skills,0,0,5
p10,modern,layout_aware,docx,single,experience,0,2,2
p10,modern,naive,docx,two_column,name,1,0,0
p10,modern,naive,docx,two_column,email,1,0,0
p10,modern,naive,docx,two_column,phone,1,0,0
p10,modern,naive,docx,two_column,degree_level,1,0,0
p10,modern,naive,docx,two_column,field_of_study,0,0,1
p10,modern,naive,docx,two_column,school,1,0,0
p10,modern,naive,docx,two_column,grad_date,1,0,0
p10,modern,naive,docx,two_column,gpa,1,0,0
p10,modern,naive,docx,two_column,skills,0,0,5
p10,modern,naive,docx,two_column,experience,0,2,2
p10,modern,layout_aware,docx,two_column,name,1,0,0
p10,modern,layout_aware,docx,two_column,email,1,0,0
p10,modern,layout_aware,docx,two_column,phone,1,0,0
p10,modern,layout_aware,docx,two_column,degree_level,1,0,0
p10,modern,layout_aware,docx,two_column,field_of_study,0,0,1
p10,modern,layout_aware,docx,two_column,school,1,0,0
p10,modern,layout_aware,docx,two_column,grad_date,1,0,0
p10,modern,layout_aware,docx,two_column,gpa,1,0,0
p10,modern,layout_aware,docx,two_column,skills,0,0,5
p10,modern,layout_aware,docx,two_column,experience,0,2,2
p10,modern,naive,docx,table,name,1,0,0
p10,modern,naive,docx,table,email,1,0,0
p10,modern,naive,docx,table,phone,1,0,0
p10,modern,naive,docx,table,degree_level,1,0,0
p10,modern,naive,docx,table,field_of_study,0,0,1
p10,modern,naive,docx,table,school,1,0,0
p10,modern,naive,docx,table,grad_date,1,0,0
p10,modern,naive,docx,table,gpa,1,0,0
p10,modern,naive,docx,table,skills,0,0,5
p10,modern,naive,docx,table,experience,0,2,2
p10,modern,layout_aware,docx,table,name,1,0,0
p10,modern,layout_aware,docx,table,email,1,0,0
p10,modern,layout_aware,docx,table,phone,1,0,0
p10,modern,layout_aware,docx,table,degree_level,1,0,0
p10,modern,layout_aware,docx,table,field_of_study,0,0,1
p10,modern,layout_aware,docx,table,school,1,0,0
p10,modern,layout_aware,docx,table,grad_date,1,0,0
p10,modern,layout_aware,docx,table,gpa,1,0,0
p10,modern,layout_aware,docx,table,skills,0,0,5
p10,modern,layout_aware,docx,table,experience,0,2,2
p10,modern,naive,docx,textbox,name,1,0,0
p10,modern,naive,docx,textbox,email,0,0,1
p10,modern,naive,docx,textbox,phone,0,0,1
p10,modern,naive,docx,textbox,degree_level,1,0,0
p10,modern,naive,docx,textbox,field_of_study,0,0,1
p10,modern,naive,docx,textbox,school,1,0,0
p10,modern,naive,docx,textbox,grad_date,1,0,0
p10,modern,naive,docx,textbox,gpa,1,0,0
p10,modern,naive,docx,textbox,skills,0,0,5
p10,modern,naive,docx,textbox,experience,0,2,2
p10,modern,layout_aware,docx,textbox,name,1,0,0
p10,modern,layout_aware,docx,textbox,email,1,0,0
p10,modern,layout_aware,docx,textbox,phone,1,0,0
p10,modern,layout_aware,docx,textbox,degree_level,1,0,0
p10,modern,layout_aware,docx,textbox,field_of_study,0,0,1
p10,modern,layout_aware,docx,textbox,school,1,0,0
p10,modern,layout_aware,docx,textbox,grad_date,1,0,0
p10,modern,layout_aware,docx,textbox,gpa,1,0,0
p10,modern,layout_aware,docx,textbox,skills,0,0,5
p10,modern,layout_aware,docx,textbox,experience,0,2,2
p11,classic,naive,pdf,single,name,1,0,0
p11,classic,naive,pdf,single,email,1,0,0
p11,classic,naive,pdf,single,phone,1,0,0
p11,classic,naive,pdf,single,degree_level,1,0,0
p11,classic,naive,pdf,single,field_of_study,1,0,0
p11,classic,naive,pdf,single,school,1,0,0
p11,classic,naive,pdf,single,grad_date,1,0,0
p11,classic,naive,pdf,single,gpa,0,0,0
p11,classic,naive,pdf,single,skills,7,0,0
p11,classic,naive,pdf,single,experience,2,0,0
p11,classic,layout_aware,pdf,single,name,1,0,0
p11,classic,layout_aware,pdf,single,email,1,0,0
p11,classic,layout_aware,pdf,single,phone,1,0,0
p11,classic,layout_aware,pdf,single,degree_level,1,0,0
p11,classic,layout_aware,pdf,single,field_of_study,1,0,0
p11,classic,layout_aware,pdf,single,school,1,0,0
p11,classic,layout_aware,pdf,single,grad_date,1,0,0
p11,classic,layout_aware,pdf,single,gpa,0,0,0
p11,classic,layout_aware,pdf,single,skills,7,0,0
p11,classic,layout_aware,pdf,single,experience,2,0,0
p11,classic,naive,pdf,two_column,name,1,0,0
p11,classic,naive,pdf,two_column,email,1,0,0
p11,classic,naive,pdf,two_column,phone,1,0,0
p11,classic,naive,pdf,two_column,degree_level,1,0,0
p11,classic,naive,pdf,two_column,field_of_study,1,0,0
p11,classic,naive,pdf,two_column,school,1,0,0
p11,classic,naive,pdf,two_column,grad_date,1,0,0
p11,classic,naive,pdf,two_column,gpa,0,0,0
p11,classic,naive,pdf,two_column,skills,0,0,7
p11,classic,naive,pdf,two_column,experience,0,0,2
p11,classic,layout_aware,pdf,two_column,name,1,0,0
p11,classic,layout_aware,pdf,two_column,email,1,0,0
p11,classic,layout_aware,pdf,two_column,phone,1,0,0
p11,classic,layout_aware,pdf,two_column,degree_level,1,0,0
p11,classic,layout_aware,pdf,two_column,field_of_study,1,0,0
p11,classic,layout_aware,pdf,two_column,school,1,0,0
p11,classic,layout_aware,pdf,two_column,grad_date,1,0,0
p11,classic,layout_aware,pdf,two_column,gpa,0,0,0
p11,classic,layout_aware,pdf,two_column,skills,7,0,0
p11,classic,layout_aware,pdf,two_column,experience,1,0,1
p11,classic,naive,pdf,table,name,1,0,0
p11,classic,naive,pdf,table,email,1,0,0
p11,classic,naive,pdf,table,phone,1,0,0
p11,classic,naive,pdf,table,degree_level,0,0,1
p11,classic,naive,pdf,table,field_of_study,0,0,1
p11,classic,naive,pdf,table,school,0,0,1
p11,classic,naive,pdf,table,grad_date,0,0,1
p11,classic,naive,pdf,table,gpa,0,0,0
p11,classic,naive,pdf,table,skills,0,0,7
p11,classic,naive,pdf,table,experience,0,0,2
p11,classic,layout_aware,pdf,table,name,1,0,0
p11,classic,layout_aware,pdf,table,email,1,0,0
p11,classic,layout_aware,pdf,table,phone,1,0,0
p11,classic,layout_aware,pdf,table,degree_level,1,0,0
p11,classic,layout_aware,pdf,table,field_of_study,1,0,0
p11,classic,layout_aware,pdf,table,school,1,0,0
p11,classic,layout_aware,pdf,table,grad_date,1,0,0
p11,classic,layout_aware,pdf,table,gpa,0,0,0
p11,classic,layout_aware,pdf,table,skills,7,0,0
p11,classic,layout_aware,pdf,table,experience,2,0,0
p11,classic,naive,pdf,textbox,name,0,0,1
p11,classic,naive,pdf,textbox,email,1,0,0
p11,classic,naive,pdf,textbox,phone,1,0,0
p11,classic,naive,pdf,textbox,degree_level,1,0,0
p11,classic,naive,pdf,textbox,field_of_study,1,0,0
p11,classic,naive,pdf,textbox,school,1,0,0
p11,classic,naive,pdf,textbox,grad_date,1,0,0
p11,classic,naive,pdf,textbox,gpa,0,0,0
p11,classic,naive,pdf,textbox,skills,0,0,7
p11,classic,naive,pdf,textbox,experience,1,0,1
p11,classic,layout_aware,pdf,textbox,name,1,0,0
p11,classic,layout_aware,pdf,textbox,email,1,0,0
p11,classic,layout_aware,pdf,textbox,phone,1,0,0
p11,classic,layout_aware,pdf,textbox,degree_level,1,0,0
p11,classic,layout_aware,pdf,textbox,field_of_study,1,0,0
p11,classic,layout_aware,pdf,textbox,school,1,0,0
p11,classic,layout_aware,pdf,textbox,grad_date,1,0,0
p11,classic,layout_aware,pdf,textbox,gpa,0,0,0
p11,classic,layout_aware,pdf,textbox,skills,7,0,0
p11,classic,layout_aware,pdf,textbox,experience,1,0,1
p11,classic,naive,docx,single,name,1,0,0
p11,classic,naive,docx,single,email,1,0,0
p11,classic,naive,docx,single,phone,1,0,0
p11,classic,naive,docx,single,degree_level,1,0,0
p11,classic,naive,docx,single,field_of_study,1,0,0
p11,classic,naive,docx,single,school,1,0,0
p11,classic,naive,docx,single,grad_date,1,0,0
p11,classic,naive,docx,single,gpa,0,0,0
p11,classic,naive,docx,single,skills,7,0,0
p11,classic,naive,docx,single,experience,2,0,0
p11,classic,layout_aware,docx,single,name,1,0,0
p11,classic,layout_aware,docx,single,email,1,0,0
p11,classic,layout_aware,docx,single,phone,1,0,0
p11,classic,layout_aware,docx,single,degree_level,1,0,0
p11,classic,layout_aware,docx,single,field_of_study,1,0,0
p11,classic,layout_aware,docx,single,school,1,0,0
p11,classic,layout_aware,docx,single,grad_date,1,0,0
p11,classic,layout_aware,docx,single,gpa,0,0,0
p11,classic,layout_aware,docx,single,skills,7,0,0
p11,classic,layout_aware,docx,single,experience,2,0,0
p11,classic,naive,docx,two_column,name,1,0,0
p11,classic,naive,docx,two_column,email,1,0,0
p11,classic,naive,docx,two_column,phone,1,0,0
p11,classic,naive,docx,two_column,degree_level,1,0,0
p11,classic,naive,docx,two_column,field_of_study,1,0,0
p11,classic,naive,docx,two_column,school,1,0,0
p11,classic,naive,docx,two_column,grad_date,1,0,0
p11,classic,naive,docx,two_column,gpa,0,0,0
p11,classic,naive,docx,two_column,skills,7,0,0
p11,classic,naive,docx,two_column,experience,2,0,0
p11,classic,layout_aware,docx,two_column,name,1,0,0
p11,classic,layout_aware,docx,two_column,email,1,0,0
p11,classic,layout_aware,docx,two_column,phone,1,0,0
p11,classic,layout_aware,docx,two_column,degree_level,1,0,0
p11,classic,layout_aware,docx,two_column,field_of_study,1,0,0
p11,classic,layout_aware,docx,two_column,school,1,0,0
p11,classic,layout_aware,docx,two_column,grad_date,1,0,0
p11,classic,layout_aware,docx,two_column,gpa,0,0,0
p11,classic,layout_aware,docx,two_column,skills,7,0,0
p11,classic,layout_aware,docx,two_column,experience,2,0,0
p11,classic,naive,docx,table,name,1,0,0
p11,classic,naive,docx,table,email,1,0,0
p11,classic,naive,docx,table,phone,1,0,0
p11,classic,naive,docx,table,degree_level,1,0,0
p11,classic,naive,docx,table,field_of_study,1,0,0
p11,classic,naive,docx,table,school,1,0,0
p11,classic,naive,docx,table,grad_date,1,0,0
p11,classic,naive,docx,table,gpa,0,0,0
p11,classic,naive,docx,table,skills,7,0,0
p11,classic,naive,docx,table,experience,2,0,0
p11,classic,layout_aware,docx,table,name,1,0,0
p11,classic,layout_aware,docx,table,email,1,0,0
p11,classic,layout_aware,docx,table,phone,1,0,0
p11,classic,layout_aware,docx,table,degree_level,1,0,0
p11,classic,layout_aware,docx,table,field_of_study,1,0,0
p11,classic,layout_aware,docx,table,school,1,0,0
p11,classic,layout_aware,docx,table,grad_date,1,0,0
p11,classic,layout_aware,docx,table,gpa,0,0,0
p11,classic,layout_aware,docx,table,skills,7,0,0
p11,classic,layout_aware,docx,table,experience,2,0,0
p11,classic,naive,docx,textbox,name,1,0,0
p11,classic,naive,docx,textbox,email,0,0,1
p11,classic,naive,docx,textbox,phone,0,0,1
p11,classic,naive,docx,textbox,degree_level,1,0,0
p11,classic,naive,docx,textbox,field_of_study,1,0,0
p11,classic,naive,docx,textbox,school,1,0,0
p11,classic,naive,docx,textbox,grad_date,1,0,0
p11,classic,naive,docx,textbox,gpa,0,0,0
p11,classic,naive,docx,textbox,skills,0,0,7
p11,classic,naive,docx,textbox,experience,2,0,0
p11,classic,layout_aware,docx,textbox,name,1,0,0
p11,classic,layout_aware,docx,textbox,email,1,0,0
p11,classic,layout_aware,docx,textbox,phone,1,0,0
p11,classic,layout_aware,docx,textbox,degree_level,1,0,0
p11,classic,layout_aware,docx,textbox,field_of_study,1,0,0
p11,classic,layout_aware,docx,textbox,school,1,0,0
p11,classic,layout_aware,docx,textbox,grad_date,1,0,0
p11,classic,layout_aware,docx,textbox,gpa,0,0,0
p11,classic,layout_aware,docx,textbox,skills,7,0,0
p11,classic,layout_aware,docx,textbox,experience,2,0,0
p11,modern,naive,pdf,single,name,1,0,0
p11,modern,naive,pdf,single,email,1,0,0
p11,modern,naive,pdf,single,phone,1,0,0
p11,modern,naive,pdf,single,degree_level,1,0,0
p11,modern,naive,pdf,single,field_of_study,0,0,1
p11,modern,naive,pdf,single,school,1,0,0
p11,modern,naive,pdf,single,grad_date,1,0,0
p11,modern,naive,pdf,single,gpa,0,0,0
p11,modern,naive,pdf,single,skills,0,0,7
p11,modern,naive,pdf,single,experience,0,2,2
p11,modern,layout_aware,pdf,single,name,1,0,0
p11,modern,layout_aware,pdf,single,email,1,0,0
p11,modern,layout_aware,pdf,single,phone,1,0,0
p11,modern,layout_aware,pdf,single,degree_level,1,0,0
p11,modern,layout_aware,pdf,single,field_of_study,0,0,1
p11,modern,layout_aware,pdf,single,school,1,0,0
p11,modern,layout_aware,pdf,single,grad_date,1,0,0
p11,modern,layout_aware,pdf,single,gpa,0,0,0
p11,modern,layout_aware,pdf,single,skills,0,0,7
p11,modern,layout_aware,pdf,single,experience,0,2,2
p11,modern,naive,pdf,two_column,name,1,0,0
p11,modern,naive,pdf,two_column,email,1,0,0
p11,modern,naive,pdf,two_column,phone,1,0,0
p11,modern,naive,pdf,two_column,degree_level,1,0,0
p11,modern,naive,pdf,two_column,field_of_study,0,0,1
p11,modern,naive,pdf,two_column,school,0,1,1
p11,modern,naive,pdf,two_column,grad_date,1,0,0
p11,modern,naive,pdf,two_column,gpa,0,0,0
p11,modern,naive,pdf,two_column,skills,0,0,7
p11,modern,naive,pdf,two_column,experience,0,0,2
p11,modern,layout_aware,pdf,two_column,name,1,0,0
p11,modern,layout_aware,pdf,two_column,email,1,0,0
p11,modern,layout_aware,pdf,two_column,phone,1,0,0
p11,modern,layout_aware,pdf,two_column,degree_level,1,0,0
p11,modern,layout_aware,pdf,two_column,field_of_study,0,0,1
p11,modern,layout_aware,pdf,two_column,school,0,1,1
p11,modern,layout_aware,pdf,two_column,grad_date,1,0,0
p11,modern,layout_aware,pdf,two_column,gpa,0,0,0
p11,modern,layout_aware,pdf,two_column,skills,0,0,7
p11,modern,layout_aware,pdf,two_column,experience,0,2,2
p11,modern,naive,pdf,table,name,1,0,0
p11,modern,naive,pdf,table,email,1,0,0
p11,modern,naive,pdf,table,phone,1,0,0
p11,modern,naive,pdf,table,degree_level,0,0,1
p11,modern,naive,pdf,table,field_of_study,0,0,1
p11,modern,naive,pdf,table,school,0,0,1
p11,modern,naive,pdf,table,grad_date,0,0,1
p11,modern,naive,pdf,table,gpa,0,0,0
p11,modern,naive,pdf,table,skills,0,0,7
p11,modern,naive,pdf,table,experience,0,0,2
p11,modern,layout_aware,pdf,table,name,1,0,0
p11,modern,layout_aware,pdf,table,email,1,0,0
p11,modern,layout_aware,pdf,table,phone,1,0,0
p11,modern,layout_aware,pdf,table,degree_level,1,0,0
p11,modern,layout_aware,pdf,table,field_of_study,0,0,1
p11,modern,layout_aware,pdf,table,school,1,0,0
p11,modern,layout_aware,pdf,table,grad_date,1,0,0
p11,modern,layout_aware,pdf,table,gpa,0,0,0
p11,modern,layout_aware,pdf,table,skills,0,0,7
p11,modern,layout_aware,pdf,table,experience,0,2,2
p11,modern,naive,pdf,textbox,name,0,0,1
p11,modern,naive,pdf,textbox,email,1,0,0
p11,modern,naive,pdf,textbox,phone,1,0,0
p11,modern,naive,pdf,textbox,degree_level,0,0,1
p11,modern,naive,pdf,textbox,field_of_study,0,0,1
p11,modern,naive,pdf,textbox,school,0,0,1
p11,modern,naive,pdf,textbox,grad_date,0,0,1
p11,modern,naive,pdf,textbox,gpa,0,0,0
p11,modern,naive,pdf,textbox,skills,0,0,7
p11,modern,naive,pdf,textbox,experience,0,2,2
p11,modern,layout_aware,pdf,textbox,name,1,0,0
p11,modern,layout_aware,pdf,textbox,email,1,0,0
p11,modern,layout_aware,pdf,textbox,phone,1,0,0
p11,modern,layout_aware,pdf,textbox,degree_level,1,0,0
p11,modern,layout_aware,pdf,textbox,field_of_study,0,0,1
p11,modern,layout_aware,pdf,textbox,school,1,0,0
p11,modern,layout_aware,pdf,textbox,grad_date,1,0,0
p11,modern,layout_aware,pdf,textbox,gpa,0,0,0
p11,modern,layout_aware,pdf,textbox,skills,0,0,7
p11,modern,layout_aware,pdf,textbox,experience,0,2,2
p11,modern,naive,docx,single,name,1,0,0
p11,modern,naive,docx,single,email,1,0,0
p11,modern,naive,docx,single,phone,1,0,0
p11,modern,naive,docx,single,degree_level,1,0,0
p11,modern,naive,docx,single,field_of_study,0,0,1
p11,modern,naive,docx,single,school,1,0,0
p11,modern,naive,docx,single,grad_date,1,0,0
p11,modern,naive,docx,single,gpa,0,0,0
p11,modern,naive,docx,single,skills,0,0,7
p11,modern,naive,docx,single,experience,0,2,2
p11,modern,layout_aware,docx,single,name,1,0,0
p11,modern,layout_aware,docx,single,email,1,0,0
p11,modern,layout_aware,docx,single,phone,1,0,0
p11,modern,layout_aware,docx,single,degree_level,1,0,0
p11,modern,layout_aware,docx,single,field_of_study,0,0,1
p11,modern,layout_aware,docx,single,school,1,0,0
p11,modern,layout_aware,docx,single,grad_date,1,0,0
p11,modern,layout_aware,docx,single,gpa,0,0,0
p11,modern,layout_aware,docx,single,skills,0,0,7
p11,modern,layout_aware,docx,single,experience,0,2,2
p11,modern,naive,docx,two_column,name,1,0,0
p11,modern,naive,docx,two_column,email,1,0,0
p11,modern,naive,docx,two_column,phone,1,0,0
p11,modern,naive,docx,two_column,degree_level,1,0,0
p11,modern,naive,docx,two_column,field_of_study,0,0,1
p11,modern,naive,docx,two_column,school,1,0,0
p11,modern,naive,docx,two_column,grad_date,1,0,0
p11,modern,naive,docx,two_column,gpa,0,0,0
p11,modern,naive,docx,two_column,skills,0,0,7
p11,modern,naive,docx,two_column,experience,0,2,2
p11,modern,layout_aware,docx,two_column,name,1,0,0
p11,modern,layout_aware,docx,two_column,email,1,0,0
p11,modern,layout_aware,docx,two_column,phone,1,0,0
p11,modern,layout_aware,docx,two_column,degree_level,1,0,0
p11,modern,layout_aware,docx,two_column,field_of_study,0,0,1
p11,modern,layout_aware,docx,two_column,school,1,0,0
p11,modern,layout_aware,docx,two_column,grad_date,1,0,0
p11,modern,layout_aware,docx,two_column,gpa,0,0,0
p11,modern,layout_aware,docx,two_column,skills,0,0,7
p11,modern,layout_aware,docx,two_column,experience,0,2,2
p11,modern,naive,docx,table,name,1,0,0
p11,modern,naive,docx,table,email,1,0,0
p11,modern,naive,docx,table,phone,1,0,0
p11,modern,naive,docx,table,degree_level,1,0,0
p11,modern,naive,docx,table,field_of_study,0,0,1
p11,modern,naive,docx,table,school,1,0,0
p11,modern,naive,docx,table,grad_date,1,0,0
p11,modern,naive,docx,table,gpa,0,0,0
p11,modern,naive,docx,table,skills,0,0,7
p11,modern,naive,docx,table,experience,0,2,2
p11,modern,layout_aware,docx,table,name,1,0,0
p11,modern,layout_aware,docx,table,email,1,0,0
p11,modern,layout_aware,docx,table,phone,1,0,0
p11,modern,layout_aware,docx,table,degree_level,1,0,0
p11,modern,layout_aware,docx,table,field_of_study,0,0,1
p11,modern,layout_aware,docx,table,school,1,0,0
p11,modern,layout_aware,docx,table,grad_date,1,0,0
p11,modern,layout_aware,docx,table,gpa,0,0,0
p11,modern,layout_aware,docx,table,skills,0,0,7
p11,modern,layout_aware,docx,table,experience,0,2,2
p11,modern,naive,docx,textbox,name,1,0,0
p11,modern,naive,docx,textbox,email,0,0,1
p11,modern,naive,docx,textbox,phone,0,0,1
p11,modern,naive,docx,textbox,degree_level,1,0,0
p11,modern,naive,docx,textbox,field_of_study,0,0,1
p11,modern,naive,docx,textbox,school,1,0,0
p11,modern,naive,docx,textbox,grad_date,1,0,0
p11,modern,naive,docx,textbox,gpa,0,0,0
p11,modern,naive,docx,textbox,skills,0,0,7
p11,modern,naive,docx,textbox,experience,0,2,2
p11,modern,layout_aware,docx,textbox,name,1,0,0
p11,modern,layout_aware,docx,textbox,email,1,0,0
p11,modern,layout_aware,docx,textbox,phone,1,0,0
p11,modern,layout_aware,docx,textbox,degree_level,1,0,0
p11,modern,layout_aware,docx,textbox,field_of_study,0,0,1
p11,modern,layout_aware,docx,textbox,school,1,0,0
p11,modern,layout_aware,docx,textbox,grad_date,1,0,0
p11,modern,layout_aware,docx,textbox,gpa,0,0,0
p11,modern,layout_aware,docx,textbox,skills,0,0,7
p11,modern,layout_aware,docx,textbox,experience,0,2,2
p12,classic,naive,pdf,single,name,1,0,0
p12,classic,naive,pdf,single,email,1,0,0
p12,classic,naive,pdf,single,phone,1,0,0
p12,classic,naive,pdf,single,degree_level,1,0,0
p12,classic,naive,pdf,single,field_of_study,1,0,0
p12,classic,naive,pdf,single,school,1,0,0
p12,classic,naive,pdf,single,grad_date,1,0,0
p12,classic,naive,pdf,single,gpa,1,0,0
p12,classic,naive,pdf,single,skills,8,0,0
p12,classic,naive,pdf,single,experience,2,0,0
p12,classic,layout_aware,pdf,single,name,1,0,0
p12,classic,layout_aware,pdf,single,email,1,0,0
p12,classic,layout_aware,pdf,single,phone,1,0,0
p12,classic,layout_aware,pdf,single,degree_level,1,0,0
p12,classic,layout_aware,pdf,single,field_of_study,1,0,0
p12,classic,layout_aware,pdf,single,school,1,0,0
p12,classic,layout_aware,pdf,single,grad_date,1,0,0
p12,classic,layout_aware,pdf,single,gpa,1,0,0
p12,classic,layout_aware,pdf,single,skills,8,0,0
p12,classic,layout_aware,pdf,single,experience,2,0,0
p12,classic,naive,pdf,two_column,name,1,0,0
p12,classic,naive,pdf,two_column,email,1,0,0
p12,classic,naive,pdf,two_column,phone,1,0,0
p12,classic,naive,pdf,two_column,degree_level,1,0,0
p12,classic,naive,pdf,two_column,field_of_study,1,0,0
p12,classic,naive,pdf,two_column,school,0,1,1
p12,classic,naive,pdf,two_column,grad_date,0,1,1
p12,classic,naive,pdf,two_column,gpa,1,0,0
p12,classic,naive,pdf,two_column,skills,0,0,8
p12,classic,naive,pdf,two_column,experience,0,0,2
p12,classic,layout_aware,pdf,two_column,name,1,0,0
p12,classic,layout_aware,pdf,two_column,email,1,0,0
p12,classic,layout_aware,pdf,two_column,phone,1,0,0
p12,classic,layout_aware,pdf,two_column,degree_level,1,0,0
p12,classic,layout_aware,pdf,two_column,field_of_study,1,0,0
p12,classic,layout_aware,pdf,two_column,school,0,1,1
p12,classic,layout_aware,pdf,two_column,grad_date,1,0,0
p12,classic,layout_aware,pdf,two_column,gpa,1,0,0
p12,classic,layout_aware,pdf,two_column,skills,8,0,0
p12,classic,layout_aware,pdf,two_column,experience,2,0,0
p12,classic,naive,pdf,table,name,1,0,0
p12,classic,naive,pdf,table,email,1,0,0
p12,classic,naive,pdf,table,phone,1,0,0
p12,classic,naive,pdf,table,degree_level,0,0,1
p12,classic,naive,pdf,table,field_of_study,0,0,1
p12,classic,naive,pdf,table,school,0,0,1
p12,classic,naive,pdf,table,grad_date,0,0,1
p12,classic,naive,pdf,table,gpa,1,0,0
p12,classic,naive,pdf,table,skills,0,0,8
p12,classic,naive,pdf,table,experience,0,0,2
p12,classic,layout_aware,pdf,table,name,1,0,0
p12,classic,layout_aware,pdf,table,email,1,0,0
p12,classic,layout_aware,pdf,table,phone,1,0,0
p12,classic,layout_aware,pdf,table,degree_level,1,0,0
p12,classic,layout_aware,pdf,table,field_of_study,1,0,0
p12,classic,layout_aware,pdf,table,school,1,0,0
p12,classic,layout_aware,pdf,table,grad_date,1,0,0
p12,classic,layout_aware,pdf,table,gpa,1,0,0
p12,classic,layout_aware,pdf,table,skills,8,0,0
p12,classic,layout_aware,pdf,table,experience,2,0,0
p12,classic,naive,pdf,textbox,name,0,0,1
p12,classic,naive,pdf,textbox,email,1,0,0
p12,classic,naive,pdf,textbox,phone,1,0,0
p12,classic,naive,pdf,textbox,degree_level,1,0,0
p12,classic,naive,pdf,textbox,field_of_study,1,0,0
p12,classic,naive,pdf,textbox,school,1,0,0
p12,classic,naive,pdf,textbox,grad_date,1,0,0
p12,classic,naive,pdf,textbox,gpa,1,0,0
p12,classic,naive,pdf,textbox,skills,0,0,8
p12,classic,naive,pdf,textbox,experience,2,0,0
p12,classic,layout_aware,pdf,textbox,name,1,0,0
p12,classic,layout_aware,pdf,textbox,email,1,0,0
p12,classic,layout_aware,pdf,textbox,phone,1,0,0
p12,classic,layout_aware,pdf,textbox,degree_level,1,0,0
p12,classic,layout_aware,pdf,textbox,field_of_study,1,0,0
p12,classic,layout_aware,pdf,textbox,school,1,0,0
p12,classic,layout_aware,pdf,textbox,grad_date,1,0,0
p12,classic,layout_aware,pdf,textbox,gpa,1,0,0
p12,classic,layout_aware,pdf,textbox,skills,8,0,0
p12,classic,layout_aware,pdf,textbox,experience,2,0,0
p12,classic,naive,docx,single,name,1,0,0
p12,classic,naive,docx,single,email,1,0,0
p12,classic,naive,docx,single,phone,1,0,0
p12,classic,naive,docx,single,degree_level,1,0,0
p12,classic,naive,docx,single,field_of_study,1,0,0
p12,classic,naive,docx,single,school,1,0,0
p12,classic,naive,docx,single,grad_date,1,0,0
p12,classic,naive,docx,single,gpa,1,0,0
p12,classic,naive,docx,single,skills,8,0,0
p12,classic,naive,docx,single,experience,2,0,0
p12,classic,layout_aware,docx,single,name,1,0,0
p12,classic,layout_aware,docx,single,email,1,0,0
p12,classic,layout_aware,docx,single,phone,1,0,0
p12,classic,layout_aware,docx,single,degree_level,1,0,0
p12,classic,layout_aware,docx,single,field_of_study,1,0,0
p12,classic,layout_aware,docx,single,school,1,0,0
p12,classic,layout_aware,docx,single,grad_date,1,0,0
p12,classic,layout_aware,docx,single,gpa,1,0,0
p12,classic,layout_aware,docx,single,skills,8,0,0
p12,classic,layout_aware,docx,single,experience,2,0,0
p12,classic,naive,docx,two_column,name,1,0,0
p12,classic,naive,docx,two_column,email,1,0,0
p12,classic,naive,docx,two_column,phone,1,0,0
p12,classic,naive,docx,two_column,degree_level,1,0,0
p12,classic,naive,docx,two_column,field_of_study,1,0,0
p12,classic,naive,docx,two_column,school,1,0,0
p12,classic,naive,docx,two_column,grad_date,1,0,0
p12,classic,naive,docx,two_column,gpa,1,0,0
p12,classic,naive,docx,two_column,skills,8,0,0
p12,classic,naive,docx,two_column,experience,2,0,0
p12,classic,layout_aware,docx,two_column,name,1,0,0
p12,classic,layout_aware,docx,two_column,email,1,0,0
p12,classic,layout_aware,docx,two_column,phone,1,0,0
p12,classic,layout_aware,docx,two_column,degree_level,1,0,0
p12,classic,layout_aware,docx,two_column,field_of_study,1,0,0
p12,classic,layout_aware,docx,two_column,school,1,0,0
p12,classic,layout_aware,docx,two_column,grad_date,1,0,0
p12,classic,layout_aware,docx,two_column,gpa,1,0,0
p12,classic,layout_aware,docx,two_column,skills,8,0,0
p12,classic,layout_aware,docx,two_column,experience,2,0,0
p12,classic,naive,docx,table,name,1,0,0
p12,classic,naive,docx,table,email,1,0,0
p12,classic,naive,docx,table,phone,1,0,0
p12,classic,naive,docx,table,degree_level,1,0,0
p12,classic,naive,docx,table,field_of_study,1,0,0
p12,classic,naive,docx,table,school,1,0,0
p12,classic,naive,docx,table,grad_date,1,0,0
p12,classic,naive,docx,table,gpa,1,0,0
p12,classic,naive,docx,table,skills,8,0,0
p12,classic,naive,docx,table,experience,2,0,0
p12,classic,layout_aware,docx,table,name,1,0,0
p12,classic,layout_aware,docx,table,email,1,0,0
p12,classic,layout_aware,docx,table,phone,1,0,0
p12,classic,layout_aware,docx,table,degree_level,1,0,0
p12,classic,layout_aware,docx,table,field_of_study,1,0,0
p12,classic,layout_aware,docx,table,school,1,0,0
p12,classic,layout_aware,docx,table,grad_date,1,0,0
p12,classic,layout_aware,docx,table,gpa,1,0,0
p12,classic,layout_aware,docx,table,skills,8,0,0
p12,classic,layout_aware,docx,table,experience,2,0,0
p12,classic,naive,docx,textbox,name,1,0,0
p12,classic,naive,docx,textbox,email,0,0,1
p12,classic,naive,docx,textbox,phone,0,0,1
p12,classic,naive,docx,textbox,degree_level,1,0,0
p12,classic,naive,docx,textbox,field_of_study,1,0,0
p12,classic,naive,docx,textbox,school,1,0,0
p12,classic,naive,docx,textbox,grad_date,1,0,0
p12,classic,naive,docx,textbox,gpa,1,0,0
p12,classic,naive,docx,textbox,skills,0,0,8
p12,classic,naive,docx,textbox,experience,2,0,0
p12,classic,layout_aware,docx,textbox,name,1,0,0
p12,classic,layout_aware,docx,textbox,email,1,0,0
p12,classic,layout_aware,docx,textbox,phone,1,0,0
p12,classic,layout_aware,docx,textbox,degree_level,1,0,0
p12,classic,layout_aware,docx,textbox,field_of_study,1,0,0
p12,classic,layout_aware,docx,textbox,school,1,0,0
p12,classic,layout_aware,docx,textbox,grad_date,1,0,0
p12,classic,layout_aware,docx,textbox,gpa,1,0,0
p12,classic,layout_aware,docx,textbox,skills,8,0,0
p12,classic,layout_aware,docx,textbox,experience,2,0,0
p12,modern,naive,pdf,single,name,1,0,0
p12,modern,naive,pdf,single,email,1,0,0
p12,modern,naive,pdf,single,phone,1,0,0
p12,modern,naive,pdf,single,degree_level,1,0,0
p12,modern,naive,pdf,single,field_of_study,0,0,1
p12,modern,naive,pdf,single,school,0,1,1
p12,modern,naive,pdf,single,grad_date,1,0,0
p12,modern,naive,pdf,single,gpa,1,0,0
p12,modern,naive,pdf,single,skills,0,0,8
p12,modern,naive,pdf,single,experience,0,2,2
p12,modern,layout_aware,pdf,single,name,1,0,0
p12,modern,layout_aware,pdf,single,email,1,0,0
p12,modern,layout_aware,pdf,single,phone,1,0,0
p12,modern,layout_aware,pdf,single,degree_level,1,0,0
p12,modern,layout_aware,pdf,single,field_of_study,0,0,1
p12,modern,layout_aware,pdf,single,school,0,1,1
p12,modern,layout_aware,pdf,single,grad_date,1,0,0
p12,modern,layout_aware,pdf,single,gpa,1,0,0
p12,modern,layout_aware,pdf,single,skills,0,0,8
p12,modern,layout_aware,pdf,single,experience,0,2,2
p12,modern,naive,pdf,two_column,name,1,0,0
p12,modern,naive,pdf,two_column,email,1,0,0
p12,modern,naive,pdf,two_column,phone,1,0,0
p12,modern,naive,pdf,two_column,degree_level,1,0,0
p12,modern,naive,pdf,two_column,field_of_study,0,1,1
p12,modern,naive,pdf,two_column,school,0,1,1
p12,modern,naive,pdf,two_column,grad_date,0,1,1
p12,modern,naive,pdf,two_column,gpa,1,0,0
p12,modern,naive,pdf,two_column,skills,0,0,8
p12,modern,naive,pdf,two_column,experience,0,0,2
p12,modern,layout_aware,pdf,two_column,name,1,0,0
p12,modern,layout_aware,pdf,two_column,email,1,0,0
p12,modern,layout_aware,pdf,two_column,phone,1,0,0
p12,modern,layout_aware,pdf,two_column,degree_level,1,0,0
p12,modern,layout_aware,pdf,two_column,field_of_study,0,0,1
p12,modern,layout_aware,pdf,two_column,school,0,1,1
p12,modern,layout_aware,pdf,two_column,grad_date,1,0,0
p12,modern,layout_aware,pdf,two_column,gpa,1,0,0
p12,modern,layout_aware,pdf,two_column,skills,0,0,8
p12,modern,layout_aware,pdf,two_column,experience,0,2,2
p12,modern,naive,pdf,table,name,1,0,0
p12,modern,naive,pdf,table,email,1,0,0
p12,modern,naive,pdf,table,phone,1,0,0
p12,modern,naive,pdf,table,degree_level,0,0,1
p12,modern,naive,pdf,table,field_of_study,0,0,1
p12,modern,naive,pdf,table,school,0,0,1
p12,modern,naive,pdf,table,grad_date,0,0,1
p12,modern,naive,pdf,table,gpa,1,0,0
p12,modern,naive,pdf,table,skills,0,0,8
p12,modern,naive,pdf,table,experience,0,0,2
p12,modern,layout_aware,pdf,table,name,1,0,0
p12,modern,layout_aware,pdf,table,email,1,0,0
p12,modern,layout_aware,pdf,table,phone,1,0,0
p12,modern,layout_aware,pdf,table,degree_level,1,0,0
p12,modern,layout_aware,pdf,table,field_of_study,0,0,1
p12,modern,layout_aware,pdf,table,school,0,1,1
p12,modern,layout_aware,pdf,table,grad_date,1,0,0
p12,modern,layout_aware,pdf,table,gpa,1,0,0
p12,modern,layout_aware,pdf,table,skills,0,0,8
p12,modern,layout_aware,pdf,table,experience,0,2,2
p12,modern,naive,pdf,textbox,name,0,0,1
p12,modern,naive,pdf,textbox,email,1,0,0
p12,modern,naive,pdf,textbox,phone,1,0,0
p12,modern,naive,pdf,textbox,degree_level,0,0,1
p12,modern,naive,pdf,textbox,field_of_study,0,0,1
p12,modern,naive,pdf,textbox,school,0,0,1
p12,modern,naive,pdf,textbox,grad_date,0,0,1
p12,modern,naive,pdf,textbox,gpa,1,0,0
p12,modern,naive,pdf,textbox,skills,0,0,8
p12,modern,naive,pdf,textbox,experience,0,2,2
p12,modern,layout_aware,pdf,textbox,name,1,0,0
p12,modern,layout_aware,pdf,textbox,email,1,0,0
p12,modern,layout_aware,pdf,textbox,phone,1,0,0
p12,modern,layout_aware,pdf,textbox,degree_level,1,0,0
p12,modern,layout_aware,pdf,textbox,field_of_study,0,0,1
p12,modern,layout_aware,pdf,textbox,school,0,1,1
p12,modern,layout_aware,pdf,textbox,grad_date,1,0,0
p12,modern,layout_aware,pdf,textbox,gpa,1,0,0
p12,modern,layout_aware,pdf,textbox,skills,0,0,8
p12,modern,layout_aware,pdf,textbox,experience,0,2,2
p12,modern,naive,docx,single,name,1,0,0
p12,modern,naive,docx,single,email,1,0,0
p12,modern,naive,docx,single,phone,1,0,0
p12,modern,naive,docx,single,degree_level,1,0,0
p12,modern,naive,docx,single,field_of_study,0,0,1
p12,modern,naive,docx,single,school,0,1,1
p12,modern,naive,docx,single,grad_date,1,0,0
p12,modern,naive,docx,single,gpa,1,0,0
p12,modern,naive,docx,single,skills,0,0,8
p12,modern,naive,docx,single,experience,0,2,2
p12,modern,layout_aware,docx,single,name,1,0,0
p12,modern,layout_aware,docx,single,email,1,0,0
p12,modern,layout_aware,docx,single,phone,1,0,0
p12,modern,layout_aware,docx,single,degree_level,1,0,0
p12,modern,layout_aware,docx,single,field_of_study,0,0,1
p12,modern,layout_aware,docx,single,school,0,1,1
p12,modern,layout_aware,docx,single,grad_date,1,0,0
p12,modern,layout_aware,docx,single,gpa,1,0,0
p12,modern,layout_aware,docx,single,skills,0,0,8
p12,modern,layout_aware,docx,single,experience,0,2,2
p12,modern,naive,docx,two_column,name,1,0,0
p12,modern,naive,docx,two_column,email,1,0,0
p12,modern,naive,docx,two_column,phone,1,0,0
p12,modern,naive,docx,two_column,degree_level,1,0,0
p12,modern,naive,docx,two_column,field_of_study,0,0,1
p12,modern,naive,docx,two_column,school,0,1,1
p12,modern,naive,docx,two_column,grad_date,1,0,0
p12,modern,naive,docx,two_column,gpa,1,0,0
p12,modern,naive,docx,two_column,skills,0,0,8
p12,modern,naive,docx,two_column,experience,0,2,2
p12,modern,layout_aware,docx,two_column,name,1,0,0
p12,modern,layout_aware,docx,two_column,email,1,0,0
p12,modern,layout_aware,docx,two_column,phone,1,0,0
p12,modern,layout_aware,docx,two_column,degree_level,1,0,0
p12,modern,layout_aware,docx,two_column,field_of_study,0,0,1
p12,modern,layout_aware,docx,two_column,school,0,1,1
p12,modern,layout_aware,docx,two_column,grad_date,1,0,0
p12,modern,layout_aware,docx,two_column,gpa,1,0,0
p12,modern,layout_aware,docx,two_column,skills,0,0,8
p12,modern,layout_aware,docx,two_column,experience,0,2,2
p12,modern,naive,docx,table,name,1,0,0
p12,modern,naive,docx,table,email,1,0,0
p12,modern,naive,docx,table,phone,1,0,0
p12,modern,naive,docx,table,degree_level,1,0,0
p12,modern,naive,docx,table,field_of_study,0,0,1
p12,modern,naive,docx,table,school,0,1,1
p12,modern,naive,docx,table,grad_date,1,0,0
p12,modern,naive,docx,table,gpa,1,0,0
p12,modern,naive,docx,table,skills,0,0,8
p12,modern,naive,docx,table,experience,0,2,2
p12,modern,layout_aware,docx,table,name,1,0,0
p12,modern,layout_aware,docx,table,email,1,0,0
p12,modern,layout_aware,docx,table,phone,1,0,0
p12,modern,layout_aware,docx,table,degree_level,1,0,0
p12,modern,layout_aware,docx,table,field_of_study,0,0,1
p12,modern,layout_aware,docx,table,school,0,1,1
p12,modern,layout_aware,docx,table,grad_date,1,0,0
p12,modern,layout_aware,docx,table,gpa,1,0,0
p12,modern,layout_aware,docx,table,skills,0,0,8
p12,modern,layout_aware,docx,table,experience,0,2,2
p12,modern,naive,docx,textbox,name,1,0,0
p12,modern,naive,docx,textbox,email,0,0,1
p12,modern,naive,docx,textbox,phone,0,0,1
p12,modern,naive,docx,textbox,degree_level,1,0,0
p12,modern,naive,docx,textbox,field_of_study,0,0,1
p12,modern,naive,docx,textbox,school,0,1,1
p12,modern,naive,docx,textbox,grad_date,1,0,0
p12,modern,naive,docx,textbox,gpa,1,0,0
p12,modern,naive,docx,textbox,skills,0,0,8
p12,modern,naive,docx,textbox,experience,0,2,2
p12,modern,layout_aware,docx,textbox,name,1,0,0
p12,modern,layout_aware,docx,textbox,email,1,0,0
p12,modern,layout_aware,docx,textbox,phone,1,0,0
p12,modern,layout_aware,docx,textbox,degree_level,1,0,0
p12,modern,layout_aware,docx,textbox,field_of_study,0,0,1
p12,modern,layout_aware,docx,textbox,school,0,1,1
p12,modern,layout_aware,docx,textbox,grad_date,1,0,0
p12,modern,layout_aware,docx,textbox,gpa,1,0,0
p12,modern,layout_aware,docx,textbox,skills,0,0,8
p12,modern,layout_aware,docx,textbox,experience,0,2,2
p13,classic,naive,pdf,single,name,1,0,0
p13,classic,naive,pdf,single,email,1,0,0
p13,classic,naive,pdf,single,phone,1,0,0
p13,classic,naive,pdf,single,degree_level,1,0,0
p13,classic,naive,pdf,single,field_of_study,1,0,0
p13,classic,naive,pdf,single,school,1,0,0
p13,classic,naive,pdf,single,grad_date,1,0,0
p13,classic,naive,pdf,single,gpa,1,0,0
p13,classic,naive,pdf,single,skills,7,0,0
p13,classic,naive,pdf,single,experience,2,0,0
p13,classic,layout_aware,pdf,single,name,1,0,0
p13,classic,layout_aware,pdf,single,email,1,0,0
p13,classic,layout_aware,pdf,single,phone,1,0,0
p13,classic,layout_aware,pdf,single,degree_level,1,0,0
p13,classic,layout_aware,pdf,single,field_of_study,1,0,0
p13,classic,layout_aware,pdf,single,school,1,0,0
p13,classic,layout_aware,pdf,single,grad_date,1,0,0
p13,classic,layout_aware,pdf,single,gpa,1,0,0
p13,classic,layout_aware,pdf,single,skills,7,0,0
p13,classic,layout_aware,pdf,single,experience,2,0,0
p13,classic,naive,pdf,two_column,name,1,0,0
p13,classic,naive,pdf,two_column,email,1,0,0
p13,classic,naive,pdf,two_column,phone,1,0,0
p13,classic,naive,pdf,two_column,degree_level,1,0,0
p13,classic,naive,pdf,two_column,field_of_study,1,0,0
p13,classic,naive,pdf,two_column,school,1,0,0
p13,classic,naive,pdf,two_column,grad_date,1,0,0
p13,classic,naive,pdf,two_column,gpa,1,0,0
p13,classic,naive,pdf,two_column,skills,0,0,7
p13,classic,naive,pdf,two_column,experience,0,0,2
p13,classic,layout_aware,pdf,two_column,name,1,0,0
p13,classic,layout_aware,pdf,two_column,email,1,0,0
p13,classic,layout_aware,pdf,two_column,phone,1,0,0
p13,classic,layout_aware,pdf,two_column,degree_level,1,0,0
p13,classic,layout_aware,pdf,two_column,field_of_study,1,0,0
p13,classic,layout_aware,pdf,two_column,school,1,0,0
p13,classic,layout_aware,pdf,two_column,grad_date,1,0,0
p13,classic,layout_aware,pdf,two_column,gpa,1,0,0
p13,classic,layout_aware,pdf,two_column,skills,7,0,0
p13,classic,layout_aware,pdf,two_column,experience,2,0,0
p13,classic,naive,pdf,table,name,1,0,0
p13,classic,naive,pdf,table,email,1,0,0
p13,classic,naive,pdf,table,phone,1,0,0
p13,classic,naive,pdf,table,degree_level,0,0,1
p13,classic,naive,pdf,table,field_of_study,0,0,1
p13,classic,naive,pdf,table,school,0,0,1
p13,classic,naive,pdf,table,grad_date,0,0,1
p13,classic,naive,pdf,table,gpa,1,0,0
p13,classic,naive,pdf,table,skills,0,0,7
p13,classic,naive,pdf,table,experience,0,0,2
p13,classic,layout_aware,pdf,table,name,1,0,0
p13,classic,layout_aware,pdf,table,email,1,0,0
p13,classic,layout_aware,pdf,table,phone,1,0,0
p13,classic,layout_aware,pdf,table,degree_level,1,0,0
p13,classic,layout_aware,pdf,table,field_of_study,1,0,0
p13,classic,layout_aware,pdf,table,school,1,0,0
p13,classic,layout_aware,pdf,table,grad_date,1,0,0
p13,classic,layout_aware,pdf,table,gpa,1,0,0
p13,classic,layout_aware,pdf,table,skills,7,0,0
p13,classic,layout_aware,pdf,table,experience,2,0,0
p13,classic,naive,pdf,textbox,name,0,0,1
p13,classic,naive,pdf,textbox,email,1,0,0
p13,classic,naive,pdf,textbox,phone,1,0,0
p13,classic,naive,pdf,textbox,degree_level,1,0,0
p13,classic,naive,pdf,textbox,field_of_study,1,0,0
p13,classic,naive,pdf,textbox,school,1,0,0
p13,classic,naive,pdf,textbox,grad_date,1,0,0
p13,classic,naive,pdf,textbox,gpa,1,0,0
p13,classic,naive,pdf,textbox,skills,0,0,7
p13,classic,naive,pdf,textbox,experience,2,0,0
p13,classic,layout_aware,pdf,textbox,name,1,0,0
p13,classic,layout_aware,pdf,textbox,email,1,0,0
p13,classic,layout_aware,pdf,textbox,phone,1,0,0
p13,classic,layout_aware,pdf,textbox,degree_level,1,0,0
p13,classic,layout_aware,pdf,textbox,field_of_study,1,0,0
p13,classic,layout_aware,pdf,textbox,school,1,0,0
p13,classic,layout_aware,pdf,textbox,grad_date,1,0,0
p13,classic,layout_aware,pdf,textbox,gpa,1,0,0
p13,classic,layout_aware,pdf,textbox,skills,7,0,0
p13,classic,layout_aware,pdf,textbox,experience,2,0,0
p13,classic,naive,docx,single,name,1,0,0
p13,classic,naive,docx,single,email,1,0,0
p13,classic,naive,docx,single,phone,1,0,0
p13,classic,naive,docx,single,degree_level,1,0,0
p13,classic,naive,docx,single,field_of_study,1,0,0
p13,classic,naive,docx,single,school,1,0,0
p13,classic,naive,docx,single,grad_date,1,0,0
p13,classic,naive,docx,single,gpa,1,0,0
p13,classic,naive,docx,single,skills,7,0,0
p13,classic,naive,docx,single,experience,2,0,0
p13,classic,layout_aware,docx,single,name,1,0,0
p13,classic,layout_aware,docx,single,email,1,0,0
p13,classic,layout_aware,docx,single,phone,1,0,0
p13,classic,layout_aware,docx,single,degree_level,1,0,0
p13,classic,layout_aware,docx,single,field_of_study,1,0,0
p13,classic,layout_aware,docx,single,school,1,0,0
p13,classic,layout_aware,docx,single,grad_date,1,0,0
p13,classic,layout_aware,docx,single,gpa,1,0,0
p13,classic,layout_aware,docx,single,skills,7,0,0
p13,classic,layout_aware,docx,single,experience,2,0,0
p13,classic,naive,docx,two_column,name,1,0,0
p13,classic,naive,docx,two_column,email,1,0,0
p13,classic,naive,docx,two_column,phone,1,0,0
p13,classic,naive,docx,two_column,degree_level,1,0,0
p13,classic,naive,docx,two_column,field_of_study,1,0,0
p13,classic,naive,docx,two_column,school,1,0,0
p13,classic,naive,docx,two_column,grad_date,1,0,0
p13,classic,naive,docx,two_column,gpa,1,0,0
p13,classic,naive,docx,two_column,skills,7,0,0
p13,classic,naive,docx,two_column,experience,2,0,0
p13,classic,layout_aware,docx,two_column,name,1,0,0
p13,classic,layout_aware,docx,two_column,email,1,0,0
p13,classic,layout_aware,docx,two_column,phone,1,0,0
p13,classic,layout_aware,docx,two_column,degree_level,1,0,0
p13,classic,layout_aware,docx,two_column,field_of_study,1,0,0
p13,classic,layout_aware,docx,two_column,school,1,0,0
p13,classic,layout_aware,docx,two_column,grad_date,1,0,0
p13,classic,layout_aware,docx,two_column,gpa,1,0,0
p13,classic,layout_aware,docx,two_column,skills,7,0,0
p13,classic,layout_aware,docx,two_column,experience,2,0,0
p13,classic,naive,docx,table,name,1,0,0
p13,classic,naive,docx,table,email,1,0,0
p13,classic,naive,docx,table,phone,1,0,0
p13,classic,naive,docx,table,degree_level,1,0,0
p13,classic,naive,docx,table,field_of_study,1,0,0
p13,classic,naive,docx,table,school,1,0,0
p13,classic,naive,docx,table,grad_date,1,0,0
p13,classic,naive,docx,table,gpa,1,0,0
p13,classic,naive,docx,table,skills,7,0,0
p13,classic,naive,docx,table,experience,2,0,0
p13,classic,layout_aware,docx,table,name,1,0,0
p13,classic,layout_aware,docx,table,email,1,0,0
p13,classic,layout_aware,docx,table,phone,1,0,0
p13,classic,layout_aware,docx,table,degree_level,1,0,0
p13,classic,layout_aware,docx,table,field_of_study,1,0,0
p13,classic,layout_aware,docx,table,school,1,0,0
p13,classic,layout_aware,docx,table,grad_date,1,0,0
p13,classic,layout_aware,docx,table,gpa,1,0,0
p13,classic,layout_aware,docx,table,skills,7,0,0
p13,classic,layout_aware,docx,table,experience,2,0,0
p13,classic,naive,docx,textbox,name,1,0,0
p13,classic,naive,docx,textbox,email,0,0,1
p13,classic,naive,docx,textbox,phone,0,0,1
p13,classic,naive,docx,textbox,degree_level,1,0,0
p13,classic,naive,docx,textbox,field_of_study,1,0,0
p13,classic,naive,docx,textbox,school,1,0,0
p13,classic,naive,docx,textbox,grad_date,1,0,0
p13,classic,naive,docx,textbox,gpa,1,0,0
p13,classic,naive,docx,textbox,skills,0,0,7
p13,classic,naive,docx,textbox,experience,2,0,0
p13,classic,layout_aware,docx,textbox,name,1,0,0
p13,classic,layout_aware,docx,textbox,email,1,0,0
p13,classic,layout_aware,docx,textbox,phone,1,0,0
p13,classic,layout_aware,docx,textbox,degree_level,1,0,0
p13,classic,layout_aware,docx,textbox,field_of_study,1,0,0
p13,classic,layout_aware,docx,textbox,school,1,0,0
p13,classic,layout_aware,docx,textbox,grad_date,1,0,0
p13,classic,layout_aware,docx,textbox,gpa,1,0,0
p13,classic,layout_aware,docx,textbox,skills,7,0,0
p13,classic,layout_aware,docx,textbox,experience,2,0,0
p13,modern,naive,pdf,single,name,1,0,0
p13,modern,naive,pdf,single,email,1,0,0
p13,modern,naive,pdf,single,phone,1,0,0
p13,modern,naive,pdf,single,degree_level,1,0,0
p13,modern,naive,pdf,single,field_of_study,0,0,1
p13,modern,naive,pdf,single,school,1,0,0
p13,modern,naive,pdf,single,grad_date,1,0,0
p13,modern,naive,pdf,single,gpa,1,0,0
p13,modern,naive,pdf,single,skills,0,0,7
p13,modern,naive,pdf,single,experience,0,2,2
p13,modern,layout_aware,pdf,single,name,1,0,0
p13,modern,layout_aware,pdf,single,email,1,0,0
p13,modern,layout_aware,pdf,single,phone,1,0,0
p13,modern,layout_aware,pdf,single,degree_level,1,0,0
p13,modern,layout_aware,pdf,single,field_of_study,0,0,1
p13,modern,layout_aware,pdf,single,school,1,0,0
p13,modern,layout_aware,pdf,single,grad_date,1,0,0
p13,modern,layout_aware,pdf,single,gpa,1,0,0
p13,modern,layout_aware,pdf,single,skills,0,0,7
p13,modern,layout_aware,pdf,single,experience,0,2,2
p13,modern,naive,pdf,two_column,name,1,0,0
p13,modern,naive,pdf,two_column,email,1,0,0
p13,modern,naive,pdf,two_column,phone,1,0,0
p13,modern,naive,pdf,two_column,degree_level,1,0,0
p13,modern,naive,pdf,two_column,field_of_study,0,0,1
p13,modern,naive,pdf,two_column,school,1,0,0
p13,modern,naive,pdf,two_column,grad_date,1,0,0
p13,modern,naive,pdf,two_column,gpa,1,0,0
p13,modern,naive,pdf,two_column,skills,0,0,7
p13,modern,naive,pdf,two_column,experience,0,0,2
p13,modern,layout_aware,pdf,two_column,name,1,0,0
p13,modern,layout_aware,pdf,two_column,email,1,0,0
p13,modern,layout_aware,pdf,two_column,phone,1,0,0
p13,modern,layout_aware,pdf,two_column,degree_level,1,0,0
p13,modern,layout_aware,pdf,two_column,field_of_study,0,0,1
p13,modern,layout_aware,pdf,two_column,school,1,0,0
p13,modern,layout_aware,pdf,two_column,grad_date,1,0,0
p13,modern,layout_aware,pdf,two_column,gpa,1,0,0
p13,modern,layout_aware,pdf,two_column,skills,0,0,7
p13,modern,layout_aware,pdf,two_column,experience,0,2,2
p13,modern,naive,pdf,table,name,1,0,0
p13,modern,naive,pdf,table,email,1,0,0
p13,modern,naive,pdf,table,phone,1,0,0
p13,modern,naive,pdf,table,degree_level,0,0,1
p13,modern,naive,pdf,table,field_of_study,0,0,1
p13,modern,naive,pdf,table,school,0,0,1
p13,modern,naive,pdf,table,grad_date,0,0,1
p13,modern,naive,pdf,table,gpa,1,0,0
p13,modern,naive,pdf,table,skills,0,0,7
p13,modern,naive,pdf,table,experience,0,0,2
p13,modern,layout_aware,pdf,table,name,1,0,0
p13,modern,layout_aware,pdf,table,email,1,0,0
p13,modern,layout_aware,pdf,table,phone,1,0,0
p13,modern,layout_aware,pdf,table,degree_level,1,0,0
p13,modern,layout_aware,pdf,table,field_of_study,0,0,1
p13,modern,layout_aware,pdf,table,school,1,0,0
p13,modern,layout_aware,pdf,table,grad_date,1,0,0
p13,modern,layout_aware,pdf,table,gpa,1,0,0
p13,modern,layout_aware,pdf,table,skills,0,0,7
p13,modern,layout_aware,pdf,table,experience,0,2,2
p13,modern,naive,pdf,textbox,name,0,0,1
p13,modern,naive,pdf,textbox,email,1,0,0
p13,modern,naive,pdf,textbox,phone,1,0,0
p13,modern,naive,pdf,textbox,degree_level,0,0,1
p13,modern,naive,pdf,textbox,field_of_study,0,0,1
p13,modern,naive,pdf,textbox,school,0,0,1
p13,modern,naive,pdf,textbox,grad_date,0,0,1
p13,modern,naive,pdf,textbox,gpa,1,0,0
p13,modern,naive,pdf,textbox,skills,0,0,7
p13,modern,naive,pdf,textbox,experience,0,2,2
p13,modern,layout_aware,pdf,textbox,name,1,0,0
p13,modern,layout_aware,pdf,textbox,email,1,0,0
p13,modern,layout_aware,pdf,textbox,phone,1,0,0
p13,modern,layout_aware,pdf,textbox,degree_level,1,0,0
p13,modern,layout_aware,pdf,textbox,field_of_study,0,0,1
p13,modern,layout_aware,pdf,textbox,school,1,0,0
p13,modern,layout_aware,pdf,textbox,grad_date,1,0,0
p13,modern,layout_aware,pdf,textbox,gpa,1,0,0
p13,modern,layout_aware,pdf,textbox,skills,0,0,7
p13,modern,layout_aware,pdf,textbox,experience,0,2,2
p13,modern,naive,docx,single,name,1,0,0
p13,modern,naive,docx,single,email,1,0,0
p13,modern,naive,docx,single,phone,1,0,0
p13,modern,naive,docx,single,degree_level,1,0,0
p13,modern,naive,docx,single,field_of_study,0,0,1
p13,modern,naive,docx,single,school,1,0,0
p13,modern,naive,docx,single,grad_date,1,0,0
p13,modern,naive,docx,single,gpa,1,0,0
p13,modern,naive,docx,single,skills,0,0,7
p13,modern,naive,docx,single,experience,0,2,2
p13,modern,layout_aware,docx,single,name,1,0,0
p13,modern,layout_aware,docx,single,email,1,0,0
p13,modern,layout_aware,docx,single,phone,1,0,0
p13,modern,layout_aware,docx,single,degree_level,1,0,0
p13,modern,layout_aware,docx,single,field_of_study,0,0,1
p13,modern,layout_aware,docx,single,school,1,0,0
p13,modern,layout_aware,docx,single,grad_date,1,0,0
p13,modern,layout_aware,docx,single,gpa,1,0,0
p13,modern,layout_aware,docx,single,skills,0,0,7
p13,modern,layout_aware,docx,single,experience,0,2,2
p13,modern,naive,docx,two_column,name,1,0,0
p13,modern,naive,docx,two_column,email,1,0,0
p13,modern,naive,docx,two_column,phone,1,0,0
p13,modern,naive,docx,two_column,degree_level,1,0,0
p13,modern,naive,docx,two_column,field_of_study,0,0,1
p13,modern,naive,docx,two_column,school,1,0,0
p13,modern,naive,docx,two_column,grad_date,1,0,0
p13,modern,naive,docx,two_column,gpa,1,0,0
p13,modern,naive,docx,two_column,skills,0,0,7
p13,modern,naive,docx,two_column,experience,0,2,2
p13,modern,layout_aware,docx,two_column,name,1,0,0
p13,modern,layout_aware,docx,two_column,email,1,0,0
p13,modern,layout_aware,docx,two_column,phone,1,0,0
p13,modern,layout_aware,docx,two_column,degree_level,1,0,0
p13,modern,layout_aware,docx,two_column,field_of_study,0,0,1
p13,modern,layout_aware,docx,two_column,school,1,0,0
p13,modern,layout_aware,docx,two_column,grad_date,1,0,0
p13,modern,layout_aware,docx,two_column,gpa,1,0,0
p13,modern,layout_aware,docx,two_column,skills,0,0,7
p13,modern,layout_aware,docx,two_column,experience,0,2,2
p13,modern,naive,docx,table,name,1,0,0
p13,modern,naive,docx,table,email,1,0,0
p13,modern,naive,docx,table,phone,1,0,0
p13,modern,naive,docx,table,degree_level,1,0,0
p13,modern,naive,docx,table,field_of_study,0,0,1
p13,modern,naive,docx,table,school,1,0,0
p13,modern,naive,docx,table,grad_date,1,0,0
p13,modern,naive,docx,table,gpa,1,0,0
p13,modern,naive,docx,table,skills,0,0,7
p13,modern,naive,docx,table,experience,0,2,2
p13,modern,layout_aware,docx,table,name,1,0,0
p13,modern,layout_aware,docx,table,email,1,0,0
p13,modern,layout_aware,docx,table,phone,1,0,0
p13,modern,layout_aware,docx,table,degree_level,1,0,0
p13,modern,layout_aware,docx,table,field_of_study,0,0,1
p13,modern,layout_aware,docx,table,school,1,0,0
p13,modern,layout_aware,docx,table,grad_date,1,0,0
p13,modern,layout_aware,docx,table,gpa,1,0,0
p13,modern,layout_aware,docx,table,skills,0,0,7
p13,modern,layout_aware,docx,table,experience,0,2,2
p13,modern,naive,docx,textbox,name,1,0,0
p13,modern,naive,docx,textbox,email,0,0,1
p13,modern,naive,docx,textbox,phone,0,0,1
p13,modern,naive,docx,textbox,degree_level,1,0,0
p13,modern,naive,docx,textbox,field_of_study,0,0,1
p13,modern,naive,docx,textbox,school,1,0,0
p13,modern,naive,docx,textbox,grad_date,1,0,0
p13,modern,naive,docx,textbox,gpa,1,0,0
p13,modern,naive,docx,textbox,skills,0,0,7
p13,modern,naive,docx,textbox,experience,0,2,2
p13,modern,layout_aware,docx,textbox,name,1,0,0
p13,modern,layout_aware,docx,textbox,email,1,0,0
p13,modern,layout_aware,docx,textbox,phone,1,0,0
p13,modern,layout_aware,docx,textbox,degree_level,1,0,0
p13,modern,layout_aware,docx,textbox,field_of_study,0,0,1
p13,modern,layout_aware,docx,textbox,school,1,0,0
p13,modern,layout_aware,docx,textbox,grad_date,1,0,0
p13,modern,layout_aware,docx,textbox,gpa,1,0,0
p13,modern,layout_aware,docx,textbox,skills,0,0,7
p13,modern,layout_aware,docx,textbox,experience,0,2,2
p14,classic,naive,pdf,single,name,1,0,0
p14,classic,naive,pdf,single,email,1,0,0
p14,classic,naive,pdf,single,phone,1,0,0
p14,classic,naive,pdf,single,degree_level,1,0,0
p14,classic,naive,pdf,single,field_of_study,1,0,0
p14,classic,naive,pdf,single,school,1,0,0
p14,classic,naive,pdf,single,grad_date,1,0,0
p14,classic,naive,pdf,single,gpa,1,0,0
p14,classic,naive,pdf,single,skills,6,0,0
p14,classic,naive,pdf,single,experience,2,0,0
p14,classic,layout_aware,pdf,single,name,1,0,0
p14,classic,layout_aware,pdf,single,email,1,0,0
p14,classic,layout_aware,pdf,single,phone,1,0,0
p14,classic,layout_aware,pdf,single,degree_level,1,0,0
p14,classic,layout_aware,pdf,single,field_of_study,1,0,0
p14,classic,layout_aware,pdf,single,school,1,0,0
p14,classic,layout_aware,pdf,single,grad_date,1,0,0
p14,classic,layout_aware,pdf,single,gpa,1,0,0
p14,classic,layout_aware,pdf,single,skills,6,0,0
p14,classic,layout_aware,pdf,single,experience,2,0,0
p14,classic,naive,pdf,two_column,name,1,0,0
p14,classic,naive,pdf,two_column,email,1,0,0
p14,classic,naive,pdf,two_column,phone,1,0,0
p14,classic,naive,pdf,two_column,degree_level,0,0,1
p14,classic,naive,pdf,two_column,field_of_study,0,0,1
p14,classic,naive,pdf,two_column,school,0,0,1
p14,classic,naive,pdf,two_column,grad_date,0,0,1
p14,classic,naive,pdf,two_column,gpa,1,0,0
p14,classic,naive,pdf,two_column,skills,6,0,0
p14,classic,naive,pdf,two_column,experience,0,0,2
p14,classic,layout_aware,pdf,two_column,name,1,0,0
p14,classic,layout_aware,pdf,two_column,email,1,0,0
p14,classic,layout_aware,pdf,two_column,phone,1,0,0
p14,classic,layout_aware,pdf,two_column,degree_level,1,0,0
p14,classic,layout_aware,pdf,two_column,field_of_study,1,0,0
p14,classic,layout_aware,pdf,two_column,school,1,0,0
p14,classic,layout_aware,pdf,two_column,grad_date,1,0,0
p14,classic,layout_aware,pdf,two_column,gpa,1,0,0
p14,classic,layout_aware,pdf,two_column,skills,6,0,0
p14,classic,layout_aware,pdf,two_column,experience,2,0,0
p14,classic,naive,pdf,table,name,1,0,0
p14,classic,naive,pdf,table,email,1,0,0
p14,classic,naive,pdf,table,phone,1,0,0
p14,classic,naive,pdf,table,degree_level,0,0,1
p14,classic,naive,pdf,table,field_of_study,0,0,1
p14,classic,naive,pdf,table,school,0,0,1
p14,classic,naive,pdf,table,grad_date,0,0,1
p14,classic,naive,pdf,table,gpa,1,0,0
p14,classic,naive,pdf,table,skills,0,0,6
p14,classic,naive,pdf,table,experience,0,0,2
p14,classic,layout_aware,pdf,table,name,1,0,0
p14,classic,layout_aware,pdf,table,email,1,0,0
p14,classic,layout_aware,pdf,table,phone,1,0,0
p14,classic,layout_aware,pdf,table,degree_level,1,0,0
p14,classic,layout_aware,pdf,table,field_of_study,1,0,0
p14,classic,layout_aware,pdf,table,school,1,0,0
p14,classic,layout_aware,pdf,table,grad_date,1,0,0
p14,classic,layout_aware,pdf,table,gpa,1,0,0
p14,classic,layout_aware,pdf,table,skills,6,0,0
p14,classic,layout_aware,pdf,table,experience,2,0,0
p14,classic,naive,pdf,textbox,name,0,0,1
p14,classic,naive,pdf,textbox,email,1,0,0
p14,classic,naive,pdf,textbox,phone,1,0,0
p14,classic,naive,pdf,textbox,degree_level,1,0,0
p14,classic,naive,pdf,textbox,field_of_study,1,0,0
p14,classic,naive,pdf,textbox,school,1,0,0
p14,classic,naive,pdf,textbox,grad_date,1,0,0
p14,classic,naive,pdf,textbox,gpa,1,0,0
p14,classic,naive,pdf,textbox,skills,0,0,6
p14,classic,naive,pdf,textbox,experience,2,0,0
p14,classic,layout_aware,pdf,textbox,name,1,0,0
p14,classic,layout_aware,pdf,textbox,email,1,0,0
p14,classic,layout_aware,pdf,textbox,phone,1,0,0
p14,classic,layout_aware,pdf,textbox,degree_level,1,0,0
p14,classic,layout_aware,pdf,textbox,field_of_study,1,0,0
p14,classic,layout_aware,pdf,textbox,school,1,0,0
p14,classic,layout_aware,pdf,textbox,grad_date,1,0,0
p14,classic,layout_aware,pdf,textbox,gpa,1,0,0
p14,classic,layout_aware,pdf,textbox,skills,6,0,0
p14,classic,layout_aware,pdf,textbox,experience,2,0,0
p14,classic,naive,docx,single,name,1,0,0
p14,classic,naive,docx,single,email,1,0,0
p14,classic,naive,docx,single,phone,1,0,0
p14,classic,naive,docx,single,degree_level,1,0,0
p14,classic,naive,docx,single,field_of_study,1,0,0
p14,classic,naive,docx,single,school,1,0,0
p14,classic,naive,docx,single,grad_date,1,0,0
p14,classic,naive,docx,single,gpa,1,0,0
p14,classic,naive,docx,single,skills,6,0,0
p14,classic,naive,docx,single,experience,2,0,0
p14,classic,layout_aware,docx,single,name,1,0,0
p14,classic,layout_aware,docx,single,email,1,0,0
p14,classic,layout_aware,docx,single,phone,1,0,0
p14,classic,layout_aware,docx,single,degree_level,1,0,0
p14,classic,layout_aware,docx,single,field_of_study,1,0,0
p14,classic,layout_aware,docx,single,school,1,0,0
p14,classic,layout_aware,docx,single,grad_date,1,0,0
p14,classic,layout_aware,docx,single,gpa,1,0,0
p14,classic,layout_aware,docx,single,skills,6,0,0
p14,classic,layout_aware,docx,single,experience,2,0,0
p14,classic,naive,docx,two_column,name,1,0,0
p14,classic,naive,docx,two_column,email,1,0,0
p14,classic,naive,docx,two_column,phone,1,0,0
p14,classic,naive,docx,two_column,degree_level,1,0,0
p14,classic,naive,docx,two_column,field_of_study,1,0,0
p14,classic,naive,docx,two_column,school,1,0,0
p14,classic,naive,docx,two_column,grad_date,1,0,0
p14,classic,naive,docx,two_column,gpa,1,0,0
p14,classic,naive,docx,two_column,skills,6,0,0
p14,classic,naive,docx,two_column,experience,2,0,0
p14,classic,layout_aware,docx,two_column,name,1,0,0
p14,classic,layout_aware,docx,two_column,email,1,0,0
p14,classic,layout_aware,docx,two_column,phone,1,0,0
p14,classic,layout_aware,docx,two_column,degree_level,1,0,0
p14,classic,layout_aware,docx,two_column,field_of_study,1,0,0
p14,classic,layout_aware,docx,two_column,school,1,0,0
p14,classic,layout_aware,docx,two_column,grad_date,1,0,0
p14,classic,layout_aware,docx,two_column,gpa,1,0,0
p14,classic,layout_aware,docx,two_column,skills,6,0,0
p14,classic,layout_aware,docx,two_column,experience,2,0,0
p14,classic,naive,docx,table,name,1,0,0
p14,classic,naive,docx,table,email,1,0,0
p14,classic,naive,docx,table,phone,1,0,0
p14,classic,naive,docx,table,degree_level,1,0,0
p14,classic,naive,docx,table,field_of_study,1,0,0
p14,classic,naive,docx,table,school,1,0,0
p14,classic,naive,docx,table,grad_date,1,0,0
p14,classic,naive,docx,table,gpa,1,0,0
p14,classic,naive,docx,table,skills,6,0,0
p14,classic,naive,docx,table,experience,2,0,0
p14,classic,layout_aware,docx,table,name,1,0,0
p14,classic,layout_aware,docx,table,email,1,0,0
p14,classic,layout_aware,docx,table,phone,1,0,0
p14,classic,layout_aware,docx,table,degree_level,1,0,0
p14,classic,layout_aware,docx,table,field_of_study,1,0,0
p14,classic,layout_aware,docx,table,school,1,0,0
p14,classic,layout_aware,docx,table,grad_date,1,0,0
p14,classic,layout_aware,docx,table,gpa,1,0,0
p14,classic,layout_aware,docx,table,skills,6,0,0
p14,classic,layout_aware,docx,table,experience,2,0,0
p14,classic,naive,docx,textbox,name,1,0,0
p14,classic,naive,docx,textbox,email,0,0,1
p14,classic,naive,docx,textbox,phone,0,0,1
p14,classic,naive,docx,textbox,degree_level,1,0,0
p14,classic,naive,docx,textbox,field_of_study,1,0,0
p14,classic,naive,docx,textbox,school,1,0,0
p14,classic,naive,docx,textbox,grad_date,1,0,0
p14,classic,naive,docx,textbox,gpa,1,0,0
p14,classic,naive,docx,textbox,skills,0,0,6
p14,classic,naive,docx,textbox,experience,2,0,0
p14,classic,layout_aware,docx,textbox,name,1,0,0
p14,classic,layout_aware,docx,textbox,email,1,0,0
p14,classic,layout_aware,docx,textbox,phone,1,0,0
p14,classic,layout_aware,docx,textbox,degree_level,1,0,0
p14,classic,layout_aware,docx,textbox,field_of_study,1,0,0
p14,classic,layout_aware,docx,textbox,school,1,0,0
p14,classic,layout_aware,docx,textbox,grad_date,1,0,0
p14,classic,layout_aware,docx,textbox,gpa,1,0,0
p14,classic,layout_aware,docx,textbox,skills,6,0,0
p14,classic,layout_aware,docx,textbox,experience,2,0,0
p14,modern,naive,pdf,single,name,1,0,0
p14,modern,naive,pdf,single,email,1,0,0
p14,modern,naive,pdf,single,phone,1,0,0
p14,modern,naive,pdf,single,degree_level,1,0,0
p14,modern,naive,pdf,single,field_of_study,0,0,1
p14,modern,naive,pdf,single,school,0,1,1
p14,modern,naive,pdf,single,grad_date,1,0,0
p14,modern,naive,pdf,single,gpa,1,0,0
p14,modern,naive,pdf,single,skills,0,0,6
p14,modern,naive,pdf,single,experience,0,2,2
p14,modern,layout_aware,pdf,single,name,1,0,0
p14,modern,layout_aware,pdf,single,email,1,0,0
p14,modern,layout_aware,pdf,single,phone,1,0,0
p14,modern,layout_aware,pdf,single,degree_level,1,0,0
p14,modern,layout_aware,pdf,single,field_of_study,0,0,1
p14,modern,layout_aware,pdf,single,school,0,1,1
p14,modern,layout_aware,pdf,single,grad_date,1,0,0
p14,modern,layout_aware,pdf,single,gpa,1,0,0
p14,modern,layout_aware,pdf,single,skills,0,0,6
p14,modern,layout_aware,pdf,single,experience,0,2,2
p14,modern,naive,pdf,two_column,name,1,0,0
p14,modern,naive,pdf,two_column,email,1,0,0
p14,modern,naive,pdf,two_column,phone,1,0,0
p14,modern,naive,pdf,two_column,degree_level,1,0,0
p14,modern,naive,pdf,two_column,field_of_study,0,0,1
p14,modern,naive,pdf,two_column,school,0,1,1
p14,modern,naive,pdf,two_column,grad_date,1,0,0
p14,modern,naive,pdf,two_column,gpa,1,0,0
p14,modern,naive,pdf,two_column,skills,0,0,6
p14,modern,naive,pdf,two_column,experience,0,0,2
p14,modern,layout_aware,pdf,two_column,name,1,0,0
p14,modern,layout_aware,pdf,two_column,email,1,0,0
p14,modern,layout_aware,pdf,two_column,phone,1,0,0
p14,modern,layout_aware,pdf,two_column,degree_level,1,0,0
p14,modern,layout_aware,pdf,two_column,field_of_study,0,0,1
p14,modern,layout_aware,pdf,two_column,school,0,1,1
p14,modern,layout_aware,pdf,two_column,grad_date,1,0,0
p14,modern,layout_aware,pdf,two_column,gpa,1,0,0
p14,modern,layout_aware,pdf,two_column,skills,0,0,6
p14,modern,layout_aware,pdf,two_column,experience,0,2,2
p14,modern,naive,pdf,table,name,1,0,0
p14,modern,naive,pdf,table,email,1,0,0
p14,modern,naive,pdf,table,phone,1,0,0
p14,modern,naive,pdf,table,degree_level,0,0,1
p14,modern,naive,pdf,table,field_of_study,0,0,1
p14,modern,naive,pdf,table,school,0,0,1
p14,modern,naive,pdf,table,grad_date,0,0,1
p14,modern,naive,pdf,table,gpa,1,0,0
p14,modern,naive,pdf,table,skills,0,0,6
p14,modern,naive,pdf,table,experience,0,0,2
p14,modern,layout_aware,pdf,table,name,1,0,0
p14,modern,layout_aware,pdf,table,email,1,0,0
p14,modern,layout_aware,pdf,table,phone,1,0,0
p14,modern,layout_aware,pdf,table,degree_level,1,0,0
p14,modern,layout_aware,pdf,table,field_of_study,0,0,1
p14,modern,layout_aware,pdf,table,school,0,1,1
p14,modern,layout_aware,pdf,table,grad_date,1,0,0
p14,modern,layout_aware,pdf,table,gpa,1,0,0
p14,modern,layout_aware,pdf,table,skills,0,0,6
p14,modern,layout_aware,pdf,table,experience,0,2,2
p14,modern,naive,pdf,textbox,name,0,0,1
p14,modern,naive,pdf,textbox,email,1,0,0
p14,modern,naive,pdf,textbox,phone,1,0,0
p14,modern,naive,pdf,textbox,degree_level,0,0,1
p14,modern,naive,pdf,textbox,field_of_study,0,0,1
p14,modern,naive,pdf,textbox,school,0,0,1
p14,modern,naive,pdf,textbox,grad_date,0,0,1
p14,modern,naive,pdf,textbox,gpa,1,0,0
p14,modern,naive,pdf,textbox,skills,0,0,6
p14,modern,naive,pdf,textbox,experience,0,2,2
p14,modern,layout_aware,pdf,textbox,name,1,0,0
p14,modern,layout_aware,pdf,textbox,email,1,0,0
p14,modern,layout_aware,pdf,textbox,phone,1,0,0
p14,modern,layout_aware,pdf,textbox,degree_level,1,0,0
p14,modern,layout_aware,pdf,textbox,field_of_study,0,0,1
p14,modern,layout_aware,pdf,textbox,school,0,1,1
p14,modern,layout_aware,pdf,textbox,grad_date,1,0,0
p14,modern,layout_aware,pdf,textbox,gpa,1,0,0
p14,modern,layout_aware,pdf,textbox,skills,0,0,6
p14,modern,layout_aware,pdf,textbox,experience,0,2,2
p14,modern,naive,docx,single,name,1,0,0
p14,modern,naive,docx,single,email,1,0,0
p14,modern,naive,docx,single,phone,1,0,0
p14,modern,naive,docx,single,degree_level,1,0,0
p14,modern,naive,docx,single,field_of_study,0,0,1
p14,modern,naive,docx,single,school,0,1,1
p14,modern,naive,docx,single,grad_date,1,0,0
p14,modern,naive,docx,single,gpa,1,0,0
p14,modern,naive,docx,single,skills,0,0,6
p14,modern,naive,docx,single,experience,0,2,2
p14,modern,layout_aware,docx,single,name,1,0,0
p14,modern,layout_aware,docx,single,email,1,0,0
p14,modern,layout_aware,docx,single,phone,1,0,0
p14,modern,layout_aware,docx,single,degree_level,1,0,0
p14,modern,layout_aware,docx,single,field_of_study,0,0,1
p14,modern,layout_aware,docx,single,school,0,1,1
p14,modern,layout_aware,docx,single,grad_date,1,0,0
p14,modern,layout_aware,docx,single,gpa,1,0,0
p14,modern,layout_aware,docx,single,skills,0,0,6
p14,modern,layout_aware,docx,single,experience,0,2,2
p14,modern,naive,docx,two_column,name,1,0,0
p14,modern,naive,docx,two_column,email,1,0,0
p14,modern,naive,docx,two_column,phone,1,0,0
p14,modern,naive,docx,two_column,degree_level,1,0,0
p14,modern,naive,docx,two_column,field_of_study,0,0,1
p14,modern,naive,docx,two_column,school,0,1,1
p14,modern,naive,docx,two_column,grad_date,1,0,0
p14,modern,naive,docx,two_column,gpa,1,0,0
p14,modern,naive,docx,two_column,skills,0,0,6
p14,modern,naive,docx,two_column,experience,0,2,2
p14,modern,layout_aware,docx,two_column,name,1,0,0
p14,modern,layout_aware,docx,two_column,email,1,0,0
p14,modern,layout_aware,docx,two_column,phone,1,0,0
p14,modern,layout_aware,docx,two_column,degree_level,1,0,0
p14,modern,layout_aware,docx,two_column,field_of_study,0,0,1
p14,modern,layout_aware,docx,two_column,school,0,1,1
p14,modern,layout_aware,docx,two_column,grad_date,1,0,0
p14,modern,layout_aware,docx,two_column,gpa,1,0,0
p14,modern,layout_aware,docx,two_column,skills,0,0,6
p14,modern,layout_aware,docx,two_column,experience,0,2,2
p14,modern,naive,docx,table,name,1,0,0
p14,modern,naive,docx,table,email,1,0,0
p14,modern,naive,docx,table,phone,1,0,0
p14,modern,naive,docx,table,degree_level,1,0,0
p14,modern,naive,docx,table,field_of_study,0,0,1
p14,modern,naive,docx,table,school,0,1,1
p14,modern,naive,docx,table,grad_date,1,0,0
p14,modern,naive,docx,table,gpa,1,0,0
p14,modern,naive,docx,table,skills,0,0,6
p14,modern,naive,docx,table,experience,0,2,2
p14,modern,layout_aware,docx,table,name,1,0,0
p14,modern,layout_aware,docx,table,email,1,0,0
p14,modern,layout_aware,docx,table,phone,1,0,0
p14,modern,layout_aware,docx,table,degree_level,1,0,0
p14,modern,layout_aware,docx,table,field_of_study,0,0,1
p14,modern,layout_aware,docx,table,school,0,1,1
p14,modern,layout_aware,docx,table,grad_date,1,0,0
p14,modern,layout_aware,docx,table,gpa,1,0,0
p14,modern,layout_aware,docx,table,skills,0,0,6
p14,modern,layout_aware,docx,table,experience,0,2,2
p14,modern,naive,docx,textbox,name,1,0,0
p14,modern,naive,docx,textbox,email,0,0,1
p14,modern,naive,docx,textbox,phone,0,0,1
p14,modern,naive,docx,textbox,degree_level,1,0,0
p14,modern,naive,docx,textbox,field_of_study,0,0,1
p14,modern,naive,docx,textbox,school,0,1,1
p14,modern,naive,docx,textbox,grad_date,1,0,0
p14,modern,naive,docx,textbox,gpa,1,0,0
p14,modern,naive,docx,textbox,skills,0,0,6
p14,modern,naive,docx,textbox,experience,0,2,2
p14,modern,layout_aware,docx,textbox,name,1,0,0
p14,modern,layout_aware,docx,textbox,email,1,0,0
p14,modern,layout_aware,docx,textbox,phone,1,0,0
p14,modern,layout_aware,docx,textbox,degree_level,1,0,0
p14,modern,layout_aware,docx,textbox,field_of_study,0,0,1
p14,modern,layout_aware,docx,textbox,school,0,1,1
p14,modern,layout_aware,docx,textbox,grad_date,1,0,0
p14,modern,layout_aware,docx,textbox,gpa,1,0,0
p14,modern,layout_aware,docx,textbox,skills,0,0,6
p14,modern,layout_aware,docx,textbox,experience,0,2,2
p15,classic,naive,pdf,single,name,1,0,0
p15,classic,naive,pdf,single,email,1,0,0
p15,classic,naive,pdf,single,phone,1,0,0
p15,classic,naive,pdf,single,degree_level,1,0,0
p15,classic,naive,pdf,single,field_of_study,1,0,0
p15,classic,naive,pdf,single,school,1,0,0
p15,classic,naive,pdf,single,grad_date,1,0,0
p15,classic,naive,pdf,single,gpa,1,0,0
p15,classic,naive,pdf,single,skills,6,0,0
p15,classic,naive,pdf,single,experience,2,0,0
p15,classic,layout_aware,pdf,single,name,1,0,0
p15,classic,layout_aware,pdf,single,email,1,0,0
p15,classic,layout_aware,pdf,single,phone,1,0,0
p15,classic,layout_aware,pdf,single,degree_level,1,0,0
p15,classic,layout_aware,pdf,single,field_of_study,1,0,0
p15,classic,layout_aware,pdf,single,school,1,0,0
p15,classic,layout_aware,pdf,single,grad_date,1,0,0
p15,classic,layout_aware,pdf,single,gpa,1,0,0
p15,classic,layout_aware,pdf,single,skills,6,0,0
p15,classic,layout_aware,pdf,single,experience,2,0,0
p15,classic,naive,pdf,two_column,name,1,0,0
p15,classic,naive,pdf,two_column,email,1,0,0
p15,classic,naive,pdf,two_column,phone,1,0,0
p15,classic,naive,pdf,two_column,degree_level,1,0,0
p15,classic,naive,pdf,two_column,field_of_study,1,0,0
p15,classic,naive,pdf,two_column,school,1,0,0
p15,classic,naive,pdf,two_column,grad_date,1,0,0
p15,classic,naive,pdf,two_column,gpa,1,0,0
p15,classic,naive,pdf,two_column,skills,0,0,6
p15,classic,naive,pdf,two_column,experience,0,0,2
p15,classic,layout_aware,pdf,two_column,name,1,0,0
p15,classic,layout_aware,pdf,two_column,email,1,0,0
p15,classic,layout_aware,pdf,two_column,phone,1,0,0
p15,classic,layout_aware,pdf,two_column,degree_level,1,0,0
p15,classic,layout_aware,pdf,two_column,field_of_study,1,0,0
p15,classic,layout_aware,pdf,two_column,school,1,0,0
p15,classic,layout_aware,pdf,two_column,grad_date,1,0,0
p15,classic,layout_aware,pdf,two_column,gpa,1,0,0
p15,classic,layout_aware,pdf,two_column,skills,6,0,0
p15,classic,layout_aware,pdf,two_column,experience,2,0,0
p15,classic,naive,pdf,table,name,1,0,0
p15,classic,naive,pdf,table,email,1,0,0
p15,classic,naive,pdf,table,phone,1,0,0
p15,classic,naive,pdf,table,degree_level,0,0,1
p15,classic,naive,pdf,table,field_of_study,0,0,1
p15,classic,naive,pdf,table,school,0,0,1
p15,classic,naive,pdf,table,grad_date,0,0,1
p15,classic,naive,pdf,table,gpa,1,0,0
p15,classic,naive,pdf,table,skills,0,0,6
p15,classic,naive,pdf,table,experience,0,0,2
p15,classic,layout_aware,pdf,table,name,1,0,0
p15,classic,layout_aware,pdf,table,email,1,0,0
p15,classic,layout_aware,pdf,table,phone,1,0,0
p15,classic,layout_aware,pdf,table,degree_level,1,0,0
p15,classic,layout_aware,pdf,table,field_of_study,1,0,0
p15,classic,layout_aware,pdf,table,school,1,0,0
p15,classic,layout_aware,pdf,table,grad_date,1,0,0
p15,classic,layout_aware,pdf,table,gpa,1,0,0
p15,classic,layout_aware,pdf,table,skills,6,0,0
p15,classic,layout_aware,pdf,table,experience,2,0,0
p15,classic,naive,pdf,textbox,name,0,0,1
p15,classic,naive,pdf,textbox,email,1,0,0
p15,classic,naive,pdf,textbox,phone,1,0,0
p15,classic,naive,pdf,textbox,degree_level,1,0,0
p15,classic,naive,pdf,textbox,field_of_study,1,0,0
p15,classic,naive,pdf,textbox,school,1,0,0
p15,classic,naive,pdf,textbox,grad_date,1,0,0
p15,classic,naive,pdf,textbox,gpa,1,0,0
p15,classic,naive,pdf,textbox,skills,0,0,6
p15,classic,naive,pdf,textbox,experience,1,0,1
p15,classic,layout_aware,pdf,textbox,name,1,0,0
p15,classic,layout_aware,pdf,textbox,email,1,0,0
p15,classic,layout_aware,pdf,textbox,phone,1,0,0
p15,classic,layout_aware,pdf,textbox,degree_level,1,0,0
p15,classic,layout_aware,pdf,textbox,field_of_study,1,0,0
p15,classic,layout_aware,pdf,textbox,school,1,0,0
p15,classic,layout_aware,pdf,textbox,grad_date,1,0,0
p15,classic,layout_aware,pdf,textbox,gpa,1,0,0
p15,classic,layout_aware,pdf,textbox,skills,6,0,0
p15,classic,layout_aware,pdf,textbox,experience,1,0,1
p15,classic,naive,docx,single,name,1,0,0
p15,classic,naive,docx,single,email,1,0,0
p15,classic,naive,docx,single,phone,1,0,0
p15,classic,naive,docx,single,degree_level,1,0,0
p15,classic,naive,docx,single,field_of_study,1,0,0
p15,classic,naive,docx,single,school,1,0,0
p15,classic,naive,docx,single,grad_date,1,0,0
p15,classic,naive,docx,single,gpa,1,0,0
p15,classic,naive,docx,single,skills,6,0,0
p15,classic,naive,docx,single,experience,2,0,0
p15,classic,layout_aware,docx,single,name,1,0,0
p15,classic,layout_aware,docx,single,email,1,0,0
p15,classic,layout_aware,docx,single,phone,1,0,0
p15,classic,layout_aware,docx,single,degree_level,1,0,0
p15,classic,layout_aware,docx,single,field_of_study,1,0,0
p15,classic,layout_aware,docx,single,school,1,0,0
p15,classic,layout_aware,docx,single,grad_date,1,0,0
p15,classic,layout_aware,docx,single,gpa,1,0,0
p15,classic,layout_aware,docx,single,skills,6,0,0
p15,classic,layout_aware,docx,single,experience,2,0,0
p15,classic,naive,docx,two_column,name,1,0,0
p15,classic,naive,docx,two_column,email,1,0,0
p15,classic,naive,docx,two_column,phone,1,0,0
p15,classic,naive,docx,two_column,degree_level,1,0,0
p15,classic,naive,docx,two_column,field_of_study,1,0,0
p15,classic,naive,docx,two_column,school,1,0,0
p15,classic,naive,docx,two_column,grad_date,1,0,0
p15,classic,naive,docx,two_column,gpa,1,0,0
p15,classic,naive,docx,two_column,skills,6,0,0
p15,classic,naive,docx,two_column,experience,2,0,0
p15,classic,layout_aware,docx,two_column,name,1,0,0
p15,classic,layout_aware,docx,two_column,email,1,0,0
p15,classic,layout_aware,docx,two_column,phone,1,0,0
p15,classic,layout_aware,docx,two_column,degree_level,1,0,0
p15,classic,layout_aware,docx,two_column,field_of_study,1,0,0
p15,classic,layout_aware,docx,two_column,school,1,0,0
p15,classic,layout_aware,docx,two_column,grad_date,1,0,0
p15,classic,layout_aware,docx,two_column,gpa,1,0,0
p15,classic,layout_aware,docx,two_column,skills,6,0,0
p15,classic,layout_aware,docx,two_column,experience,2,0,0
p15,classic,naive,docx,table,name,1,0,0
p15,classic,naive,docx,table,email,1,0,0
p15,classic,naive,docx,table,phone,1,0,0
p15,classic,naive,docx,table,degree_level,1,0,0
p15,classic,naive,docx,table,field_of_study,1,0,0
p15,classic,naive,docx,table,school,1,0,0
p15,classic,naive,docx,table,grad_date,1,0,0
p15,classic,naive,docx,table,gpa,1,0,0
p15,classic,naive,docx,table,skills,6,0,0
p15,classic,naive,docx,table,experience,2,0,0
p15,classic,layout_aware,docx,table,name,1,0,0
p15,classic,layout_aware,docx,table,email,1,0,0
p15,classic,layout_aware,docx,table,phone,1,0,0
p15,classic,layout_aware,docx,table,degree_level,1,0,0
p15,classic,layout_aware,docx,table,field_of_study,1,0,0
p15,classic,layout_aware,docx,table,school,1,0,0
p15,classic,layout_aware,docx,table,grad_date,1,0,0
p15,classic,layout_aware,docx,table,gpa,1,0,0
p15,classic,layout_aware,docx,table,skills,6,0,0
p15,classic,layout_aware,docx,table,experience,2,0,0
p15,classic,naive,docx,textbox,name,1,0,0
p15,classic,naive,docx,textbox,email,0,0,1
p15,classic,naive,docx,textbox,phone,0,0,1
p15,classic,naive,docx,textbox,degree_level,1,0,0
p15,classic,naive,docx,textbox,field_of_study,1,0,0
p15,classic,naive,docx,textbox,school,1,0,0
p15,classic,naive,docx,textbox,grad_date,1,0,0
p15,classic,naive,docx,textbox,gpa,1,0,0
p15,classic,naive,docx,textbox,skills,0,0,6
p15,classic,naive,docx,textbox,experience,2,0,0
p15,classic,layout_aware,docx,textbox,name,1,0,0
p15,classic,layout_aware,docx,textbox,email,1,0,0
p15,classic,layout_aware,docx,textbox,phone,1,0,0
p15,classic,layout_aware,docx,textbox,degree_level,1,0,0
p15,classic,layout_aware,docx,textbox,field_of_study,1,0,0
p15,classic,layout_aware,docx,textbox,school,1,0,0
p15,classic,layout_aware,docx,textbox,grad_date,1,0,0
p15,classic,layout_aware,docx,textbox,gpa,1,0,0
p15,classic,layout_aware,docx,textbox,skills,6,0,0
p15,classic,layout_aware,docx,textbox,experience,2,0,0
p15,modern,naive,pdf,single,name,1,0,0
p15,modern,naive,pdf,single,email,1,0,0
p15,modern,naive,pdf,single,phone,1,0,0
p15,modern,naive,pdf,single,degree_level,1,0,0
p15,modern,naive,pdf,single,field_of_study,0,0,1
p15,modern,naive,pdf,single,school,1,0,0
p15,modern,naive,pdf,single,grad_date,1,0,0
p15,modern,naive,pdf,single,gpa,1,0,0
p15,modern,naive,pdf,single,skills,0,0,6
p15,modern,naive,pdf,single,experience,0,2,2
p15,modern,layout_aware,pdf,single,name,1,0,0
p15,modern,layout_aware,pdf,single,email,1,0,0
p15,modern,layout_aware,pdf,single,phone,1,0,0
p15,modern,layout_aware,pdf,single,degree_level,1,0,0
p15,modern,layout_aware,pdf,single,field_of_study,0,0,1
p15,modern,layout_aware,pdf,single,school,1,0,0
p15,modern,layout_aware,pdf,single,grad_date,1,0,0
p15,modern,layout_aware,pdf,single,gpa,1,0,0
p15,modern,layout_aware,pdf,single,skills,0,0,6
p15,modern,layout_aware,pdf,single,experience,0,2,2
p15,modern,naive,pdf,two_column,name,1,0,0
p15,modern,naive,pdf,two_column,email,1,0,0
p15,modern,naive,pdf,two_column,phone,1,0,0
p15,modern,naive,pdf,two_column,degree_level,1,0,0
p15,modern,naive,pdf,two_column,field_of_study,0,0,1
p15,modern,naive,pdf,two_column,school,0,1,1
p15,modern,naive,pdf,two_column,grad_date,1,0,0
p15,modern,naive,pdf,two_column,gpa,1,0,0
p15,modern,naive,pdf,two_column,skills,0,0,6
p15,modern,naive,pdf,two_column,experience,0,0,2
p15,modern,layout_aware,pdf,two_column,name,1,0,0
p15,modern,layout_aware,pdf,two_column,email,1,0,0
p15,modern,layout_aware,pdf,two_column,phone,1,0,0
p15,modern,layout_aware,pdf,two_column,degree_level,1,0,0
p15,modern,layout_aware,pdf,two_column,field_of_study,0,0,1
p15,modern,layout_aware,pdf,two_column,school,0,1,1
p15,modern,layout_aware,pdf,two_column,grad_date,1,0,0
p15,modern,layout_aware,pdf,two_column,gpa,1,0,0
p15,modern,layout_aware,pdf,two_column,skills,0,0,6
p15,modern,layout_aware,pdf,two_column,experience,0,2,2
p15,modern,naive,pdf,table,name,1,0,0
p15,modern,naive,pdf,table,email,1,0,0
p15,modern,naive,pdf,table,phone,1,0,0
p15,modern,naive,pdf,table,degree_level,0,0,1
p15,modern,naive,pdf,table,field_of_study,0,0,1
p15,modern,naive,pdf,table,school,0,0,1
p15,modern,naive,pdf,table,grad_date,0,0,1
p15,modern,naive,pdf,table,gpa,1,0,0
p15,modern,naive,pdf,table,skills,0,0,6
p15,modern,naive,pdf,table,experience,0,0,2
p15,modern,layout_aware,pdf,table,name,1,0,0
p15,modern,layout_aware,pdf,table,email,1,0,0
p15,modern,layout_aware,pdf,table,phone,1,0,0
p15,modern,layout_aware,pdf,table,degree_level,1,0,0
p15,modern,layout_aware,pdf,table,field_of_study,0,0,1
p15,modern,layout_aware,pdf,table,school,1,0,0
p15,modern,layout_aware,pdf,table,grad_date,1,0,0
p15,modern,layout_aware,pdf,table,gpa,1,0,0
p15,modern,layout_aware,pdf,table,skills,0,0,6
p15,modern,layout_aware,pdf,table,experience,0,2,2
p15,modern,naive,pdf,textbox,name,0,0,1
p15,modern,naive,pdf,textbox,email,1,0,0
p15,modern,naive,pdf,textbox,phone,1,0,0
p15,modern,naive,pdf,textbox,degree_level,0,0,1
p15,modern,naive,pdf,textbox,field_of_study,0,0,1
p15,modern,naive,pdf,textbox,school,0,0,1
p15,modern,naive,pdf,textbox,grad_date,0,0,1
p15,modern,naive,pdf,textbox,gpa,1,0,0
p15,modern,naive,pdf,textbox,skills,0,0,6
p15,modern,naive,pdf,textbox,experience,0,2,2
p15,modern,layout_aware,pdf,textbox,name,1,0,0
p15,modern,layout_aware,pdf,textbox,email,1,0,0
p15,modern,layout_aware,pdf,textbox,phone,1,0,0
p15,modern,layout_aware,pdf,textbox,degree_level,1,0,0
p15,modern,layout_aware,pdf,textbox,field_of_study,0,0,1
p15,modern,layout_aware,pdf,textbox,school,1,0,0
p15,modern,layout_aware,pdf,textbox,grad_date,1,0,0
p15,modern,layout_aware,pdf,textbox,gpa,1,0,0
p15,modern,layout_aware,pdf,textbox,skills,0,0,6
p15,modern,layout_aware,pdf,textbox,experience,0,2,2
p15,modern,naive,docx,single,name,1,0,0
p15,modern,naive,docx,single,email,1,0,0
p15,modern,naive,docx,single,phone,1,0,0
p15,modern,naive,docx,single,degree_level,1,0,0
p15,modern,naive,docx,single,field_of_study,0,0,1
p15,modern,naive,docx,single,school,1,0,0
p15,modern,naive,docx,single,grad_date,1,0,0
p15,modern,naive,docx,single,gpa,1,0,0
p15,modern,naive,docx,single,skills,0,0,6
p15,modern,naive,docx,single,experience,0,2,2
p15,modern,layout_aware,docx,single,name,1,0,0
p15,modern,layout_aware,docx,single,email,1,0,0
p15,modern,layout_aware,docx,single,phone,1,0,0
p15,modern,layout_aware,docx,single,degree_level,1,0,0
p15,modern,layout_aware,docx,single,field_of_study,0,0,1
p15,modern,layout_aware,docx,single,school,1,0,0
p15,modern,layout_aware,docx,single,grad_date,1,0,0
p15,modern,layout_aware,docx,single,gpa,1,0,0
p15,modern,layout_aware,docx,single,skills,0,0,6
p15,modern,layout_aware,docx,single,experience,0,2,2
p15,modern,naive,docx,two_column,name,1,0,0
p15,modern,naive,docx,two_column,email,1,0,0
p15,modern,naive,docx,two_column,phone,1,0,0
p15,modern,naive,docx,two_column,degree_level,1,0,0
p15,modern,naive,docx,two_column,field_of_study,0,0,1
p15,modern,naive,docx,two_column,school,1,0,0
p15,modern,naive,docx,two_column,grad_date,1,0,0
p15,modern,naive,docx,two_column,gpa,1,0,0
p15,modern,naive,docx,two_column,skills,0,0,6
p15,modern,naive,docx,two_column,experience,0,2,2
p15,modern,layout_aware,docx,two_column,name,1,0,0
p15,modern,layout_aware,docx,two_column,email,1,0,0
p15,modern,layout_aware,docx,two_column,phone,1,0,0
p15,modern,layout_aware,docx,two_column,degree_level,1,0,0
p15,modern,layout_aware,docx,two_column,field_of_study,0,0,1
p15,modern,layout_aware,docx,two_column,school,1,0,0
p15,modern,layout_aware,docx,two_column,grad_date,1,0,0
p15,modern,layout_aware,docx,two_column,gpa,1,0,0
p15,modern,layout_aware,docx,two_column,skills,0,0,6
p15,modern,layout_aware,docx,two_column,experience,0,2,2
p15,modern,naive,docx,table,name,1,0,0
p15,modern,naive,docx,table,email,1,0,0
p15,modern,naive,docx,table,phone,1,0,0
p15,modern,naive,docx,table,degree_level,1,0,0
p15,modern,naive,docx,table,field_of_study,0,0,1
p15,modern,naive,docx,table,school,1,0,0
p15,modern,naive,docx,table,grad_date,1,0,0
p15,modern,naive,docx,table,gpa,1,0,0
p15,modern,naive,docx,table,skills,0,0,6
p15,modern,naive,docx,table,experience,0,2,2
p15,modern,layout_aware,docx,table,name,1,0,0
p15,modern,layout_aware,docx,table,email,1,0,0
p15,modern,layout_aware,docx,table,phone,1,0,0
p15,modern,layout_aware,docx,table,degree_level,1,0,0
p15,modern,layout_aware,docx,table,field_of_study,0,0,1
p15,modern,layout_aware,docx,table,school,1,0,0
p15,modern,layout_aware,docx,table,grad_date,1,0,0
p15,modern,layout_aware,docx,table,gpa,1,0,0
p15,modern,layout_aware,docx,table,skills,0,0,6
p15,modern,layout_aware,docx,table,experience,0,2,2
p15,modern,naive,docx,textbox,name,1,0,0
p15,modern,naive,docx,textbox,email,0,0,1
p15,modern,naive,docx,textbox,phone,0,0,1
p15,modern,naive,docx,textbox,degree_level,1,0,0
p15,modern,naive,docx,textbox,field_of_study,0,0,1
p15,modern,naive,docx,textbox,school,1,0,0
p15,modern,naive,docx,textbox,grad_date,1,0,0
p15,modern,naive,docx,textbox,gpa,1,0,0
p15,modern,naive,docx,textbox,skills,0,0,6
p15,modern,naive,docx,textbox,experience,0,2,2
p15,modern,layout_aware,docx,textbox,name,1,0,0
p15,modern,layout_aware,docx,textbox,email,1,0,0
p15,modern,layout_aware,docx,textbox,phone,1,0,0
p15,modern,layout_aware,docx,textbox,degree_level,1,0,0
p15,modern,layout_aware,docx,textbox,field_of_study,0,0,1
p15,modern,layout_aware,docx,textbox,school,1,0,0
p15,modern,layout_aware,docx,textbox,grad_date,1,0,0
p15,modern,layout_aware,docx,textbox,gpa,1,0,0
p15,modern,layout_aware,docx,textbox,skills,0,0,6
p15,modern,layout_aware,docx,textbox,experience,0,2,2
p16,classic,naive,pdf,single,name,1,0,0
p16,classic,naive,pdf,single,email,1,0,0
p16,classic,naive,pdf,single,phone,1,0,0
p16,classic,naive,pdf,single,degree_level,1,0,0
p16,classic,naive,pdf,single,field_of_study,1,0,0
p16,classic,naive,pdf,single,school,1,0,0
p16,classic,naive,pdf,single,grad_date,1,0,0
p16,classic,naive,pdf,single,gpa,1,0,0
p16,classic,naive,pdf,single,skills,7,0,0
p16,classic,naive,pdf,single,experience,2,0,0
p16,classic,layout_aware,pdf,single,name,1,0,0
p16,classic,layout_aware,pdf,single,email,1,0,0
p16,classic,layout_aware,pdf,single,phone,1,0,0
p16,classic,layout_aware,pdf,single,degree_level,1,0,0
p16,classic,layout_aware,pdf,single,field_of_study,1,0,0
p16,classic,layout_aware,pdf,single,school,1,0,0
p16,classic,layout_aware,pdf,single,grad_date,1,0,0
p16,classic,layout_aware,pdf,single,gpa,1,0,0
p16,classic,layout_aware,pdf,single,skills,7,0,0
p16,classic,layout_aware,pdf,single,experience,2,0,0
p16,classic,naive,pdf,two_column,name,1,0,0
p16,classic,naive,pdf,two_column,email,1,0,0
p16,classic,naive,pdf,two_column,phone,1,0,0
p16,classic,naive,pdf,two_column,degree_level,1,0,0
p16,classic,naive,pdf,two_column,field_of_study,1,0,0
p16,classic,naive,pdf,two_column,school,1,0,0
p16,classic,naive,pdf,two_column,grad_date,1,0,0
p16,classic,naive,pdf,two_column,gpa,1,0,0
p16,classic,naive,pdf,two_column,skills,0,0,7
p16,classic,naive,pdf,two_column,experience,0,0,2
p16,classic,layout_aware,pdf,two_column,name,1,0,0
p16,classic,layout_aware,pdf,two_column,email,1,0,0
p16,classic,layout_aware,pdf,two_column,phone,1,0,0
p16,classic,layout_aware,pdf,two_column,degree_level,1,0,0
p16,classic,layout_aware,pdf,two_column,field_of_study,1,0,0
p16,classic,layout_aware,pdf,two_column,school,1,0,0
p16,classic,layout_aware,pdf,two_column,grad_date,1,0,0
p16,classic,layout_aware,pdf,two_column,gpa,1,0,0
p16,classic,layout_aware,pdf,two_column,skills,7,0,0
p16,classic,layout_aware,pdf,two_column,experience,0,0,2
p16,classic,naive,pdf,table,name,1,0,0
p16,classic,naive,pdf,table,email,1,0,0
p16,classic,naive,pdf,table,phone,1,0,0
p16,classic,naive,pdf,table,degree_level,0,0,1
p16,classic,naive,pdf,table,field_of_study,0,0,1
p16,classic,naive,pdf,table,school,0,0,1
p16,classic,naive,pdf,table,grad_date,0,0,1
p16,classic,naive,pdf,table,gpa,1,0,0
p16,classic,naive,pdf,table,skills,0,0,7
p16,classic,naive,pdf,table,experience,0,0,2
p16,classic,layout_aware,pdf,table,name,1,0,0
p16,classic,layout_aware,pdf,table,email,1,0,0
p16,classic,layout_aware,pdf,table,phone,1,0,0
p16,classic,layout_aware,pdf,table,degree_level,1,0,0
p16,classic,layout_aware,pdf,table,field_of_study,1,0,0
p16,classic,layout_aware,pdf,table,school,1,0,0
p16,classic,layout_aware,pdf,table,grad_date,1,0,0
p16,classic,layout_aware,pdf,table,gpa,1,0,0
p16,classic,layout_aware,pdf,table,skills,7,0,0
p16,classic,layout_aware,pdf,table,experience,2,0,0
p16,classic,naive,pdf,textbox,name,0,0,1
p16,classic,naive,pdf,textbox,email,1,0,0
p16,classic,naive,pdf,textbox,phone,1,0,0
p16,classic,naive,pdf,textbox,degree_level,1,0,0
p16,classic,naive,pdf,textbox,field_of_study,1,0,0
p16,classic,naive,pdf,textbox,school,1,0,0
p16,classic,naive,pdf,textbox,grad_date,1,0,0
p16,classic,naive,pdf,textbox,gpa,1,0,0
p16,classic,naive,pdf,textbox,skills,0,0,7
p16,classic,naive,pdf,textbox,experience,0,0,2
p16,classic,layout_aware,pdf,textbox,name,1,0,0
p16,classic,layout_aware,pdf,textbox,email,1,0,0
p16,classic,layout_aware,pdf,textbox,phone,1,0,0
p16,classic,layout_aware,pdf,textbox,degree_level,1,0,0
p16,classic,layout_aware,pdf,textbox,field_of_study,1,0,0
p16,classic,layout_aware,pdf,textbox,school,1,0,0
p16,classic,layout_aware,pdf,textbox,grad_date,1,0,0
p16,classic,layout_aware,pdf,textbox,gpa,1,0,0
p16,classic,layout_aware,pdf,textbox,skills,7,0,0
p16,classic,layout_aware,pdf,textbox,experience,0,0,2
p16,classic,naive,docx,single,name,1,0,0
p16,classic,naive,docx,single,email,1,0,0
p16,classic,naive,docx,single,phone,1,0,0
p16,classic,naive,docx,single,degree_level,1,0,0
p16,classic,naive,docx,single,field_of_study,1,0,0
p16,classic,naive,docx,single,school,1,0,0
p16,classic,naive,docx,single,grad_date,1,0,0
p16,classic,naive,docx,single,gpa,1,0,0
p16,classic,naive,docx,single,skills,7,0,0
p16,classic,naive,docx,single,experience,2,0,0
p16,classic,layout_aware,docx,single,name,1,0,0
p16,classic,layout_aware,docx,single,email,1,0,0
p16,classic,layout_aware,docx,single,phone,1,0,0
p16,classic,layout_aware,docx,single,degree_level,1,0,0
p16,classic,layout_aware,docx,single,field_of_study,1,0,0
p16,classic,layout_aware,docx,single,school,1,0,0
p16,classic,layout_aware,docx,single,grad_date,1,0,0
p16,classic,layout_aware,docx,single,gpa,1,0,0
p16,classic,layout_aware,docx,single,skills,7,0,0
p16,classic,layout_aware,docx,single,experience,2,0,0
p16,classic,naive,docx,two_column,name,1,0,0
p16,classic,naive,docx,two_column,email,1,0,0
p16,classic,naive,docx,two_column,phone,1,0,0
p16,classic,naive,docx,two_column,degree_level,1,0,0
p16,classic,naive,docx,two_column,field_of_study,1,0,0
p16,classic,naive,docx,two_column,school,1,0,0
p16,classic,naive,docx,two_column,grad_date,1,0,0
p16,classic,naive,docx,two_column,gpa,1,0,0
p16,classic,naive,docx,two_column,skills,7,0,0
p16,classic,naive,docx,two_column,experience,2,0,0
p16,classic,layout_aware,docx,two_column,name,1,0,0
p16,classic,layout_aware,docx,two_column,email,1,0,0
p16,classic,layout_aware,docx,two_column,phone,1,0,0
p16,classic,layout_aware,docx,two_column,degree_level,1,0,0
p16,classic,layout_aware,docx,two_column,field_of_study,1,0,0
p16,classic,layout_aware,docx,two_column,school,1,0,0
p16,classic,layout_aware,docx,two_column,grad_date,1,0,0
p16,classic,layout_aware,docx,two_column,gpa,1,0,0
p16,classic,layout_aware,docx,two_column,skills,7,0,0
p16,classic,layout_aware,docx,two_column,experience,2,0,0
p16,classic,naive,docx,table,name,1,0,0
p16,classic,naive,docx,table,email,1,0,0
p16,classic,naive,docx,table,phone,1,0,0
p16,classic,naive,docx,table,degree_level,1,0,0
p16,classic,naive,docx,table,field_of_study,1,0,0
p16,classic,naive,docx,table,school,1,0,0
p16,classic,naive,docx,table,grad_date,1,0,0
p16,classic,naive,docx,table,gpa,1,0,0
p16,classic,naive,docx,table,skills,7,0,0
p16,classic,naive,docx,table,experience,2,0,0
p16,classic,layout_aware,docx,table,name,1,0,0
p16,classic,layout_aware,docx,table,email,1,0,0
p16,classic,layout_aware,docx,table,phone,1,0,0
p16,classic,layout_aware,docx,table,degree_level,1,0,0
p16,classic,layout_aware,docx,table,field_of_study,1,0,0
p16,classic,layout_aware,docx,table,school,1,0,0
p16,classic,layout_aware,docx,table,grad_date,1,0,0
p16,classic,layout_aware,docx,table,gpa,1,0,0
p16,classic,layout_aware,docx,table,skills,7,0,0
p16,classic,layout_aware,docx,table,experience,2,0,0
p16,classic,naive,docx,textbox,name,1,0,0
p16,classic,naive,docx,textbox,email,0,0,1
p16,classic,naive,docx,textbox,phone,0,0,1
p16,classic,naive,docx,textbox,degree_level,1,0,0
p16,classic,naive,docx,textbox,field_of_study,1,0,0
p16,classic,naive,docx,textbox,school,1,0,0
p16,classic,naive,docx,textbox,grad_date,1,0,0
p16,classic,naive,docx,textbox,gpa,1,0,0
p16,classic,naive,docx,textbox,skills,0,0,7
p16,classic,naive,docx,textbox,experience,2,0,0
p16,classic,layout_aware,docx,textbox,name,1,0,0
p16,classic,layout_aware,docx,textbox,email,1,0,0
p16,classic,layout_aware,docx,textbox,phone,1,0,0
p16,classic,layout_aware,docx,textbox,degree_level,1,0,0
p16,classic,layout_aware,docx,textbox,field_of_study,1,0,0
p16,classic,layout_aware,docx,textbox,school,1,0,0
p16,classic,layout_aware,docx,textbox,grad_date,1,0,0
p16,classic,layout_aware,docx,textbox,gpa,1,0,0
p16,classic,layout_aware,docx,textbox,skills,7,0,0
p16,classic,layout_aware,docx,textbox,experience,2,0,0
p16,modern,naive,pdf,single,name,1,0,0
p16,modern,naive,pdf,single,email,1,0,0
p16,modern,naive,pdf,single,phone,1,0,0
p16,modern,naive,pdf,single,degree_level,1,0,0
p16,modern,naive,pdf,single,field_of_study,0,0,1
p16,modern,naive,pdf,single,school,1,0,0
p16,modern,naive,pdf,single,grad_date,1,0,0
p16,modern,naive,pdf,single,gpa,1,0,0
p16,modern,naive,pdf,single,skills,0,0,7
p16,modern,naive,pdf,single,experience,0,2,2
p16,modern,layout_aware,pdf,single,name,1,0,0
p16,modern,layout_aware,pdf,single,email,1,0,0
p16,modern,layout_aware,pdf,single,phone,1,0,0
p16,modern,layout_aware,pdf,single,degree_level,1,0,0
p16,modern,layout_aware,pdf,single,field_of_study,0,0,1
p16,modern,layout_aware,pdf,single,school,1,0,0
p16,modern,layout_aware,pdf,single,grad_date,1,0,0
p16,modern,layout_aware,pdf,single,gpa,1,0,0
p16,modern,layout_aware,pdf,single,skills,0,0,7
p16,modern,layout_aware,pdf,single,experience,0,2,2
p16,modern,naive,pdf,two_column,name,1,0,0
p16,modern,naive,pdf,two_column,email,1,0,0
p16,modern,naive,pdf,two_column,phone,1,0,0
p16,modern,naive,pdf,two_column,degree_level,1,0,0
p16,modern,naive,pdf,two_column,field_of_study,0,0,1
p16,modern,naive,pdf,two_column,school,1,0,0
p16,modern,naive,pdf,two_column,grad_date,1,0,0
p16,modern,naive,pdf,two_column,gpa,1,0,0
p16,modern,naive,pdf,two_column,skills,0,0,7
p16,modern,naive,pdf,two_column,experience,0,0,2
p16,modern,layout_aware,pdf,two_column,name,1,0,0
p16,modern,layout_aware,pdf,two_column,email,1,0,0
p16,modern,layout_aware,pdf,two_column,phone,1,0,0
p16,modern,layout_aware,pdf,two_column,degree_level,1,0,0
p16,modern,layout_aware,pdf,two_column,field_of_study,0,0,1
p16,modern,layout_aware,pdf,two_column,school,1,0,0
p16,modern,layout_aware,pdf,two_column,grad_date,1,0,0
p16,modern,layout_aware,pdf,two_column,gpa,1,0,0
p16,modern,layout_aware,pdf,two_column,skills,0,0,7
p16,modern,layout_aware,pdf,two_column,experience,0,2,2
p16,modern,naive,pdf,table,name,1,0,0
p16,modern,naive,pdf,table,email,1,0,0
p16,modern,naive,pdf,table,phone,1,0,0
p16,modern,naive,pdf,table,degree_level,0,0,1
p16,modern,naive,pdf,table,field_of_study,0,0,1
p16,modern,naive,pdf,table,school,0,0,1
p16,modern,naive,pdf,table,grad_date,0,0,1
p16,modern,naive,pdf,table,gpa,1,0,0
p16,modern,naive,pdf,table,skills,0,0,7
p16,modern,naive,pdf,table,experience,0,0,2
p16,modern,layout_aware,pdf,table,name,1,0,0
p16,modern,layout_aware,pdf,table,email,1,0,0
p16,modern,layout_aware,pdf,table,phone,1,0,0
p16,modern,layout_aware,pdf,table,degree_level,1,0,0
p16,modern,layout_aware,pdf,table,field_of_study,0,0,1
p16,modern,layout_aware,pdf,table,school,1,0,0
p16,modern,layout_aware,pdf,table,grad_date,1,0,0
p16,modern,layout_aware,pdf,table,gpa,1,0,0
p16,modern,layout_aware,pdf,table,skills,0,0,7
p16,modern,layout_aware,pdf,table,experience,0,2,2
p16,modern,naive,pdf,textbox,name,0,0,1
p16,modern,naive,pdf,textbox,email,1,0,0
p16,modern,naive,pdf,textbox,phone,1,0,0
p16,modern,naive,pdf,textbox,degree_level,0,0,1
p16,modern,naive,pdf,textbox,field_of_study,0,0,1
p16,modern,naive,pdf,textbox,school,0,0,1
p16,modern,naive,pdf,textbox,grad_date,0,0,1
p16,modern,naive,pdf,textbox,gpa,1,0,0
p16,modern,naive,pdf,textbox,skills,0,0,7
p16,modern,naive,pdf,textbox,experience,0,2,2
p16,modern,layout_aware,pdf,textbox,name,1,0,0
p16,modern,layout_aware,pdf,textbox,email,1,0,0
p16,modern,layout_aware,pdf,textbox,phone,1,0,0
p16,modern,layout_aware,pdf,textbox,degree_level,1,0,0
p16,modern,layout_aware,pdf,textbox,field_of_study,0,0,1
p16,modern,layout_aware,pdf,textbox,school,1,0,0
p16,modern,layout_aware,pdf,textbox,grad_date,1,0,0
p16,modern,layout_aware,pdf,textbox,gpa,1,0,0
p16,modern,layout_aware,pdf,textbox,skills,0,0,7
p16,modern,layout_aware,pdf,textbox,experience,0,2,2
p16,modern,naive,docx,single,name,1,0,0
p16,modern,naive,docx,single,email,1,0,0
p16,modern,naive,docx,single,phone,1,0,0
p16,modern,naive,docx,single,degree_level,1,0,0
p16,modern,naive,docx,single,field_of_study,0,0,1
p16,modern,naive,docx,single,school,1,0,0
p16,modern,naive,docx,single,grad_date,1,0,0
p16,modern,naive,docx,single,gpa,1,0,0
p16,modern,naive,docx,single,skills,0,0,7
p16,modern,naive,docx,single,experience,0,2,2
p16,modern,layout_aware,docx,single,name,1,0,0
p16,modern,layout_aware,docx,single,email,1,0,0
p16,modern,layout_aware,docx,single,phone,1,0,0
p16,modern,layout_aware,docx,single,degree_level,1,0,0
p16,modern,layout_aware,docx,single,field_of_study,0,0,1
p16,modern,layout_aware,docx,single,school,1,0,0
p16,modern,layout_aware,docx,single,grad_date,1,0,0
p16,modern,layout_aware,docx,single,gpa,1,0,0
p16,modern,layout_aware,docx,single,skills,0,0,7
p16,modern,layout_aware,docx,single,experience,0,2,2
p16,modern,naive,docx,two_column,name,1,0,0
p16,modern,naive,docx,two_column,email,1,0,0
p16,modern,naive,docx,two_column,phone,1,0,0
p16,modern,naive,docx,two_column,degree_level,1,0,0
p16,modern,naive,docx,two_column,field_of_study,0,0,1
p16,modern,naive,docx,two_column,school,1,0,0
p16,modern,naive,docx,two_column,grad_date,1,0,0
p16,modern,naive,docx,two_column,gpa,1,0,0
p16,modern,naive,docx,two_column,skills,0,0,7
p16,modern,naive,docx,two_column,experience,0,2,2
p16,modern,layout_aware,docx,two_column,name,1,0,0
p16,modern,layout_aware,docx,two_column,email,1,0,0
p16,modern,layout_aware,docx,two_column,phone,1,0,0
p16,modern,layout_aware,docx,two_column,degree_level,1,0,0
p16,modern,layout_aware,docx,two_column,field_of_study,0,0,1
p16,modern,layout_aware,docx,two_column,school,1,0,0
p16,modern,layout_aware,docx,two_column,grad_date,1,0,0
p16,modern,layout_aware,docx,two_column,gpa,1,0,0
p16,modern,layout_aware,docx,two_column,skills,0,0,7
p16,modern,layout_aware,docx,two_column,experience,0,2,2
p16,modern,naive,docx,table,name,1,0,0
p16,modern,naive,docx,table,email,1,0,0
p16,modern,naive,docx,table,phone,1,0,0
p16,modern,naive,docx,table,degree_level,1,0,0
p16,modern,naive,docx,table,field_of_study,0,0,1
p16,modern,naive,docx,table,school,1,0,0
p16,modern,naive,docx,table,grad_date,1,0,0
p16,modern,naive,docx,table,gpa,1,0,0
p16,modern,naive,docx,table,skills,0,0,7
p16,modern,naive,docx,table,experience,0,2,2
p16,modern,layout_aware,docx,table,name,1,0,0
p16,modern,layout_aware,docx,table,email,1,0,0
p16,modern,layout_aware,docx,table,phone,1,0,0
p16,modern,layout_aware,docx,table,degree_level,1,0,0
p16,modern,layout_aware,docx,table,field_of_study,0,0,1
p16,modern,layout_aware,docx,table,school,1,0,0
p16,modern,layout_aware,docx,table,grad_date,1,0,0
p16,modern,layout_aware,docx,table,gpa,1,0,0
p16,modern,layout_aware,docx,table,skills,0,0,7
p16,modern,layout_aware,docx,table,experience,0,2,2
p16,modern,naive,docx,textbox,name,1,0,0
p16,modern,naive,docx,textbox,email,0,0,1
p16,modern,naive,docx,textbox,phone,0,0,1
p16,modern,naive,docx,textbox,degree_level,1,0,0
p16,modern,naive,docx,textbox,field_of_study,0,0,1
p16,modern,naive,docx,textbox,school,1,0,0
p16,modern,naive,docx,textbox,grad_date,1,0,0
p16,modern,naive,docx,textbox,gpa,1,0,0
p16,modern,naive,docx,textbox,skills,0,0,7
p16,modern,naive,docx,textbox,experience,0,2,2
p16,modern,layout_aware,docx,textbox,name,1,0,0
p16,modern,layout_aware,docx,textbox,email,1,0,0
p16,modern,layout_aware,docx,textbox,phone,1,0,0
p16,modern,layout_aware,docx,textbox,degree_level,1,0,0
p16,modern,layout_aware,docx,textbox,field_of_study,0,0,1
p16,modern,layout_aware,docx,textbox,school,1,0,0
p16,modern,layout_aware,docx,textbox,grad_date,1,0,0
p16,modern,layout_aware,docx,textbox,gpa,1,0,0
p16,modern,layout_aware,docx,textbox,skills,0,0,7
p16,modern,layout_aware,docx,textbox,experience,0,2,2
