job,persona,attack,defense,scorer,base_score,stuffed_score,delta,base_rank,stuffed_rank,rank_gain,entered_top_k,was_outside_top_k,reached_rank_1,beats_best_genuine,score_vs_best_genuine
mechanical_design,p01,visible_repeat,none,keyword,0.07142857142857142,0.9285714285714286,0.8571428571428572,22,1,21,True,True,True,True,1.1304347826086958
mechanical_design,p01,visible_repeat,none,tfidf,0.01301820194198705,0.25253465825713817,0.23951645631515112,83,1,82,True,True,True,True,1.1425320298232393
mechanical_design,p01,visible_repeat,none,embedding,0.3269200623035431,0.5195947885513306,0.19267472624778748,178,40,138,False,True,False,False,0.6648321795909004
mechanical_design,p01,hidden_keywords,none,keyword,0.07142857142857142,0.9285714285714286,0.8571428571428572,22,1,21,True,True,True,True,1.1304347826086958
mechanical_design,p01,hidden_keywords,none,tfidf,0.01301820194198705,0.25253465825713817,0.23951645631515112,83,1,82,True,True,True,True,1.1425320298232393
mechanical_design,p01,hidden_keywords,none,embedding,0.3269200623035431,0.5089858770370483,0.18206581473350525,178,45,133,False,True,False,False,0.6512578599084572
mechanical_design,p01,hidden_keywords,drop_invisible,keyword,0.07142857142857142,0.07142857142857142,0.0,22,22,0,False,True,False,False,0.08695652173913043
mechanical_design,p01,hidden_keywords,drop_invisible,tfidf,0.01301820194198705,0.01301820194198705,0.0,83,83,0,False,True,False,False,0.05889770850495479
mechanical_design,p01,hidden_keywords,drop_invisible,embedding,0.3269200623035431,0.3269200623035431,0.0,178,178,0,False,True,False,False,0.4183009190281474
mechanical_design,p01,hidden_jd,none,keyword,0.07142857142857142,1.0,0.9285714285714286,22,1,21,True,True,True,True,1.2173913043478262
mechanical_design,p01,hidden_jd,none,tfidf,0.01301820194198705,0.550567830420119,0.537549628478132,83,1,82,True,True,True,True,2.490911089933514
mechanical_design,p01,hidden_jd,none,embedding,0.3269200623035431,0.6496810913085938,0.32276102900505066,178,15,163,False,True,False,False,0.8312802697231384
mechanical_design,p01,hidden_jd,drop_invisible,keyword,0.07142857142857142,0.07142857142857142,0.0,22,22,0,False,True,False,False,0.08695652173913043
mechanical_design,p01,hidden_jd,drop_invisible,tfidf,0.01301820194198705,0.01301820194198705,0.0,83,83,0,False,True,False,False,0.05889770850495479
mechanical_design,p01,hidden_jd,drop_invisible,embedding,0.3269200623035431,0.3269200623035431,0.0,178,178,0,False,True,False,False,0.4183009190281474
mechanical_design,p02,visible_repeat,none,keyword,0.07142857142857142,0.9285714285714286,0.8571428571428572,22,1,21,True,True,True,True,1.1304347826086958
mechanical_design,p02,visible_repeat,none,tfidf,0.010611429542682304,0.27702051498701835,0.26640908544433606,101,1,100,True,True,True,True,1.253312370963841
mechanical_design,p02,visible_repeat,none,embedding,0.3763442933559418,0.5650875568389893,0.18874326348304749,148,33,115,False,True,False,False,0.7230411088617913
mechanical_design,p02,hidden_keywords,none,keyword,0.07142857142857142,0.9285714285714286,0.8571428571428572,22,1,21,True,True,True,True,1.1304347826086958
mechanical_design,p02,hidden_keywords,none,tfidf,0.010611429542682304,0.27702051498701835,0.26640908544433606,101,1,100,True,True,True,True,1.253312370963841
mechanical_design,p02,hidden_keywords,none,embedding,0.3763442933559418,0.5550388097763062,0.17869451642036438,148,35,113,False,True,False,False,0.7101835310741702
mechanical_design,p02,hidden_keywords,drop_invisible,keyword,0.07142857142857142,0.07142857142857142,0.0,22,22,0,False,True,False,False,0.08695652173913043
mechanical_design,p02,hidden_keywords,drop_invisible,tfidf,0.010611429542682304,0.010611429542682304,0.0,101,101,0,False,True,False,False,0.04800884844242723
mechanical_design,p02,hidden_keywords,drop_invisible,embedding,0.3763442933559418,0.3763442933559418,0.0,148,148,0,False,True,False,False,0.48154023547083796
mechanical_design,p02,hidden_jd,none,keyword,0.07142857142857142,1.0,0.9285714285714286,22,1,21,True,True,True,True,1.2173913043478262
mechanical_design,p02,hidden_jd,none,tfidf,0.010611429542682304,0.6159396670234567,0.6053282374807744,101,1,100,True,True,True,True,2.786670165868484
mechanical_design,p02,hidden_jd,none,embedding,0.3763442933559418,0.6953975558280945,0.3190532624721527,148,3,145,True,True,False,False,0.8897754229066988
mechanical_design,p02,hidden_jd,drop_invisible,keyword,0.07142857142857142,0.07142857142857142,0.0,22,22,0,False,True,False,False,0.08695652173913043
mechanical_design,p02,hidden_jd,drop_invisible,tfidf,0.010611429542682304,0.010611429542682304,0.0,101,101,0,False,True,False,False,0.04800884844242723
mechanical_design,p02,hidden_jd,drop_invisible,embedding,0.3763442933559418,0.3763442933559418,0.0,148,148,0,False,True,False,False,0.48154023547083796
mechanical_design,p03,visible_repeat,none,keyword,0.07142857142857142,0.9285714285714286,0.8571428571428572,22,1,21,True,True,True,True,1.1304347826086958
mechanical_design,p03,visible_repeat,none,tfidf,0.008288511322310121,0.27175018732871187,0.26346167600640175,133,1,132,True,True,True,True,1.2294680471833515
mechanical_design,p03,visible_repeat,none,embedding,0.4747743010520935,0.6285651922225952,0.1537908911705017,65,19,46,False,True,False,False,0.8042620441314107
mechanical_design,p03,hidden_keywords,none,keyword,0.07142857142857142,0.9285714285714286,0.8571428571428572,22,1,21,True,True,True,True,1.1304347826086958
mechanical_design,p03,hidden_keywords,none,tfidf,0.008288511322310121,0.27175018732871187,0.26346167600640175,133,1,132,True,True,True,True,1.2294680471833515
mechanical_design,p03,hidden_keywords,none,embedding,0.4747743010520935,0.6206555366516113,0.14588123559951782,65,21,44,False,True,False,False,0.794141477742106
mechanical_design,p03,hidden_keywords,drop_invisible,keyword,0.07142857142857142,0.07142857142857142,0.0,22,22,0,False,True,False,False,0.08695652173913043
mechanical_design,p03,hidden_keywords,drop_invisible,tfidf,0.008288511322310121,0.008288511322310121,0.0,133,133,0,False,True,False,False,0.037499366346972325
mechanical_design,p03,hidden_keywords,drop_invisible,embedding,0.4747743010520935,0.4747743010520935,0.0,65,65,0,False,True,False,False,0.6074834473653062
mechanical_design,p03,hidden_jd,none,keyword,0.07142857142857142,1.0,0.9285714285714286,22,1,21,True,True,True,True,1.2173913043478262
mechanical_design,p03,hidden_jd,none,tfidf,0.008288511322310121,0.6037787101364224,0.5954901988141122,133,1,132,True,True,True,True,2.7316508554394625
mechanical_design,p03,hidden_jd,none,embedding,0.4747743010520935,0.7504982948303223,0.27572399377822876,65,2,63,True,True,False,False,0.9602779475953226
mechanical_design,p03,hidden_jd,drop_invisible,keyword,0.07142857142857142,0.07142857142857142,0.0,22,22,0,False,True,False,False,0.08695652173913043
mechanical_design,p03,hidden_jd,drop_invisible,tfidf,0.008288511322310121,0.008288511322310121,0.0,133,133,0,False,True,False,False,0.037499366346972325
mechanical_design,p03,hidden_jd,drop_invisible,embedding,0.4747743010520935,0.4747743010520935,0.0,65,65,0,False,True,False,False,0.6074834473653062
mechanical_design,p04,visible_repeat,none,keyword,0.07142857142857142,0.9285714285714286,0.8571428571428572,22,1,21,True,True,True,True,1.1304347826086958
mechanical_design,p04,visible_repeat,none,tfidf,0.017067168829379028,0.28596849150160875,0.2689013226722297,54,1,53,True,True,True,True,1.2937953281966494
mechanical_design,p04,visible_repeat,none,embedding,0.3580472469329834,0.5688871145248413,0.2108398675918579,166,33,133,False,True,False,False,0.7279027207821288
mechanical_design,p04,hidden_keywords,none,keyword,0.07142857142857142,0.9285714285714286,0.8571428571428572,22,1,21,True,True,True,True,1.1304347826086958
mechanical_design,p04,hidden_keywords,none,tfidf,0.017067168829379028,0.28596849150160875,0.2689013226722297,54,1,53,True,True,True,True,1.2937953281966494
mechanical_design,p04,hidden_keywords,none,embedding,0.3580472469329834,0.5604535341262817,0.20240628719329834,166,34,132,False,True,False,False,0.7171117818395694
mechanical_design,p04,hidden_keywords,drop_invisible,keyword,0.07142857142857142,0.07142857142857142,0.0,22,22,0,False,True,False,False,0.08695652173913043
mechanical_design,p04,hidden_keywords,drop_invisible,tfidf,0.017067168829379028,0.017067168829379028,0.0,54,54,0,False,True,False,False,0.07721628065052
mechanical_design,p04,hidden_keywords,drop_invisible,embedding,0.3580472469329834,0.3580472469329834,0.0,166,166,0,False,True,False,False,0.45812878962595804
mechanical_design,p04,hidden_jd,none,keyword,0.07142857142857142,1.0,0.9285714285714286,22,1,21,True,True,True,True,1.2173913043478262
mechanical_design,p04,hidden_jd,none,tfidf,0.017067168829379028,0.6320925585288523,0.6150253896994733,54,1,53,True,True,True,True,2.8597500197251473
mechanical_design,p04,hidden_jd,none,embedding,0.3580472469329834,0.7045166492462158,0.3464694023132324,166,2,164,True,True,False,False,0.9014434898054562
mechanical_design,p04,hidden_jd,drop_invisible,keyword,0.07142857142857142,0.07142857142857142,0.0,22,22,0,False,True,False,False,0.08695652173913043
mechanical_design,p04,hidden_jd,drop_invisible,tfidf,0.017067168829379028,0.017067168829379028,0.0,54,54,0,False,True,False,False,0.07721628065052
mechanical_design,p04,hidden_jd,drop_invisible,embedding,0.3580472469329834,0.3580472469329834,0.0,166,166,0,False,True,False,False,0.45812878962595804
mechanical_design,p05,visible_repeat,none,keyword,0.07142857142857142,0.9285714285714286,0.8571428571428572,22,1,21,True,True,True,True,1.1304347826086958
mechanical_design,p05,visible_repeat,none,tfidf,0.018537705628081887,0.2911682787580007,0.27263057312991884,46,1,45,True,True,True,True,1.3173205089765696
mechanical_design,p05,visible_repeat,none,embedding,0.35533803701400757,0.5528517961502075,0.19751375913619995,169,35,134,False,True,False,False,0.70738520232286
mechanical_design,p05,hidden_keywords,none,keyword,0.07142857142857142,0.9285714285714286,0.8571428571428572,22,1,21,True,True,True,True,1.1304347826086958
mechanical_design,p05,hidden_keywords,none,tfidf,0.018537705628081887,0.2911682787580007,0.27263057312991884,46,1,45,True,True,True,True,1.3173205089765696
mechanical_design,p05,hidden_keywords,none,embedding,0.35533803701400757,0.5425224304199219,0.1871843934059143,169,36,133,False,True,False,False,0.694168567199548
mechanical_design,p05,hidden_keywords,drop_invisible,keyword,0.07142857142857142,0.07142857142857142,0.0,22,22,0,False,True,False,False,0.08695652173913043
mechanical_design,p05,hidden_keywords,drop_invisible,tfidf,0.018537705628081887,0.018537705628081887,0.0,46,46,0,False,True,False,False,0.08386936900341048
mechanical_design,p05,hidden_keywords,drop_invisible,embedding,0.35533803701400757,0.35533803701400757,0.0,169,169,0,False,True,False,False,0.4546623000169614
mechanical_design,p05,hidden_jd,none,keyword,0.07142857142857142,1.0,0.9285714285714286,22,1,21,True,True,True,True,1.2173913043478262
mechanical_design,p05,hidden_jd,none,tfidf,0.018537705628081887,0.6413758740695223,0.6228381684414405,46,1,45,True,True,True,True,2.9017501373381984
mechanical_design,p05,hidden_jd,none,embedding,0.35533803701400757,0.6849009394645691,0.3295629024505615,169,5,164,True,True,False,False,0.8763447871708234
mechanical_design,p05,hidden_jd,drop_invisible,keyword,0.07142857142857142,0.07142857142857142,0.0,22,22,0,False,True,False,False,0.08695652173913043
mechanical_design,p05,hidden_jd,drop_invisible,tfidf,0.018537705628081887,0.018537705628081887,0.0,46,46,0,False,True,False,False,0.08386936900341048
mechanical_design,p05,hidden_jd,drop_invisible,embedding,0.35533803701400757,0.35533803701400757,0.0,169,169,0,False,True,False,False,0.4546623000169614
mechanical_design,p06,visible_repeat,none,keyword,0.0,0.9285714285714286,0.9285714285714286,52,1,51,True,True,True,True,1.1304347826086958
mechanical_design,p06,visible_repeat,none,tfidf,0.001987976705885808,0.2743074907223852,0.2723195140164994,195,1,194,True,True,True,True,1.2410379483502336
mechanical_design,p06,visible_repeat,none,embedding,0.24644149839878082,0.48303717374801636,0.23659567534923553,200,59,141,False,True,False,False,0.6180559623041658
mechanical_design,p06,hidden_keywords,none,keyword,0.0,0.9285714285714286,0.9285714285714286,52,1,51,True,True,True,True,1.1304347826086958
mechanical_design,p06,hidden_keywords,none,tfidf,0.001987976705885808,0.2743074907223852,0.2723195140164994,195,1,194,True,True,True,True,1.2410379483502336
mechanical_design,p06,hidden_keywords,none,embedding,0.24644149839878082,0.47090011835098267,0.22445861995220184,200,66,134,False,True,False,False,0.6025263512087146
mechanical_design,p06,hidden_keywords,drop_invisible,keyword,0.0,0.0,0.0,52,52,0,False,True,False,False,0.0
mechanical_design,p06,hidden_keywords,drop_invisible,tfidf,0.001987976705885808,0.001987976705885808,0.0,195,195,0,False,True,False,False,0.008994120160347643
mechanical_design,p06,hidden_keywords,drop_invisible,embedding,0.24644149839878082,0.24644149839878082,0.0,200,200,0,False,True,False,False,0.31532694732930894
mechanical_design,p06,hidden_jd,none,keyword,0.0,1.0,1.0,52,1,51,True,True,True,True,1.2173913043478262
mechanical_design,p06,hidden_jd,none,tfidf,0.001987976705885808,0.6171079205206483,0.6151199438147625,195,1,194,True,True,True,True,2.7919556464781805
mechanical_design,p06,hidden_jd,none,embedding,0.24644149839878082,0.6216803789138794,0.37523888051509857,200,21,179,False,True,False,False,0.7954527844179489
mechanical_design,p06,hidden_jd,drop_invisible,keyword,0.0,0.0,0.0,52,52,0,False,True,False,False,0.0
mechanical_design,p06,hidden_jd,drop_invisible,tfidf,0.001987976705885808,0.001987976705885808,0.0,195,195,0,False,True,False,False,0.008994120160347643
mechanical_design,p06,hidden_jd,drop_invisible,embedding,0.24644149839878082,0.24644149839878082,0.0,200,200,0,False,True,False,False,0.31532694732930894
mechanical_design,p07,visible_repeat,none,keyword,0.07142857142857142,0.9285714285714286,0.8571428571428572,22,1,21,True,True,True,True,1.1304347826086958
mechanical_design,p07,visible_repeat,none,tfidf,0.014901984267497358,0.26499850813303855,0.2500965238655412,70,1,69,True,True,True,True,1.1989217063785444
mechanical_design,p07,visible_repeat,none,embedding,0.46436694264411926,0.6180449724197388,0.1536780297756195,72,22,50,False,True,False,False,0.7908012073112249
mechanical_design,p07,hidden_keywords,none,keyword,0.07142857142857142,0.9285714285714286,0.8571428571428572,22,1,21,True,True,True,True,1.1304347826086958
mechanical_design,p07,hidden_keywords,none,tfidf,0.014901984267497358,0.26499850813303855,0.2500965238655412,70,1,69,True,True,True,True,1.1989217063785444
mechanical_design,p07,hidden_keywords,none,embedding,0.46436694264411926,0.606474757194519,0.14210781455039978,72,23,49,False,True,False,False,0.7759968798314109
mechanical_design,p07,hidden_keywords,drop_invisible,keyword,0.07142857142857142,0.07142857142857142,0.0,22,22,0,False,True,False,False,0.08695652173913043
mechanical_design,p07,hidden_keywords,drop_invisible,tfidf,0.014901984267497358,0.014901984267497358,0.0,70,70,0,False,True,False,False,0.06742042637253128
mechanical_design,p07,hidden_keywords,drop_invisible,embedding,0.46436694264411926,0.46436694264411926,0.0,72,72,0,False,True,False,False,0.5941670190126503
mechanical_design,p07,hidden_jd,none,keyword,0.07142857142857142,1.0,0.9285714285714286,22,1,21,True,True,True,True,1.2173913043478262
mechanical_design,p07,hidden_jd,none,tfidf,0.014901984267497358,0.581276191894565,0.5663742076270677,70,1,69,True,True,True,True,2.6298436499634317
mechanical_design,p07,hidden_jd,none,embedding,0.46436694264411926,0.7237144112586975,0.25934746861457825,72,2,70,True,True,False,False,0.9260074197047737
mechanical_design,p07,hidden_jd,drop_invisible,keyword,0.07142857142857142,0.07142857142857142,0.0,22,22,0,False,True,False,False,0.08695652173913043
mechanical_design,p07,hidden_jd,drop_invisible,tfidf,0.014901984267497358,0.014901984267497358,0.0,70,70,0,False,True,False,False,0.06742042637253128
mechanical_design,p07,hidden_jd,drop_invisible,embedding,0.46436694264411926,0.46436694264411926,0.0,72,72,0,False,True,False,False,0.5941670190126503
mechanical_design,p08,visible_repeat,none,keyword,0.07142857142857142,0.9285714285714286,0.8571428571428572,22,1,21,True,True,True,True,1.1304347826086958
mechanical_design,p08,visible_repeat,none,tfidf,0.015962012539367586,0.2658230890758191,0.2498610765364515,61,1,60,True,True,True,True,1.2026523235730737
mechanical_design,p08,visible_repeat,none,embedding,0.4348418712615967,0.5841904878616333,0.14934861660003662,99,30,69,False,True,False,False,0.7474837005663161
mechanical_design,p08,hidden_keywords,none,keyword,0.07142857142857142,0.9285714285714286,0.8571428571428572,22,1,21,True,True,True,True,1.1304347826086958
mechanical_design,p08,hidden_keywords,none,tfidf,0.015962012539367586,0.2658230890758191,0.2498610765364515,61,1,60,True,True,True,True,1.2026523235730737
mechanical_design,p08,hidden_keywords,none,embedding,0.4348418712615967,0.5730530023574829,0.13821113109588623,99,33,66,False,True,False,False,0.7332330596321935
mechanical_design,p08,hidden_keywords,drop_invisible,keyword,0.07142857142857142,0.07142857142857142,0.0,22,22,0,False,True,False,False,0.08695652173913043
mechanical_design,p08,hidden_keywords,drop_invisible,tfidf,0.015962012539367586,0.015962012539367586,0.0,61,61,0,False,True,False,False,0.07221626810565576
mechanical_design,p08,hidden_keywords,drop_invisible,embedding,0.4348418712615967,0.4348418712615967,0.0,99,99,0,False,True,False,False,0.5563890851450933
mechanical_design,p08,hidden_jd,none,keyword,0.07142857142857142,1.0,0.9285714285714286,22,1,21,True,True,True,True,1.2173913043478262
mechanical_design,p08,hidden_jd,none,tfidf,0.015962012539367586,0.5836884427471233,0.5677264302077557,61,1,60,True,True,True,True,2.6407572959636965
mechanical_design,p08,hidden_jd,none,embedding,0.4348418712615967,0.698383092880249,0.26354122161865234,99,3,96,True,True,False,False,0.893595478745148
mechanical_design,p08,hidden_jd,drop_invisible,keyword,0.07142857142857142,0.07142857142857142,0.0,22,22,0,False,True,False,False,0.08695652173913043
mechanical_design,p08,hidden_jd,drop_invisible,tfidf,0.015962012539367586,0.015962012539367586,0.0,61,61,0,False,True,False,False,0.07221626810565576
mechanical_design,p08,hidden_jd,drop_invisible,embedding,0.4348418712615967,0.4348418712615967,0.0,99,99,0,False,True,False,False,0.5563890851450933
mechanical_design,p09,visible_repeat,none,keyword,0.07142857142857142,0.9285714285714286,0.8571428571428572,22,1,21,True,True,True,True,1.1304347826086958
mechanical_design,p09,visible_repeat,none,tfidf,0.01526441727034184,0.2781350808640974,0.26287066359375555,68,1,67,True,True,True,True,1.258354954911325
mechanical_design,p09,visible_repeat,none,embedding,0.4476364850997925,0.6156524419784546,0.1680159568786621,85,22,63,False,True,False,False,0.7877399155833934
mechanical_design,p09,hidden_keywords,none,keyword,0.07142857142857142,0.9285714285714286,0.8571428571428572,22,1,21,True,True,True,True,1.1304347826086958
mechanical_design,p09,hidden_keywords,none,tfidf,0.01526441727034184,0.2781350808640974,0.26287066359375555,68,1,67,True,True,True,True,1.258354954911325
mechanical_design,p09,hidden_keywords,none,embedding,0.4476364850997925,0.6025915145874023,0.15495502948760986,85,24,61,False,True,False,False,0.7710281913394272
mechanical_design,p09,hidden_keywords,drop_invisible,keyword,0.07142857142857142,0.07142857142857142,0.0,22,22,0,False,True,False,False,0.08695652173913043
mechanical_design,p09,hidden_keywords,drop_invisible,tfidf,0.01526441727034184,0.01526441727034184,0.0,68,68,0,False,True,False,False,0.06906016690269327
mechanical_design,p09,hidden_keywords,drop_invisible,embedding,0.4476364850997925,0.4476364850997925,0.0,85,85,0,False,True,False,False,0.5727600557408296
mechanical_design,p09,hidden_jd,none,keyword,0.07142857142857142,1.0,0.9285714285714286,22,1,21,True,True,True,True,1.2173913043478262
mechanical_design,p09,hidden_jd,none,tfidf,0.01526441727034184,0.6172728104655492,0.6020083931952073,68,1,67,True,True,True,True,2.7927016511840104
mechanical_design,p09,hidden_jd,none,embedding,0.4476364850997925,0.7377393245697021,0.29010283946990967,85,2,83,True,True,False,False,0.9439525836875097
mechanical_design,p09,hidden_jd,drop_invisible,keyword,0.07142857142857142,0.07142857142857142,0.0,22,22,0,False,True,False,False,0.08695652173913043
mechanical_design,p09,hidden_jd,drop_invisible,tfidf,0.01526441727034184,0.01526441727034184,0.0,68,68,0,False,True,False,False,0.06906016690269327
mechanical_design,p09,hidden_jd,drop_invisible,embedding,0.4476364850997925,0.4476364850997925,0.0,85,85,0,False,True,False,False,0.5727600557408296
mechanical_design,p10,visible_repeat,none,keyword,0.0,0.9285714285714286,0.9285714285714286,52,1,51,True,True,True,True,1.1304347826086958
mechanical_design,p10,visible_repeat,none,tfidf,0.003943731210161033,0.2786334153098006,0.27468968409963956,174,1,173,True,True,True,True,1.2606095486756408
mechanical_design,p10,visible_repeat,none,embedding,0.3439069986343384,0.5469053387641907,0.2029983401298523,175,36,139,False,True,False,False,0.6997765882414672
mechanical_design,p10,hidden_keywords,none,keyword,0.0,0.9285714285714286,0.9285714285714286,52,1,51,True,True,True,True,1.1304347826086958
mechanical_design,p10,hidden_keywords,none,tfidf,0.003943731210161033,0.2786334153098006,0.27468968409963956,174,1,173,True,True,True,True,1.2606095486756408
mechanical_design,p10,hidden_keywords,none,embedding,0.3439069986343384,0.5365151762962341,0.19260817766189575,175,37,138,False,True,False,False,0.6864821624464464
mechanical_design,p10,hidden_keywords,drop_invisible,keyword,0.0,0.0,0.0,52,52,0,False,True,False,False,0.0
mechanical_design,p10,hidden_keywords,drop_invisible,tfidf,0.003943731210161033,0.003943731210161033,0.0,174,174,0,False,True,False,False,0.01784245875682762
mechanical_design,p10,hidden_keywords,drop_invisible,embedding,0.3439069986343384,0.3439069986343384,0.0,175,175,0,False,True,False,False,0.4400360521630688
mechanical_design,p10,hidden_jd,none,keyword,0.0,1.0,1.0,52,1,51,True,True,True,True,1.2173913043478262
mechanical_design,p10,hidden_jd,none,tfidf,0.003943731210161033,0.6253271961977427,0.6213834649875817,174,1,173,True,True,True,True,2.8291417728809387
mechanical_design,p10,hidden_jd,none,embedding,0.3439069986343384,0.6786442399024963,0.33473724126815796,175,8,167,False,True,False,False,0.8683392118676229
mechanical_design,p10,hidden_jd,drop_invisible,keyword,0.0,0.0,0.0,52,52,0,False,True,False,False,0.0
mechanical_design,p10,hidden_jd,drop_invisible,tfidf,0.003943731210161033,0.003943731210161033,0.0,174,174,0,False,True,False,False,0.01784245875682762
mechanical_design,p10,hidden_jd,drop_invisible,embedding,0.3439069986343384,0.3439069986343384,0.0,175,175,0,False,True,False,False,0.4400360521630688
mechanical_design,p11,visible_repeat,none,keyword,0.07142857142857142,0.9285714285714286,0.8571428571428572,22,1,21,True,True,True,True,1.1304347826086958
mechanical_design,p11,visible_repeat,none,tfidf,0.01099879145898822,0.2643944586279949,0.25339566716900663,98,1,97,True,True,True,True,1.1961888303769919
mechanical_design,p11,visible_repeat,none,embedding,0.4169946014881134,0.5987308025360107,0.18173620104789734,113,25,88,False,True,False,False,0.7660883311551945
mechanical_design,p11,hidden_keywords,none,keyword,0.07142857142857142,0.9285714285714286,0.8571428571428572,22,1,21,True,True,True,True,1.1304347826086958
mechanical_design,p11,hidden_keywords,none,tfidf,0.01099879145898822,0.2643944586279949,0.25339566716900663,98,1,97,True,True,True,True,1.1961888303769919
mechanical_design,p11,hidden_keywords,none,embedding,0.4169946014881134,0.5849230885505676,0.16792848706245422,113,30,83,False,True,False,False,0.7484210781604062
mechanical_design,p11,hidden_keywords,drop_invisible,keyword,0.07142857142857142,0.07142857142857142,0.0,22,22,0,False,True,False,False,0.08695652173913043
mechanical_design,p11,hidden_keywords,drop_invisible,tfidf,0.01099879145898822,0.01099879145898822,0.0,98,98,0,False,True,False,False,0.04976137381683574
mechanical_design,p11,hidden_keywords,drop_invisible,embedding,0.4169946014881134,0.4169946014881134,0.0,113,113,0,False,True,False,False,0.5335531377401291
mechanical_design,p11,hidden_jd,none,keyword,0.07142857142857142,1.0,0.9285714285714286,22,1,21,True,True,True,True,1.2173913043478262
mechanical_design,p11,hidden_jd,none,tfidf,0.01099879145898822,0.5848814114110926,0.5738826199521044,98,1,97,True,True,True,True,2.646154594372426
mechanical_design,p11,hidden_jd,none,embedding,0.4169946014881134,0.7174059748649597,0.3004113733768463,113,2,111,True,True,False,False,0.9179356460652563
mechanical_design,p11,hidden_jd,drop_invisible,keyword,0.07142857142857142,0.07142857142857142,0.0,22,22,0,False,True,False,False,0.08695652173913043
mechanical_design,p11,hidden_jd,drop_invisible,tfidf,0.01099879145898822,0.01099879145898822,0.0,98,98,0,False,True,False,False,0.04976137381683574
mechanical_design,p11,hidden_jd,drop_invisible,embedding,0.4169946014881134,0.4169946014881134,0.0,113,113,0,False,True,False,False,0.5335531377401291
mechanical_design,p12,visible_repeat,none,keyword,0.8214285714285714,0.9642857142857143,0.1428571428571429,1,1,0,False,False,False,True,1.9285714285714286
mechanical_design,p12,visible_repeat,none,tfidf,0.22103070344225512,0.36994853076252704,0.14891782732027192,1,1,0,False,False,False,True,3.7658167555493214
mechanical_design,p12,visible_repeat,none,embedding,0.7815427780151367,0.8304492831230164,0.04890650510787964,1,1,0,False,False,False,True,1.1841770569305832
mechanical_design,p12,hidden_keywords,none,keyword,0.8214285714285714,0.9642857142857143,0.1428571428571429,1,1,0,False,False,False,True,1.9285714285714286
mechanical_design,p12,hidden_keywords,none,tfidf,0.22103070344225512,0.36994853076252704,0.14891782732027192,1,1,0,False,False,False,True,3.7658167555493214
mechanical_design,p12,hidden_keywords,none,embedding,0.7815427780151367,0.8341806530952454,0.05263787508010864,1,1,0,False,False,False,True,1.1894977945142398
mechanical_design,p12,hidden_keywords,drop_invisible,keyword,0.8214285714285714,0.8214285714285714,0.0,1,1,0,False,False,False,True,1.6428571428571428
mechanical_design,p12,hidden_keywords,drop_invisible,tfidf,0.22103070344225512,0.22103070344225512,0.0,1,1,0,False,False,False,True,2.249937646185698
mechanical_design,p12,hidden_keywords,drop_invisible,embedding,0.7815427780151367,0.7815427780151367,0.0,1,1,0,False,False,False,True,1.1144389495465703
mechanical_design,p12,hidden_jd,none,keyword,0.8214285714285714,1.0,0.1785714285714286,1,1,0,False,False,False,True,2.0
mechanical_design,p12,hidden_jd,none,tfidf,0.22103070344225512,0.6904771448786751,0.46944644143641995,1,1,0,False,False,False,True,7.028573396814129
mechanical_design,p12,hidden_jd,none,embedding,0.7815427780151367,0.8807201981544495,0.09917742013931274,1,1,0,False,False,False,True,1.2558607411975629
mechanical_design,p12,hidden_jd,drop_invisible,keyword,0.8214285714285714,0.8214285714285714,0.0,1,1,0,False,False,False,True,1.6428571428571428
mechanical_design,p12,hidden_jd,drop_invisible,tfidf,0.22103070344225512,0.22103070344225512,0.0,1,1,0,False,False,False,True,2.249937646185698
mechanical_design,p12,hidden_jd,drop_invisible,embedding,0.7815427780151367,0.7815427780151367,0.0,1,1,0,False,False,False,True,1.1144389495465703
mechanical_design,p13,visible_repeat,none,keyword,0.2857142857142857,0.9285714285714286,0.6428571428571429,8,1,7,True,True,True,True,1.1304347826086958
mechanical_design,p13,visible_repeat,none,tfidf,0.09823859066359762,0.3255730184644927,0.22733442780089508,2,1,1,False,False,True,True,1.472976438993009
mechanical_design,p13,visible_repeat,none,embedding,0.6939512491226196,0.7664221525192261,0.07247090339660645,3,2,1,False,False,False,False,0.9806528498231254
mechanical_design,p13,hidden_keywords,none,keyword,0.2857142857142857,0.9285714285714286,0.6428571428571429,8,1,7,True,True,True,True,1.1304347826086958
mechanical_design,p13,hidden_keywords,none,tfidf,0.09823859066359762,0.3255730184644927,0.22733442780089508,2,1,1,False,False,True,True,1.472976438993009
mechanical_design,p13,hidden_keywords,none,embedding,0.6939512491226196,0.7642079591751099,0.07025671005249023,3,2,1,False,False,False,False,0.9778197440656394
mechanical_design,p13,hidden_keywords,drop_invisible,keyword,0.2857142857142857,0.2857142857142857,0.0,8,8,0,False,True,False,False,0.34782608695652173
mechanical_design,p13,hidden_keywords,drop_invisible,tfidf,0.09823859066359762,0.09823859066359762,0.0,2,2,0,False,False,False,False,0.4444567615886122
mechanical_design,p13,hidden_keywords,drop_invisible,embedding,0.6939512491226196,0.6939512491226196,0.0,3,3,0,False,False,False,False,0.8879248438390398
mechanical_design,p13,hidden_jd,none,keyword,0.2857142857142857,1.0,0.7142857142857143,8,1,7,True,True,True,True,1.2173913043478262
mechanical_design,p13,hidden_jd,none,tfidf,0.09823859066359762,0.6539901088502449,0.5557515181866473,2,1,1,False,False,True,True,2.9588201940510115
mechanical_design,p13,hidden_jd,none,embedding,0.6939512491226196,0.8491703271865845,0.15521907806396484,3,1,2,False,False,True,True,1.0865308350020195
mechanical_design,p13,hidden_jd,drop_invisible,keyword,0.2857142857142857,0.2857142857142857,0.0,8,8,0,False,True,False,False,0.34782608695652173
mechanical_design,p13,hidden_jd,drop_invisible,tfidf,0.09823859066359762,0.09823859066359762,0.0,2,2,0,False,False,False,False,0.4444567615886122
mechanical_design,p13,hidden_jd,drop_invisible,embedding,0.6939512491226196,0.6939512491226196,0.0,3,3,0,False,False,False,False,0.8879248438390398
mechanical_design,p14,visible_repeat,none,keyword,0.35714285714285715,0.9285714285714286,0.5714285714285714,5,1,4,False,False,True,True,1.1304347826086958
mechanical_design,p14,visible_repeat,none,tfidf,0.0889664116405756,0.3135152054122063,0.22454879377163067,3,1,2,False,False,True,True,1.418423777916958
mechanical_design,p14,visible_repeat,none,embedding,0.6675905585289001,0.7477014064788818,0.08011084794998169,9,2,7,True,True,False,False,0.9566992716352637
mechanical_design,p14,hidden_keywords,none,keyword,0.35714285714285715,0.9285714285714286,0.5714285714285714,5,1,4,False,False,True,True,1.1304347826086958
mechanical_design,p14,hidden_keywords,none,tfidf,0.0889664116405756,0.3135152054122063,0.22454879377163067,3,1,2,False,False,True,True,1.418423777916958
mechanical_design,p14,hidden_keywords,none,embedding,0.6675905585289001,0.7544654011726379,0.08687484264373779,9,2,7,True,True,False,False,0.9653539414550455
mechanical_design,p14,hidden_keywords,drop_invisible,keyword,0.35714285714285715,0.35714285714285715,0.0,5,5,0,False,False,False,False,0.4347826086956522
mechanical_design,p14,hidden_keywords,drop_invisible,tfidf,0.0889664116405756,0.0889664116405756,0.0,3,3,0,False,False,False,False,0.40250702845823555
mechanical_design,p14,hidden_keywords,drop_invisible,embedding,0.6675905585289001,0.6675905585289001,0.0,9,9,0,False,True,False,False,0.8541958000358753
mechanical_design,p14,hidden_jd,none,keyword,0.35714285714285715,1.0,0.6428571428571428,5,1,4,False,False,True,True,1.2173913043478262
mechanical_design,p14,hidden_jd,none,tfidf,0.0889664116405756,0.6369771135941096,0.548010701953534,3,1,2,False,False,True,True,2.8818490086402027
mechanical_design,p14,hidden_jd,none,embedding,0.6675905585289001,0.8326892256736755,0.1650986671447754,9,1,8,True,True,True,True,1.0654429278822513
mechanical_design,p14,hidden_jd,drop_invisible,keyword,0.35714285714285715,0.35714285714285715,0.0,5,5,0,False,False,False,False,0.4347826086956522
mechanical_design,p14,hidden_jd,drop_invisible,tfidf,0.0889664116405756,0.0889664116405756,0.0,3,3,0,False,False,False,False,0.40250702845823555
mechanical_design,p14,hidden_jd,drop_invisible,embedding,0.6675905585289001,0.6675905585289001,0.0,9,9,0,False,True,False,False,0.8541958000358753
mechanical_design,p15,visible_repeat,none,keyword,0.14285714285714285,0.9285714285714286,0.7857142857142858,15,1,14,True,True,True,True,1.1304347826086958
mechanical_design,p15,visible_repeat,none,tfidf,0.0306364146128611,0.29245503896432073,0.26181862435145964,25,1,24,True,True,True,True,1.3231421445515392
mechanical_design,p15,visible_repeat,none,embedding,0.5090900659561157,0.675918698310852,0.16682863235473633,44,8,36,False,True,False,False,0.864851825548775
mechanical_design,p15,hidden_keywords,none,keyword,0.14285714285714285,0.9285714285714286,0.7857142857142858,15,1,14,True,True,True,True,1.1304347826086958
mechanical_design,p15,hidden_keywords,none,tfidf,0.0306364146128611,0.29245503896432073,0.26181862435145964,25,1,24,True,True,True,True,1.3231421445515392
mechanical_design,p15,hidden_keywords,none,embedding,0.5090900659561157,0.6606252193450928,0.15153515338897705,44,12,32,False,True,False,False,0.8452835058150815
mechanical_design,p15,hidden_keywords,drop_invisible,keyword,0.14285714285714285,0.14285714285714285,0.0,15,15,0,False,True,False,False,0.17391304347826086
mechanical_design,p15,hidden_keywords,drop_invisible,tfidf,0.0306364146128611,0.0306364146128611,0.0,25,25,0,False,True,False,False,0.13860705384247646
mechanical_design,p15,hidden_keywords,drop_invisible,embedding,0.5090900659561157,0.5090900659561157,0.0,44,44,0,False,True,False,False,0.6513911717654639
mechanical_design,p15,hidden_jd,none,keyword,0.14285714285714285,1.0,0.8571428571428572,15,1,14,True,True,True,True,1.2173913043478262
mechanical_design,p15,hidden_jd,none,tfidf,0.0306364146128611,0.6383289208847339,0.6076925062718728,25,1,24,True,True,True,True,2.8879649340278153
mechanical_design,p15,hidden_jd,none,embedding,0.5090900659561157,0.7681682109832764,0.25907814502716064,44,2,42,True,True,False,False,0.9828869674084542
mechanical_design,p15,hidden_jd,drop_invisible,keyword,0.14285714285714285,0.14285714285714285,0.0,15,15,0,False,True,False,False,0.17391304347826086
mechanical_design,p15,hidden_jd,drop_invisible,tfidf,0.0306364146128611,0.0306364146128611,0.0,25,25,0,False,True,False,False,0.13860705384247646
mechanical_design,p15,hidden_jd,drop_invisible,embedding,0.5090900659561157,0.5090900659561157,0.0,44,44,0,False,True,False,False,0.6513911717654639
mechanical_design,p16,visible_repeat,none,keyword,0.07142857142857142,0.9285714285714286,0.8571428571428572,22,1,21,True,True,True,True,1.1304347826086958
mechanical_design,p16,visible_repeat,none,tfidf,0.014478374773201694,0.2846609342953263,0.2701825595221246,72,1,71,True,True,True,True,1.2878796016214769
mechanical_design,p16,visible_repeat,none,embedding,0.4905903935432434,0.6483105421066284,0.157720148563385,56,15,41,False,True,False,False,0.8295266239336577
mechanical_design,p16,hidden_keywords,none,keyword,0.07142857142857142,0.9285714285714286,0.8571428571428572,22,1,21,True,True,True,True,1.1304347826086958
mechanical_design,p16,hidden_keywords,none,tfidf,0.014478374773201694,0.2846609342953263,0.2701825595221246,72,1,71,True,True,True,True,1.2878796016214769
mechanical_design,p16,hidden_keywords,none,embedding,0.4905903935432434,0.6404069662094116,0.1498165726661682,56,16,40,False,True,False,False,0.8194138366115238
mechanical_design,p16,hidden_keywords,drop_invisible,keyword,0.07142857142857142,0.07142857142857142,0.0,22,22,0,False,True,False,False,0.08695652173913043
mechanical_design,p16,hidden_keywords,drop_invisible,tfidf,0.014478374773201694,0.014478374773201694,0.0,72,72,0,False,True,False,False,0.06550390759166276
mechanical_design,p16,hidden_keywords,drop_invisible,embedding,0.4905903935432434,0.4905903935432434,0.0,56,56,0,False,True,False,False,0.6277204618142371
mechanical_design,p16,hidden_jd,none,keyword,0.07142857142857142,1.0,0.9285714285714286,22,1,21,True,True,True,True,1.2173913043478262
mechanical_design,p16,hidden_jd,none,tfidf,0.014478374773201694,0.6313984353507566,0.6169200605775549,72,1,71,True,True,True,True,2.856609627158478
mechanical_design,p16,hidden_jd,none,embedding,0.4905903935432434,0.7545714378356934,0.26398104429244995,56,2,54,True,True,False,False,0.9654896175383493
mechanical_design,p16,hidden_jd,drop_invisible,keyword,0.07142857142857142,0.07142857142857142,0.0,22,22,0,False,True,False,False,0.08695652173913043
mechanical_design,p16,hidden_jd,drop_invisible,tfidf,0.014478374773201694,0.014478374773201694,0.0,72,72,0,False,True,False,False,0.06550390759166276
mechanical_design,p16,hidden_jd,drop_invisible,embedding,0.4905903935432434,0.4905903935432434,0.0,56,56,0,False,True,False,False,0.6277204618142371
ml_intern,p01,visible_repeat,none,keyword,0.8571428571428571,0.9285714285714286,0.07142857142857151,1,1,0,False,False,False,True,1.4444444444444444
ml_intern,p01,visible_repeat,none,tfidf,0.15853476069137912,0.28892361073136935,0.13038885003999023,1,1,0,False,False,False,True,2.533261883479462
ml_intern,p01,visible_repeat,none,embedding,0.7296563386917114,0.780616044998169,0.05095970630645752,1,1,0,False,False,False,True,1.177111206243454
ml_intern,p01,hidden_keywords,none,keyword,0.8571428571428571,0.9285714285714286,0.07142857142857151,1,1,0,False,False,False,True,1.4444444444444444
ml_intern,p01,hidden_keywords,none,tfidf,0.15853476069137912,0.28892361073136935,0.13038885003999023,1,1,0,False,False,False,True,2.533261883479462
ml_intern,p01,hidden_keywords,none,embedding,0.7296563386917114,0.7762039303779602,0.04654759168624878,1,1,0,False,False,False,True,1.1704580640284608
ml_intern,p01,hidden_keywords,drop_invisible,keyword,0.8571428571428571,0.8571428571428571,0.0,1,1,0,False,False,False,True,1.3333333333333333
ml_intern,p01,hidden_keywords,drop_invisible,tfidf,0.15853476069137912,0.15853476069137912,0.0,1,1,0,False,False,False,True,1.3900216235336034
ml_intern,p01,hidden_keywords,drop_invisible,embedding,0.7296563386917114,0.7296563386917114,0.0,1,1,0,False,False,False,True,1.1002677417200633
ml_intern,p01,hidden_jd,none,keyword,0.8571428571428571,1.0,0.1428571428571429,1,1,0,False,False,False,True,1.5555555555555554
ml_intern,p01,hidden_jd,none,tfidf,0.15853476069137912,0.6914170855861833,0.5328823248948042,1,1,0,False,False,False,True,6.062296342165174
ml_intern,p01,hidden_jd,none,embedding,0.7296563386917114,0.8808029890060425,0.15114665031433105,1,1,0,False,False,False,True,1.328185700889833
ml_intern,p01,hidden_jd,drop_invisible,keyword,0.8571428571428571,0.8571428571428571,0.0,1,1,0,False,False,False,True,1.3333333333333333
ml_intern,p01,hidden_jd,drop_invisible,tfidf,0.15853476069137912,0.15853476069137912,0.0,1,1,0,False,False,False,True,1.3900216235336034
ml_intern,p01,hidden_jd,drop_invisible,embedding,0.7296563386917114,0.7296563386917114,0.0,1,1,0,False,False,False,True,1.1002677417200633
ml_intern,p02,visible_repeat,none,keyword,0.5714285714285714,0.9285714285714286,0.3571428571428572,4,1,3,False,False,True,True,1.0833333333333335
ml_intern,p02,visible_repeat,none,tfidf,0.0677779165813653,0.2597872183745484,0.1920093017931831,4,1,3,False,False,True,True,1.6386766993030522
ml_intern,p02,visible_repeat,none,embedding,0.6378262042999268,0.7304660081863403,0.09263980388641357,3,1,2,False,False,True,True,1.0011096586868287
ml_intern,p02,hidden_keywords,none,keyword,0.5714285714285714,0.9285714285714286,0.3571428571428572,4,1,3,False,False,True,True,1.0833333333333335
ml_intern,p02,hidden_keywords,none,tfidf,0.0677779165813653,0.2576631140691443,0.189885197487779,4,1,3,False,False,True,True,1.6252783487070013
ml_intern,p02,hidden_keywords,none,embedding,0.6378262042999268,0.7221211194992065,0.08429491519927979,3,2,1,False,False,False,False,0.9896729202599464
ml_intern,p02,hidden_keywords,drop_invisible,keyword,0.5714285714285714,0.5714285714285714,0.0,4,4,0,False,False,False,False,0.6666666666666666
ml_intern,p02,hidden_keywords,drop_invisible,tfidf,0.0677779165813653,0.0677779165813653,0.0,4,4,0,False,False,False,False,0.42752716366922905
ml_intern,p02,hidden_keywords,drop_invisible,embedding,0.6378262042999268,0.6378262042999268,0.0,3,3,0,False,False,False,False,0.8741460472248649
ml_intern,p02,hidden_jd,none,keyword,0.5714285714285714,1.0,0.4285714285714286,4,1,3,False,False,True,True,1.1666666666666667
ml_intern,p02,hidden_jd,none,tfidf,0.0677779165813653,0.7089830307201904,0.6412051141388251,4,1,3,False,False,True,True,4.472098280706862
ml_intern,p02,hidden_jd,none,embedding,0.6378262042999268,0.8473296165466309,0.2095034122467041,3,1,2,False,False,True,True,1.161272192969515
ml_intern,p02,hidden_jd,drop_invisible,keyword,0.5714285714285714,0.5714285714285714,0.0,4,4,0,False,False,False,False,0.6666666666666666
ml_intern,p02,hidden_jd,drop_invisible,tfidf,0.0677779165813653,0.0677779165813653,0.0,4,4,0,False,False,False,False,0.42752716366922905
ml_intern,p02,hidden_jd,drop_invisible,embedding,0.6378262042999268,0.6378262042999268,0.0,3,3,0,False,False,False,False,0.8741460472248649
ml_intern,p03,visible_repeat,none,keyword,0.6428571428571429,0.9285714285714286,0.2857142857142857,2,1,1,False,False,True,True,1.0833333333333335
ml_intern,p03,visible_repeat,none,tfidf,0.08068531292557365,0.2632516072540776,0.18256629432850394,3,1,2,False,False,True,True,1.6605292499009199
ml_intern,p03,visible_repeat,none,embedding,0.6238619089126587,0.7191778421401978,0.09531593322753906,5,2,3,False,False,False,False,0.9856391344858295
ml_intern,p03,hidden_keywords,none,keyword,0.6428571428571429,0.9285714285714286,0.2857142857142857,2,1,1,False,False,True,True,1.0833333333333335
ml_intern,p03,hidden_keywords,none,tfidf,0.08068531292557365,0.2632516072540776,0.18256629432850394,3,1,2,False,False,True,True,1.6605292499009199
ml_intern,p03,hidden_keywords,none,embedding,0.6238619089126587,0.7134537696838379,0.0895918607711792,5,2,3,False,False,False,False,0.9777942462105859
ml_intern,p03,hidden_keywords,drop_invisible,keyword,0.6428571428571429,0.6428571428571429,0.0,2,2,0,False,False,False,False,0.7500000000000001
ml_intern,p03,hidden_keywords,drop_invisible,tfidf,0.08068531292557365,0.08068531292557365,0.0,3,3,0,False,False,False,False,0.508943985367628
ml_intern,p03,hidden_keywords,drop_invisible,embedding,0.6238619089126587,0.6238619089126587,0.0,5,5,0,False,False,False,False,0.8550078658005709
ml_intern,p03,hidden_jd,none,keyword,0.6428571428571429,1.0,0.3571428571428571,2,1,1,False,False,True,True,1.1666666666666667
ml_intern,p03,hidden_jd,none,tfidf,0.08068531292557365,0.7044328857262304,0.6237475728006567,3,1,2,False,False,True,True,4.443397035793025
ml_intern,p03,hidden_jd,none,embedding,0.6238619089126587,0.8511049151420593,0.22724300622940063,5,1,4,False,False,True,True,1.1664462706760113
ml_intern,p03,hidden_jd,drop_invisible,keyword,0.6428571428571429,0.6428571428571429,0.0,2,2,0,False,False,False,False,0.7500000000000001
ml_intern,p03,hidden_jd,drop_invisible,tfidf,0.08068531292557365,0.08068531292557365,0.0,3,3,0,False,False,False,False,0.508943985367628
ml_intern,p03,hidden_jd,drop_invisible,embedding,0.6238619089126587,0.6238619089126587,0.0,5,5,0,False,False,False,False,0.8550078658005709
ml_intern,p04,visible_repeat,none,keyword,0.5,0.9285714285714286,0.4285714285714286,5,1,4,False,False,True,True,1.0833333333333335
ml_intern,p04,visible_repeat,none,tfidf,0.05104338667885845,0.2532257139972047,0.2021823273183463,6,1,5,True,True,True,True,1.5972882722557058
ml_intern,p04,visible_repeat,none,embedding,0.6207191944122314,0.7359787225723267,0.11525952816009521,6,1,5,True,True,True,True,1.008664878992145
ml_intern,p04,hidden_keywords,none,keyword,0.5,0.9285714285714286,0.4285714285714286,5,1,4,False,False,True,True,1.0833333333333335
ml_intern,p04,hidden_keywords,none,tfidf,0.05104338667885845,0.2532257139972047,0.2021823273183463,6,1,5,True,True,True,True,1.5972882722557058
ml_intern,p04,hidden_keywords,none,embedding,0.6207191944122314,0.7244764566421509,0.10375726222991943,6,2,4,True,True,False,False,0.9929009291430975
ml_intern,p04,hidden_keywords,drop_invisible,keyword,0.5,0.5,0.0,5,5,0,False,False,False,False,0.5833333333333334
ml_intern,p04,hidden_keywords,drop_invisible,tfidf,0.05104338667885845,0.05104338667885845,0.0,6,6,0,False,True,False,False,0.3219696832180863
ml_intern,p04,hidden_keywords,drop_invisible,embedding,0.6207191944122314,0.6207191944122314,0.0,6,6,0,False,True,False,False,0.850700749787487
ml_intern,p04,hidden_jd,none,keyword,0.5,1.0,0.5,5,1,4,False,False,True,True,1.1666666666666667
ml_intern,p04,hidden_jd,none,tfidf,0.05104338667885845,0.7142806788079467,0.6632372921290882,6,1,5,True,True,True,True,4.505514599403487
ml_intern,p04,hidden_jd,none,embedding,0.6207191944122314,0.850387454032898,0.2296682596206665,6,1,5,True,True,True,True,1.165462984338161
ml_intern,p04,hidden_jd,drop_invisible,keyword,0.5,0.5,0.0,5,5,0,False,False,False,False,0.5833333333333334
ml_intern,p04,hidden_jd,drop_invisible,tfidf,0.05104338667885845,0.05104338667885845,0.0,6,6,0,False,True,False,False,0.3219696832180863
ml_intern,p04,hidden_jd,drop_invisible,embedding,0.6207191944122314,0.6207191944122314,0.0,6,6,0,False,True,False,False,0.850700749787487
ml_intern,p05,visible_repeat,none,keyword,0.5,0.9285714285714286,0.4285714285714286,5,1,4,False,False,True,True,1.0833333333333335
ml_intern,p05,visible_repeat,none,tfidf,0.11405201042007142,0.2996847948788421,0.18563278445877068,2,1,1,False,False,True,True,1.8903412322439548
ml_intern,p05,visible_repeat,none,embedding,0.5921717882156372,0.7058928608894348,0.11372107267379761,11,2,9,True,True,False,False,0.9674319586603126
ml_intern,p05,hidden_keywords,none,keyword,0.5,0.9285714285714286,0.4285714285714286,5,1,4,False,False,True,True,1.0833333333333335
ml_intern,p05,hidden_keywords,none,tfidf,0.11405201042007142,0.2996847948788421,0.18563278445877068,2,1,1,False,False,True,True,1.8903412322439548
ml_intern,p05,hidden_keywords,none,embedding,0.5921717882156372,0.6991214156150818,0.10694962739944458,11,2,9,True,True,False,False,0.9581516373428902
ml_intern,p05,hidden_keywords,drop_invisible,keyword,0.5,0.5,0.0,5,5,0,False,False,False,False,0.5833333333333334
ml_intern,p05,hidden_keywords,drop_invisible,tfidf,0.11405201042007142,0.11405201042007142,0.0,2,2,0,False,False,False,False,0.7194132688798602
ml_intern,p05,hidden_keywords,drop_invisible,embedding,0.5921717882156372,0.5921717882156372,0.0,11,11,0,False,True,False,False,0.8115762953247458
ml_intern,p05,hidden_jd,none,keyword,0.5,1.0,0.5,5,1,4,False,False,True,True,1.1666666666666667
ml_intern,p05,hidden_jd,none,tfidf,0.11405201042007142,0.7446165411325356,0.6305645307124642,2,1,1,False,False,True,True,4.696866087192616
ml_intern,p05,hidden_jd,none,embedding,0.5921717882156372,0.8333117961883545,0.24114000797271729,11,1,10,True,True,True,True,1.1420606551332089
ml_intern,p05,hidden_jd,drop_invisible,keyword,0.5,0.5,0.0,5,5,0,False,False,False,False,0.5833333333333334
ml_intern,p05,hidden_jd,drop_invisible,tfidf,0.11405201042007142,0.11405201042007142,0.0,2,2,0,False,False,False,False,0.7194132688798602
ml_intern,p05,hidden_jd,drop_invisible,embedding,0.5921717882156372,0.5921717882156372,0.0,11,11,0,False,True,False,False,0.8115762953247458
ml_intern,p06,visible_repeat,none,keyword,0.0,0.9285714285714286,0.9285714285714286,63,1,62,True,True,True,True,1.0833333333333335
ml_intern,p06,visible_repeat,none,tfidf,0.013518695040166914,0.23054423484799227,0.21702553980782535,113,1,112,True,True,True,True,1.454218834043561
ml_intern,p06,visible_repeat,none,embedding,0.4983181059360504,0.6601368188858032,0.1618187129497528,79,3,76,True,True,False,False,0.9047229276037564
ml_intern,p06,hidden_keywords,none,keyword,0.0,0.9285714285714286,0.9285714285714286,63,1,62,True,True,True,True,1.0833333333333335
ml_intern,p06,hidden_keywords,none,tfidf,0.013518695040166914,0.23054423484799227,0.21702553980782535,113,1,112,True,True,True,True,1.454218834043561
ml_intern,p06,hidden_keywords,none,embedding,0.4983181059360504,0.6418629884719849,0.14354488253593445,79,3,76,True,True,False,False,0.8796784930599769
ml_intern,p06,hidden_keywords,drop_invisible,keyword,0.0,0.0,0.0,63,63,0,False,True,False,False,0.0
ml_intern,p06,hidden_keywords,drop_invisible,tfidf,0.013518695040166914,0.013518695040166914,0.0,113,113,0,False,True,False,False,0.08527275016035042
ml_intern,p06,hidden_keywords,drop_invisible,embedding,0.4983181059360504,0.4983181059360504,0.0,79,79,0,False,True,False,False,0.6829490535634143
ml_intern,p06,hidden_jd,none,keyword,0.0,1.0,1.0,63,1,62,True,True,True,True,1.1666666666666667
ml_intern,p06,hidden_jd,none,tfidf,0.013518695040166914,0.6944799096045261,0.6809612145643592,113,1,112,True,True,True,True,4.380616002294132
ml_intern,p06,hidden_jd,none,embedding,0.4983181059360504,0.7929843068122864,0.29466620087623596,79,1,78,True,True,True,True,1.0867915000013888
ml_intern,p06,hidden_jd,drop_invisible,keyword,0.0,0.0,0.0,63,63,0,False,True,False,False,0.0
ml_intern,p06,hidden_jd,drop_invisible,tfidf,0.013518695040166914,0.013518695040166914,0.0,113,113,0,False,True,False,False,0.08527275016035042
ml_intern,p06,hidden_jd,drop_invisible,embedding,0.4983181059360504,0.4983181059360504,0.0,79,79,0,False,True,False,False,0.6829490535634143
ml_intern,p07,visible_repeat,none,keyword,0.14285714285714285,0.9285714285714286,0.7857142857142858,19,1,18,True,True,True,True,1.0833333333333335
ml_intern,p07,visible_repeat,none,tfidf,0.01824328394697236,0.21828970945206747,0.2000464255050951,66,1,65,True,True,True,True,1.3769201688014263
ml_intern,p07,visible_repeat,none,embedding,0.4737386107444763,0.6253864765167236,0.15164786577224731,113,5,108,True,True,False,False,0.8570972982130933
ml_intern,p07,hidden_keywords,none,keyword,0.14285714285714285,0.9285714285714286,0.7857142857142858,19,1,18,True,True,True,True,1.0833333333333335
ml_intern,p07,hidden_keywords,none,tfidf,0.01824328394697236,0.21828970945206747,0.2000464255050951,66,1,65,True,True,True,True,1.3769201688014263
ml_intern,p07,hidden_keywords,none,embedding,0.4737386107444763,0.6037800312042236,0.13004142045974731,113,9,104,False,True,False,False,0.8274854876020312
ml_intern,p07,hidden_keywords,drop_invisible,keyword,0.14285714285714285,0.14285714285714285,0.0,19,19,0,False,True,False,False,0.16666666666666666
ml_intern,p07,hidden_keywords,drop_invisible,tfidf,0.01824328394697236,0.01824328394697236,0.0,66,66,0,False,True,False,False,0.11507434626584329
ml_intern,p07,hidden_keywords,drop_invisible,embedding,0.4737386107444763,0.4737386107444763,0.0,113,113,0,False,True,False,False,0.6492626536951618
ml_intern,p07,hidden_jd,none,keyword,0.14285714285714285,1.0,0.8571428571428572,19,1,18,True,True,True,True,1.1666666666666667
ml_intern,p07,hidden_jd,none,tfidf,0.01824328394697236,0.6560063756359654,0.637763091688993,66,1,65,True,True,True,True,4.137933994885944
ml_intern,p07,hidden_jd,none,embedding,0.4737386107444763,0.7742058038711548,0.30046719312667847,113,1,112,True,True,True,True,1.0610554076174017
ml_intern,p07,hidden_jd,drop_invisible,keyword,0.14285714285714285,0.14285714285714285,0.0,19,19,0,False,True,False,False,0.16666666666666666
ml_intern,p07,hidden_jd,drop_invisible,tfidf,0.01824328394697236,0.01824328394697236,0.0,66,66,0,False,True,False,False,0.11507434626584329
ml_intern,p07,hidden_jd,drop_invisible,embedding,0.4737386107444763,0.4737386107444763,0.0,113,113,0,False,True,False,False,0.6492626536951618
ml_intern,p08,visible_repeat,none,keyword,0.0,0.9285714285714286,0.9285714285714286,63,1,62,True,True,True,True,1.0833333333333335
ml_intern,p08,visible_repeat,none,tfidf,0.008570268540326893,0.21226493822859424,0.20369466968826735,167,1,166,True,True,True,True,1.33891732830639
ml_intern,p08,visible_repeat,none,embedding,0.4008999764919281,0.5662371516227722,0.16533717513084412,170,20,150,False,True,False,False,0.7760326630452452
ml_intern,p08,hidden_keywords,none,keyword,0.0,0.9285714285714286,0.9285714285714286,63,1,62,True,True,True,True,1.0833333333333335
ml_intern,p08,hidden_keywords,none,tfidf,0.008570268540326893,0.21226493822859424,0.20369466968826735,167,1,166,True,True,True,True,1.33891732830639
ml_intern,p08,hidden_keywords,none,embedding,0.4008999764919281,0.5441918969154358,0.1432919204235077,170,42,128,False,True,False,False,0.7458194605575316
ml_intern,p08,hidden_keywords,drop_invisible,keyword,0.0,0.0,0.0,63,63,0,False,True,False,False,0.0
ml_intern,p08,hidden_keywords,drop_invisible,tfidf,0.008570268540326893,0.008570268540326893,0.0,167,167,0,False,True,False,False,0.05405923914068728
ml_intern,p08,hidden_keywords,drop_invisible,embedding,0.4008999764919281,0.4008999764919281,0.0,170,170,0,False,True,False,False,0.5494367077119482
ml_intern,p08,hidden_jd,none,keyword,0.0,1.0,1.0,63,1,62,True,True,True,True,1.1666666666666667
ml_intern,p08,hidden_jd,none,tfidf,0.008570268540326893,0.6535771720532375,0.6450069035129106,167,1,166,True,True,True,True,4.1226111497752935
ml_intern,p08,hidden_jd,none,embedding,0.4008999764919281,0.7318096160888672,0.3309096395969391,170,1,169,True,True,True,True,1.0029510843433727
ml_intern,p08,hidden_jd,drop_invisible,keyword,0.0,0.0,0.0,63,63,0,False,True,False,False,0.0
ml_intern,p08,hidden_jd,drop_invisible,tfidf,0.008570268540326893,0.008570268540326893,0.0,167,167,0,False,True,False,False,0.05405923914068728
ml_intern,p08,hidden_jd,drop_invisible,embedding,0.4008999764919281,0.4008999764919281,0.0,170,170,0,False,True,False,False,0.5494367077119482
ml_intern,p09,visible_repeat,none,keyword,0.14285714285714285,0.9285714285714286,0.7857142857142858,19,1,18,True,True,True,True,1.0833333333333335
ml_intern,p09,visible_repeat,none,tfidf,0.02293046552489889,0.2342744883629846,0.2113440228380857,37,1,36,True,True,True,True,1.4777483962589668
ml_intern,p09,visible_repeat,none,embedding,0.49401313066482544,0.6499249339103699,0.15591180324554443,82,3,79,True,True,False,False,0.8907274554425147
ml_intern,p09,hidden_keywords,none,keyword,0.14285714285714285,0.9285714285714286,0.7857142857142858,19,1,18,True,True,True,True,1.0833333333333335
ml_intern,p09,hidden_keywords,none,tfidf,0.02293046552489889,0.2342744883629846,0.2113440228380857,37,1,36,True,True,True,True,1.4777483962589668
ml_intern,p09,hidden_keywords,none,embedding,0.49401313066482544,0.6326078176498413,0.13859468698501587,82,5,77,True,True,False,False,0.8669942054969603
ml_intern,p09,hidden_keywords,drop_invisible,keyword,0.14285714285714285,0.14285714285714285,0.0,19,19,0,False,True,False,False,0.16666666666666666
ml_intern,p09,hidden_keywords,drop_invisible,tfidf,0.02293046552489889,0.02293046552489889,0.0,37,37,0,False,True,False,False,0.14463998573497586
ml_intern,p09,hidden_keywords,drop_invisible,embedding,0.49401313066482544,0.49401313066482544,0.0,82,82,0,False,True,False,False,0.6770490496260212
ml_intern,p09,hidden_jd,none,keyword,0.14285714285714285,1.0,0.8571428571428572,19,1,18,True,True,True,True,1.1666666666666667
ml_intern,p09,hidden_jd,none,tfidf,0.02293046552489889,0.6921325074586765,0.6692020419337776,37,1,36,True,True,True,True,4.365809141416351
ml_intern,p09,hidden_jd,none,embedding,0.49401313066482544,0.8009883165359497,0.30697518587112427,82,1,81,True,True,True,True,1.0977610610114592
ml_intern,p09,hidden_jd,drop_invisible,keyword,0.14285714285714285,0.14285714285714285,0.0,19,19,0,False,True,False,False,0.16666666666666666
ml_intern,p09,hidden_jd,drop_invisible,tfidf,0.02293046552489889,0.02293046552489889,0.0,37,37,0,False,True,False,False,0.14463998573497586
ml_intern,p09,hidden_jd,drop_invisible,embedding,0.49401313066482544,0.49401313066482544,0.0,82,82,0,False,True,False,False,0.6770490496260212
ml_intern,p10,visible_repeat,none,keyword,0.07142857142857142,0.9285714285714286,0.8571428571428572,53,1,52,True,True,True,True,1.0833333333333335
ml_intern,p10,visible_repeat,none,tfidf,0.02026833417647446,0.23657773886722674,0.21630940469075227,54,1,53,True,True,True,True,1.4922767589612382
ml_intern,p10,visible_repeat,none,embedding,0.4325091540813446,0.6081154942512512,0.17560634016990662,145,8,137,False,True,False,False,0.8334272752863555
ml_intern,p10,hidden_keywords,none,keyword,0.07142857142857142,0.9285714285714286,0.8571428571428572,53,1,52,True,True,True,True,1.0833333333333335
ml_intern,p10,hidden_keywords,none,tfidf,0.02026833417647446,0.23657773886722674,0.21630940469075227,54,1,53,True,True,True,True,1.4922767589612382
ml_intern,p10,hidden_keywords,none,embedding,0.4325091540813446,0.5890724658966064,0.15656331181526184,145,15,130,False,True,False,False,0.8073286486523578
ml_intern,p10,hidden_keywords,drop_invisible,keyword,0.07142857142857142,0.07142857142857142,0.0,53,53,0,False,True,False,False,0.08333333333333333
ml_intern,p10,hidden_keywords,drop_invisible,tfidf,0.02026833417647446,0.02026833417647446,0.0,54,54,0,False,True,False,False,0.127847887038042
ml_intern,p10,hidden_keywords,drop_invisible,embedding,0.4325091540813446,0.4325091540813446,0.0,145,145,0,False,True,False,False,0.5927573449945522
ml_intern,p10,hidden_jd,none,keyword,0.07142857142857142,1.0,0.9285714285714286,53,1,52,True,True,True,True,1.1666666666666667
ml_intern,p10,hidden_jd,none,tfidf,0.02026833417647446,0.7037125739346087,0.6834442397581343,54,1,53,True,True,True,True,4.438853478351865
ml_intern,p10,hidden_jd,none,embedding,0.4325091540813446,0.7716352939605713,0.3391261398792267,145,1,144,True,True,True,True,1.0575325026904159
ml_intern,p10,hidden_jd,drop_invisible,keyword,0.07142857142857142,0.07142857142857142,0.0,53,53,0,False,True,False,False,0.08333333333333333
ml_intern,p10,hidden_jd,drop_invisible,tfidf,0.02026833417647446,0.02026833417647446,0.0,54,54,0,False,True,False,False,0.127847887038042
ml_intern,p10,hidden_jd,drop_invisible,embedding,0.4325091540813446,0.4325091540813446,0.0,145,145,0,False,True,False,False,0.5927573449945522
ml_intern,p11,visible_repeat,none,keyword,0.14285714285714285,0.9285714285714286,0.7857142857142858,19,1,18,True,True,True,True,1.0833333333333335
ml_intern,p11,visible_repeat,none,tfidf,0.020882011385307205,0.22175495764427883,0.20087294625897162,49,1,48,True,True,True,True,1.3987781397416745
ml_intern,p11,visible_repeat,none,embedding,0.5182710886001587,0.669831395149231,0.15156030654907227,60,2,58,True,True,False,False,0.9180094239299725
ml_intern,p11,hidden_keywords,none,keyword,0.14285714285714285,0.9285714285714286,0.7857142857142858,19,1,18,True,True,True,True,1.0833333333333335
ml_intern,p11,hidden_keywords,none,tfidf,0.020882011385307205,0.22175495764427883,0.20087294625897162,49,1,48,True,True,True,True,1.3987781397416745
ml_intern,p11,hidden_keywords,none,embedding,0.5182710886001587,0.651029109954834,0.1327580213546753,60,3,57,True,True,False,False,0.8922407377727196
ml_intern,p11,hidden_keywords,drop_invisible,keyword,0.14285714285714285,0.14285714285714285,0.0,19,19,0,False,True,False,False,0.16666666666666666
ml_intern,p11,hidden_keywords,drop_invisible,tfidf,0.020882011385307205,0.020882011385307205,0.0,49,49,0,False,True,False,False,0.1317188186000317
ml_intern,p11,hidden_keywords,drop_invisible,embedding,0.5182710886001587,0.5182710886001587,0.0,60,60,0,False,True,False,False,0.7102947800459449
ml_intern,p11,hidden_jd,none,keyword,0.14285714285714285,1.0,0.8571428571428572,19,1,18,True,True,True,True,1.1666666666666667
ml_intern,p11,hidden_jd,none,tfidf,0.020882011385307205,0.6626606795034912,0.641778668118184,49,1,48,True,True,True,True,4.179907779300831
ml_intern,p11,hidden_jd,none,embedding,0.5182710886001587,0.8055561780929565,0.28728508949279785,60,1,59,True,True,True,True,1.104021352760856
ml_intern,p11,hidden_jd,drop_invisible,keyword,0.14285714285714285,0.14285714285714285,0.0,19,19,0,False,True,False,False,0.16666666666666666
ml_intern,p11,hidden_jd,drop_invisible,tfidf,0.020882011385307205,0.020882011385307205,0.0,49,49,0,False,True,False,False,0.1317188186000317
ml_intern,p11,hidden_jd,drop_invisible,embedding,0.5182710886001587,0.5182710886001587,0.0,60,60,0,False,True,False,False,0.7102947800459449
ml_intern,p12,visible_repeat,none,keyword,0.0,0.9285714285714286,0.9285714285714286,63,1,62,True,True,True,True,1.0833333333333335
ml_intern,p12,visible_repeat,none,tfidf,0.010874352429227418,0.21549884478464967,0.20462449235542227,148,1,147,True,True,True,True,1.3593160505926078
ml_intern,p12,visible_repeat,none,embedding,0.37599220871925354,0.5679881572723389,0.19199594855308533,183,20,163,False,True,False,False,0.77843243065736
ml_intern,p12,hidden_keywords,none,keyword,0.0,0.9285714285714286,0.9285714285714286,63,1,62,True,True,True,True,1.0833333333333335
ml_intern,p12,hidden_keywords,none,tfidf,0.010874352429227418,0.21549884478464967,0.20462449235542227,148,1,147,True,True,True,True,1.3593160505926078
ml_intern,p12,hidden_keywords,none,embedding,0.37599220871925354,0.5484611392021179,0.17246893048286438,183,36,147,False,True,False,False,0.751670492146371
ml_intern,p12,hidden_keywords,drop_invisible,keyword,0.0,0.0,0.0,63,63,0,False,True,False,False,0.0
ml_intern,p12,hidden_keywords,drop_invisible,tfidf,0.010874352429227418,0.010874352429227418,0.0,148,148,0,False,True,False,False,0.06859285863746063
ml_intern,p12,hidden_keywords,drop_invisible,embedding,0.37599220871925354,0.37599220871925354,0.0,183,183,0,False,True,False,False,0.5153004075773743
ml_intern,p12,hidden_jd,none,keyword,0.0,1.0,1.0,63,1,62,True,True,True,True,1.1666666666666667
ml_intern,p12,hidden_jd,none,tfidf,0.010874352429227418,0.6582988391040628,0.6474244866748354,148,1,147,True,True,True,True,4.152394315500173
ml_intern,p12,hidden_jd,none,embedding,0.37599220871925354,0.7305600047111511,0.3545677959918976,183,1,182,True,True,True,True,1.0012384816954514
ml_intern,p12,hidden_jd,drop_invisible,keyword,0.0,0.0,0.0,63,63,0,False,True,False,False,0.0
ml_intern,p12,hidden_jd,drop_invisible,tfidf,0.010874352429227418,0.010874352429227418,0.0,148,148,0,False,True,False,False,0.06859285863746063
ml_intern,p12,hidden_jd,drop_invisible,embedding,0.37599220871925354,0.37599220871925354,0.0,183,183,0,False,True,False,False,0.5153004075773743
ml_intern,p13,visible_repeat,none,keyword,0.14285714285714285,0.9285714285714286,0.7857142857142858,19,1,18,True,True,True,True,1.0833333333333335
ml_intern,p13,visible_repeat,none,tfidf,0.01672787213117519,0.22819058103044934,0.21146270889927415,72,1,71,True,True,True,True,1.4393725390904633
ml_intern,p13,visible_repeat,none,embedding,0.5856231451034546,0.713049054145813,0.1274259090423584,16,2,14,True,True,False,False,0.9772395802444811
ml_intern,p13,hidden_keywords,none,keyword,0.14285714285714285,0.9285714285714286,0.7857142857142858,19,1,18,True,True,True,True,1.0833333333333335
ml_intern,p13,hidden_keywords,none,tfidf,0.01672787213117519,0.22819058103044934,0.21146270889927415,72,1,71,True,True,True,True,1.4393725390904633
ml_intern,p13,hidden_keywords,none,embedding,0.5856231451034546,0.7006595134735107,0.11503636837005615,16,2,14,True,True,False,False,0.9602596130800528
ml_intern,p13,hidden_keywords,drop_invisible,keyword,0.14285714285714285,0.14285714285714285,0.0,19,19,0,False,True,False,False,0.16666666666666666
ml_intern,p13,hidden_keywords,drop_invisible,tfidf,0.01672787213117519,0.01672787213117519,0.0,72,72,0,False,True,False,False,0.1055154847947793
ml_intern,p13,hidden_keywords,drop_invisible,embedding,0.5856231451034546,0.5856231451034546,0.0,16,16,0,False,True,False,False,0.802601326198973
ml_intern,p13,hidden_jd,none,keyword,0.14285714285714285,1.0,0.8571428571428572,19,1,18,True,True,True,True,1.1666666666666667
ml_intern,p13,hidden_jd,none,tfidf,0.01672787213117519,0.686415991055303,0.6696881189241278,72,1,71,True,True,True,True,4.329750699857898
ml_intern,p13,hidden_jd,none,embedding,0.5856231451034546,0.8390689492225647,0.2534458041191101,16,1,15,True,True,True,True,1.1499508806118677
ml_intern,p13,hidden_jd,drop_invisible,keyword,0.14285714285714285,0.14285714285714285,0.0,19,19,0,False,True,False,False,0.16666666666666666
ml_intern,p13,hidden_jd,drop_invisible,tfidf,0.01672787213117519,0.01672787213117519,0.0,72,72,0,False,True,False,False,0.1055154847947793
ml_intern,p13,hidden_jd,drop_invisible,embedding,0.5856231451034546,0.5856231451034546,0.0,16,16,0,False,True,False,False,0.802601326198973
ml_intern,p14,visible_repeat,none,keyword,0.0,0.9285714285714286,0.9285714285714286,63,1,62,True,True,True,True,1.0833333333333335
ml_intern,p14,visible_repeat,none,tfidf,0.0149088927280022,0.22322835185247336,0.20831945912447117,99,1,98,True,True,True,True,1.408071964022034
ml_intern,p14,visible_repeat,none,embedding,0.41457051038742065,0.6061259508132935,0.1915554404258728,161,9,152,False,True,False,False,0.8307005896777235
ml_intern,p14,hidden_keywords,none,keyword,0.0,0.9285714285714286,0.9285714285714286,63,1,62,True,True,True,True,1.0833333333333335
ml_intern,p14,hidden_keywords,none,tfidf,0.0149088927280022,0.22322835185247336,0.20831945912447117,99,1,98,True,True,True,True,1.408071964022034
ml_intern,p14,hidden_keywords,none,embedding,0.41457051038742065,0.587256908416748,0.1726863980293274,161,16,145,False,True,False,False,0.8048404122270925
ml_intern,p14,hidden_keywords,drop_invisible,keyword,0.0,0.0,0.0,63,63,0,False,True,False,False,0.0
ml_intern,p14,hidden_keywords,drop_invisible,tfidf,0.0149088927280022,0.0149088927280022,0.0,99,99,0,False,True,False,False,0.09404179034921849
ml_intern,p14,hidden_keywords,drop_invisible,embedding,0.41457051038742065,0.41457051038742065,0.0,161,161,0,False,True,False,False,0.5681722866010511
ml_intern,p14,hidden_jd,none,keyword,0.0,1.0,1.0,63,1,62,True,True,True,True,1.1666666666666667
ml_intern,p14,hidden_jd,none,tfidf,0.0149088927280022,0.6722187407885121,0.6573098480605098,99,1,98,True,True,True,True,4.240197782851709
ml_intern,p14,hidden_jd,none,embedding,0.41457051038742065,0.759781002998352,0.3452104926109314,161,1,160,True,True,True,True,1.0412860996461084
ml_intern,p14,hidden_jd,drop_invisible,keyword,0.0,0.0,0.0,63,63,0,False,True,False,False,0.0
ml_intern,p14,hidden_jd,drop_invisible,tfidf,0.0149088927280022,0.0149088927280022,0.0,99,99,0,False,True,False,False,0.09404179034921849
ml_intern,p14,hidden_jd,drop_invisible,embedding,0.41457051038742065,0.41457051038742065,0.0,161,161,0,False,True,False,False,0.5681722866010511
ml_intern,p15,visible_repeat,none,keyword,0.14285714285714285,0.9285714285714286,0.7857142857142858,19,1,18,True,True,True,True,1.0833333333333335
ml_intern,p15,visible_repeat,none,tfidf,0.015194820716066553,0.23373080127683538,0.2185359805607688,90,1,89,True,True,True,True,1.4743189459366643
ml_intern,p15,visible_repeat,none,embedding,0.440479040145874,0.6239866614341736,0.18350762128829956,139,5,134,True,True,False,False,0.8551788401550712
ml_intern,p15,hidden_keywords,none,keyword,0.14285714285714285,0.9285714285714286,0.7857142857142858,19,1,18,True,True,True,True,1.0833333333333335
ml_intern,p15,hidden_keywords,none,tfidf,0.015194820716066553,0.23373080127683538,0.2185359805607688,90,1,89,True,True,True,True,1.4743189459366643
ml_intern,p15,hidden_keywords,none,embedding,0.440479040145874,0.605506420135498,0.16502737998962402,139,9,130,False,True,False,False,0.8298515177997128
ml_intern,p15,hidden_keywords,drop_invisible,keyword,0.14285714285714285,0.14285714285714285,0.0,19,19,0,False,True,False,False,0.16666666666666666
ml_intern,p15,hidden_keywords,drop_invisible,tfidf,0.015194820716066553,0.015194820716066553,0.0,90,90,0,False,True,False,False,0.09584535687820812
ml_intern,p15,hidden_keywords,drop_invisible,embedding,0.440479040145874,0.440479040145874,0.0,139,139,0,False,True,False,False,0.6036801392497485
ml_intern,p15,hidden_jd,none,keyword,0.14285714285714285,1.0,0.8571428571428572,19,1,18,True,True,True,True,1.1666666666666667
ml_intern,p15,hidden_jd,none,tfidf,0.015194820716066553,0.7022263989227265,0.6870315782066599,90,1,89,True,True,True,True,4.429479035766524
ml_intern,p15,hidden_jd,none,embedding,0.440479040145874,0.7807867527008057,0.34030771255493164,139,1,138,True,True,True,True,1.0700746519940771
ml_intern,p15,hidden_jd,drop_invisible,keyword,0.14285714285714285,0.14285714285714285,0.0,19,19,0,False,True,False,False,0.16666666666666666
ml_intern,p15,hidden_jd,drop_invisible,tfidf,0.015194820716066553,0.015194820716066553,0.0,90,90,0,False,True,False,False,0.09584535687820812
ml_intern,p15,hidden_jd,drop_invisible,embedding,0.440479040145874,0.440479040145874,0.0,139,139,0,False,True,False,False,0.6036801392497485
ml_intern,p16,visible_repeat,none,keyword,0.35714285714285715,0.9285714285714286,0.5714285714285714,9,1,8,True,True,True,True,1.0833333333333335
ml_intern,p16,visible_repeat,none,tfidf,0.0515061688924517,0.2558615374723546,0.20435536857990294,5,1,4,False,False,True,True,1.6139144270728256
ml_intern,p16,visible_repeat,none,embedding,0.6631625294685364,0.7748063206672668,0.11164379119873047,2,1,1,False,False,True,True,1.0618784208145307
ml_intern,p16,hidden_keywords,none,keyword,0.35714285714285715,0.9285714285714286,0.5714285714285714,9,1,8,True,True,True,True,1.0833333333333335
ml_intern,p16,hidden_keywords,none,tfidf,0.0515061688924517,0.2558615374723546,0.20435536857990294,5,1,4,False,False,True,True,1.6139144270728256
ml_intern,p16,hidden_keywords,none,embedding,0.6631625294685364,0.759696900844574,0.0965343713760376,2,1,1,False,False,True,True,1.041170836954183
ml_intern,p16,hidden_keywords,drop_invisible,keyword,0.35714285714285715,0.35714285714285715,0.0,9,9,0,False,True,False,False,0.4166666666666667
ml_intern,p16,hidden_keywords,drop_invisible,tfidf,0.0515061688924517,0.0515061688924517,0.0,5,5,0,False,False,False,False,0.3248888046244897
ml_intern,p16,hidden_keywords,drop_invisible,embedding,0.6631625294685364,0.6631625294685364,0.0,2,2,0,False,False,False,False,0.9088696887874642
ml_intern,p16,hidden_jd,none,keyword,0.35714285714285715,1.0,0.6428571428571428,9,1,8,True,True,True,True,1.1666666666666667
ml_intern,p16,hidden_jd,none,tfidf,0.0515061688924517,0.716906104702217,0.6653999358097653,5,1,4,False,False,True,True,4.522075168724819
ml_intern,p16,hidden_jd,none,embedding,0.6631625294685364,0.8623809218406677,0.19921839237213135,2,1,1,False,False,True,True,1.1819001303914307
ml_intern,p16,hidden_jd,drop_invisible,keyword,0.35714285714285715,0.35714285714285715,0.0,9,9,0,False,True,False,False,0.4166666666666667
ml_intern,p16,hidden_jd,drop_invisible,tfidf,0.0515061688924517,0.0515061688924517,0.0,5,5,0,False,False,False,False,0.3248888046244897
ml_intern,p16,hidden_jd,drop_invisible,embedding,0.6631625294685364,0.6631625294685364,0.0,2,2,0,False,False,False,False,0.9088696887874642
process_engineer,p01,visible_repeat,none,keyword,0.1,0.9,0.8,18,1,17,True,True,True,True,1.3333333333333333
process_engineer,p01,visible_repeat,none,tfidf,0.01903915709454358,0.2965223258078122,0.2774831687132686,68,1,67,True,True,True,True,1.3776452112530508
process_engineer,p01,visible_repeat,none,embedding,0.48392874002456665,0.6662535071372986,0.18232476711273193,107,5,102,True,True,False,False,0.8649825608713497
process_engineer,p01,hidden_keywords,none,keyword,0.1,0.9,0.8,18,1,17,True,True,True,True,1.3333333333333333
process_engineer,p01,hidden_keywords,none,tfidf,0.01903915709454358,0.2965223258078122,0.2774831687132686,68,1,67,True,True,True,True,1.3776452112530508
process_engineer,p01,hidden_keywords,none,embedding,0.48392874002456665,0.6444662809371948,0.16053754091262817,107,8,99,False,True,False,False,0.8366966749270893
process_engineer,p01,hidden_keywords,drop_invisible,keyword,0.1,0.1,0.0,18,18,0,False,True,False,False,0.14814814814814814
process_engineer,p01,hidden_keywords,drop_invisible,tfidf,0.01903915709454358,0.01903915709454358,0.0,68,68,0,False,True,False,False,0.08845608345387353
process_engineer,p01,hidden_keywords,drop_invisible,embedding,0.48392874002456665,0.48392874002456665,0.0,107,107,0,False,True,False,False,0.6282742474771456
process_engineer,p01,hidden_jd,none,keyword,0.1,1.0,0.9,18,1,17,True,True,True,True,1.4814814814814814
process_engineer,p01,hidden_jd,none,tfidf,0.01903915709454358,0.584907061356354,0.5658679042618103,68,1,67,True,True,True,True,2.7174831099495105
process_engineer,p01,hidden_jd,none,embedding,0.48392874002456665,0.7632769346237183,0.2793481945991516,107,2,105,True,True,False,False,0.9909459845121718
process_engineer,p01,hidden_jd,drop_invisible,keyword,0.1,0.1,0.0,18,18,0,False,True,False,False,0.14814814814814814
process_engineer,p01,hidden_jd,drop_invisible,tfidf,0.01903915709454358,0.01903915709454358,0.0,68,68,0,False,True,False,False,0.08845608345387353
process_engineer,p01,hidden_jd,drop_invisible,embedding,0.48392874002456665,0.48392874002456665,0.0,107,107,0,False,True,False,False,0.6282742474771456
process_engineer,p02,visible_repeat,none,keyword,0.1,0.9,0.8,18,1,17,True,True,True,True,1.3333333333333333
process_engineer,p02,visible_repeat,none,tfidf,0.023089667560140945,0.3248683123687852,0.30177864480864425,39,1,38,True,True,True,True,1.5093409024209332
process_engineer,p02,visible_repeat,none,embedding,0.4529406726360321,0.6635305285453796,0.21058985590934753,137,5,132,True,True,False,False,0.8614473764852201
process_engineer,p02,hidden_keywords,none,keyword,0.1,0.9,0.8,18,1,17,True,True,True,True,1.3333333333333333
process_engineer,p02,hidden_keywords,none,tfidf,0.023089667560140945,0.3248683123687852,0.30177864480864425,39,1,38,True,True,True,True,1.5093409024209332
process_engineer,p02,hidden_keywords,none,embedding,0.4529406726360321,0.6384223103523254,0.18548163771629333,137,10,127,False,True,False,False,0.8288499182521498
process_engineer,p02,hidden_keywords,drop_invisible,keyword,0.1,0.1,0.0,18,18,0,False,True,False,False,0.14814814814814814
process_engineer,p02,hidden_keywords,drop_invisible,tfidf,0.023089667560140945,0.023089667560140945,0.0,39,39,0,False,True,False,False,0.10727478902978117
process_engineer,p02,hidden_keywords,drop_invisible,embedding,0.4529406726360321,0.4529406726360321,0.0,137,137,0,False,True,False,False,0.5880431078297788
process_engineer,p02,hidden_jd,none,keyword,0.1,1.0,0.9,18,1,17,True,True,True,True,1.4814814814814814
process_engineer,p02,hidden_jd,none,tfidf,0.023089667560140945,0.6523583263278457,0.6292686587677048,39,1,38,True,True,True,True,3.030862252406271
process_engineer,p02,hidden_jd,none,embedding,0.4529406726360321,0.7617896199226379,0.30884894728660583,137,2,135,True,True,False,False,0.9890150359090045
process_engineer,p02,hidden_jd,drop_invisible,keyword,0.1,0.1,0.0,18,18,0,False,True,False,False,0.14814814814814814
process_engineer,p02,hidden_jd,drop_invisible,tfidf,0.023089667560140945,0.023089667560140945,0.0,39,39,0,False,True,False,False,0.10727478902978117
process_engineer,p02,hidden_jd,drop_invisible,embedding,0.4529406726360321,0.4529406726360321,0.0,137,137,0,False,True,False,False,0.5880431078297788
process_engineer,p03,visible_repeat,none,keyword,0.1,0.9,0.8,18,1,17,True,True,True,True,1.3333333333333333
process_engineer,p03,visible_repeat,none,tfidf,0.01546909254225267,0.31676738416051714,0.3012982916182645,104,1,103,True,True,True,True,1.4717039220606125
process_engineer,p03,visible_repeat,none,embedding,0.44286635518074036,0.6642745733261108,0.22140821814537048,151,5,146,True,True,False,False,0.862413353779066
process_engineer,p03,hidden_keywords,none,keyword,0.1,0.9,0.8,18,1,17,True,True,True,True,1.3333333333333333
process_engineer,p03,hidden_keywords,none,tfidf,0.01546909254225267,0.31676738416051714,0.3012982916182645,104,1,103,True,True,True,True,1.4717039220606125
process_engineer,p03,hidden_keywords,none,embedding,0.44286635518074036,0.6397311091423035,0.1968647539615631,151,10,141,False,True,False,False,0.8305491034975451
process_engineer,p03,hidden_keywords,drop_invisible,keyword,0.1,0.1,0.0,18,18,0,False,True,False,False,0.14814814814814814
process_engineer,p03,hidden_keywords,drop_invisible,tfidf,0.01546909254225267,0.01546909254225267,0.0,104,104,0,False,True,False,False,0.07186953361844707
process_engineer,p03,hidden_keywords,drop_invisible,embedding,0.44286635518074036,0.44286635518074036,0.0,151,151,0,False,True,False,False,0.5749638387255136
process_engineer,p03,hidden_jd,none,keyword,0.1,1.0,0.9,18,1,17,True,True,True,True,1.4814814814814814
process_engineer,p03,hidden_jd,none,tfidf,0.01546909254225267,0.6382093796730994,0.6227402871308467,104,1,103,True,True,True,True,2.9651261276470855
process_engineer,p03,hidden_jd,none,embedding,0.44286635518074036,0.765774130821228,0.32290777564048767,151,2,149,True,True,False,False,0.9941880404845317
process_engineer,p03,hidden_jd,drop_invisible,keyword,0.1,0.1,0.0,18,18,0,False,True,False,False,0.14814814814814814
process_engineer,p03,hidden_jd,drop_invisible,tfidf,0.01546909254225267,0.01546909254225267,0.0,104,104,0,False,True,False,False,0.07186953361844707
process_engineer,p03,hidden_jd,drop_invisible,embedding,0.44286635518074036,0.44286635518074036,0.0,151,151,0,False,True,False,False,0.5749638387255136
process_engineer,p04,visible_repeat,none,keyword,0.1,0.9,0.8,18,1,17,True,True,True,True,1.3333333333333333
process_engineer,p04,visible_repeat,none,tfidf,0.017252590780469975,0.3254926724064618,0.3082400816259918,82,1,81,True,True,True,True,1.5122416843895747
process_engineer,p04,visible_repeat,none,embedding,0.41564619541168213,0.6682313084602356,0.25258511304855347,168,5,163,True,True,False,False,0.8675502976785592
process_engineer,p04,hidden_keywords,none,keyword,0.1,0.9,0.8,18,1,17,True,True,True,True,1.3333333333333333
process_engineer,p04,hidden_keywords,none,tfidf,0.017252590780469975,0.3254926724064618,0.3082400816259918,82,1,81,True,True,True,True,1.5122416843895747
process_engineer,p04,hidden_keywords,none,embedding,0.41564619541168213,0.6381422281265259,0.22249603271484375,168,10,158,False,True,False,False,0.8284862935382364
process_engineer,p04,hidden_keywords,drop_invisible,keyword,0.1,0.1,0.0,18,18,0,False,True,False,False,0.14814814814814814
process_engineer,p04,hidden_keywords,drop_invisible,tfidf,0.017252590780469975,0.017252590780469975,0.0,82,82,0,False,True,False,False,0.08015568138308729
process_engineer,p04,hidden_keywords,drop_invisible,embedding,0.41564619541168213,0.41564619541168213,0.0,168,168,0,False,True,False,False,0.5396244922873488
process_engineer,p04,hidden_jd,none,keyword,0.1,1.0,0.9,18,1,17,True,True,True,True,1.4814814814814814
process_engineer,p04,hidden_jd,none,tfidf,0.017252590780469975,0.6625150086157944,0.6452624178353245,82,1,81,True,True,True,True,3.0780502834528103
process_engineer,p04,hidden_jd,none,embedding,0.41564619541168213,0.7714474201202393,0.35580122470855713,168,1,167,True,True,True,True,1.00155354963961
process_engineer,p04,hidden_jd,drop_invisible,keyword,0.1,0.1,0.0,18,18,0,False,True,False,False,0.14814814814814814
process_engineer,p04,hidden_jd,drop_invisible,tfidf,0.017252590780469975,0.017252590780469975,0.0,82,82,0,False,True,False,False,0.08015568138308729
process_engineer,p04,hidden_jd,drop_invisible,embedding,0.41564619541168213,0.41564619541168213,0.0,168,168,0,False,True,False,False,0.5396244922873488
process_engineer,p05,visible_repeat,none,keyword,0.1,0.9,0.8,18,1,17,True,True,True,True,1.3333333333333333
process_engineer,p05,visible_repeat,none,tfidf,0.019311854302189894,0.3306918816260653,0.3113800273238754,65,1,64,True,True,True,True,1.5363972540053743
process_engineer,p05,visible_repeat,none,embedding,0.41695958375930786,0.6336160898208618,0.21665650606155396,166,10,156,False,True,False,False,0.8226101057800466
process_engineer,p05,hidden_keywords,none,keyword,0.1,0.9,0.8,18,1,17,True,True,True,True,1.3333333333333333
process_engineer,p05,hidden_keywords,none,tfidf,0.019311854302189894,0.3306918816260653,0.3113800273238754,65,1,64,True,True,True,True,1.5363972540053743
process_engineer,p05,hidden_keywords,none,embedding,0.41695958375930786,0.6047117114067078,0.1877521276473999,166,14,152,False,True,False,False,0.7850841745943407
process_engineer,p05,hidden_keywords,drop_invisible,keyword,0.1,0.1,0.0,18,18,0,False,True,False,False,0.14814814814814814
process_engineer,p05,hidden_keywords,drop_invisible,tfidf,0.019311854302189894,0.019311854302189894,0.0,65,65,0,False,True,False,False,0.0897230369664381
process_engineer,p05,hidden_keywords,drop_invisible,embedding,0.41695958375930786,0.41695958375930786,0.0,166,166,0,False,True,False,False,0.5413296360564663
process_engineer,p05,hidden_jd,none,keyword,0.1,1.0,0.9,18,1,17,True,True,True,True,1.4814814814814814
process_engineer,p05,hidden_jd,none,tfidf,0.019311854302189894,0.6717989347159237,0.6524870804137338,65,1,64,True,True,True,True,3.121183481935005
process_engineer,p05,hidden_jd,none,embedding,0.41695958375930786,0.7464554309844971,0.3294958472251892,166,2,164,True,True,False,False,0.9691069890852226
process_engineer,p05,hidden_jd,drop_invisible,keyword,0.1,0.1,0.0,18,18,0,False,True,False,False,0.14814814814814814
process_engineer,p05,hidden_jd,drop_invisible,tfidf,0.019311854302189894,0.019311854302189894,0.0,65,65,0,False,True,False,False,0.0897230369664381
process_engineer,p05,hidden_jd,drop_invisible,embedding,0.41695958375930786,0.41695958375930786,0.0,166,166,0,False,True,False,False,0.5413296360564663
process_engineer,p06,visible_repeat,none,keyword,0.0,0.9,0.9,69,1,68,True,True,True,True,1.3333333333333333
process_engineer,p06,visible_repeat,none,tfidf,0.015302538843791114,0.3237252365762667,0.30842269773247555,108,1,107,True,True,True,True,1.504030162707246
process_engineer,p06,visible_repeat,none,embedding,0.35837334394454956,0.6227713227272034,0.2643979787826538,195,12,183,False,True,False,False,0.8085305785246757
process_engineer,p06,hidden_keywords,none,keyword,0.0,0.9,0.9,69,1,68,True,True,True,True,1.3333333333333333
process_engineer,p06,hidden_keywords,none,tfidf,0.015302538843791114,0.3237252365762667,0.30842269773247555,108,1,107,True,True,True,True,1.504030162707246
process_engineer,p06,hidden_keywords,none,embedding,0.35837334394454956,0.5886460542678833,0.23027271032333374,195,22,173,False,True,False,False,0.7642264783793806
process_engineer,p06,hidden_keywords,drop_invisible,keyword,0.0,0.0,0.0,69,69,0,False,True,False,False,0.0
process_engineer,p06,hidden_keywords,drop_invisible,tfidf,0.015302538843791114,0.015302538843791114,0.0,108,108,0,False,True,False,False,0.07109572373928552
process_engineer,p06,hidden_keywords,drop_invisible,embedding,0.35837334394454956,0.35837334394454956,0.0,195,195,0,False,True,False,False,0.46526838428980277
process_engineer,p06,hidden_jd,none,keyword,0.0,1.0,1.0,69,1,68,True,True,True,True,1.4814814814814814
process_engineer,p06,hidden_jd,none,tfidf,0.015302538843791114,0.654135214019088,0.638832675175297,108,1,107,True,True,True,True,3.0391176875142536
process_engineer,p06,hidden_jd,none,embedding,0.35837334394454956,0.7208594679832458,0.3624861240386963,195,3,192,True,True,False,False,0.9358763022856588
process_engineer,p06,hidden_jd,drop_invisible,keyword,0.0,0.0,0.0,69,69,0,False,True,False,False,0.0
process_engineer,p06,hidden_jd,drop_invisible,tfidf,0.015302538843791114,0.015302538843791114,0.0,108,108,0,False,True,False,False,0.07109572373928552
process_engineer,p06,hidden_jd,drop_invisible,embedding,0.35837334394454956,0.35837334394454956,0.0,195,195,0,False,True,False,False,0.46526838428980277
process_engineer,p07,visible_repeat,none,keyword,0.675,0.925,0.25,1,1,0,False,False,False,True,2.466666666666667
process_engineer,p07,visible_repeat,none,tfidf,0.21523852686143144,0.40265549059325056,0.18741696373181913,1,1,0,False,False,False,True,3.3627191225482442
process_engineer,p07,visible_repeat,none,embedding,0.7702507972717285,0.8080792427062988,0.03782844543457031,1,1,0,False,False,False,True,1.1164999930822612
process_engineer,p07,hidden_keywords,none,keyword,0.675,0.925,0.25,1,1,0,False,False,False,True,2.466666666666667
process_engineer,p07,hidden_keywords,none,tfidf,0.21523852686143144,0.4022528969189021,0.18701437005747065,1,1,0,False,False,False,True,3.359356919675128
process_engineer,p07,hidden_keywords,none,embedding,0.7702507972717285,0.7976475954055786,0.027396798133850098,1,1,0,False,False,False,True,1.1020868841647686
process_engineer,p07,hidden_keywords,drop_invisible,keyword,0.675,0.675,0.0,1,1,0,False,False,False,True,1.8
process_engineer,p07,hidden_keywords,drop_invisible,tfidf,0.21523852686143144,0.21523852686143144,0.0,1,1,0,False,False,False,True,1.7975334425954597
process_engineer,p07,hidden_keywords,drop_invisible,embedding,0.7702507972717285,0.7702507972717285,0.0,1,1,0,False,False,False,True,1.064233511240008
process_engineer,p07,hidden_jd,none,keyword,0.675,1.0,0.32499999999999996,1,1,0,False,False,False,True,2.6666666666666665
process_engineer,p07,hidden_jd,none,tfidf,0.21523852686143144,0.7064177536520873,0.49117922679065584,1,1,0,False,False,False,True,5.899545751166934
process_engineer,p07,hidden_jd,none,embedding,0.7702507972717285,0.8820616006851196,0.11181080341339111,1,1,0,False,False,False,True,1.218719302533803
process_engineer,p07,hidden_jd,drop_invisible,keyword,0.675,0.675,0.0,1,1,0,False,False,False,True,1.8
process_engineer,p07,hidden_jd,drop_invisible,tfidf,0.21523852686143144,0.21523852686143144,0.0,1,1,0,False,False,False,True,1.7975334425954597
process_engineer,p07,hidden_jd,drop_invisible,embedding,0.7702507972717285,0.7702507972717285,0.0,1,1,0,False,False,False,True,1.064233511240008
process_engineer,p08,visible_repeat,none,keyword,0.3,0.9,0.6000000000000001,4,1,3,False,False,True,True,1.3333333333333333
process_engineer,p08,visible_repeat,none,tfidf,0.10136642549406126,0.34387702640043155,0.24251060090637028,4,1,3,False,False,True,True,1.5976555471494023
process_engineer,p08,visible_repeat,none,embedding,0.6821244955062866,0.7581055760383606,0.07598108053207397,4,2,2,False,False,False,False,0.984232121178729
process_engineer,p08,hidden_keywords,none,keyword,0.3,0.9,0.6000000000000001,4,1,3,False,False,True,True,1.3333333333333333
process_engineer,p08,hidden_keywords,none,tfidf,0.10136642549406126,0.34387702640043155,0.24251060090637028,4,1,3,False,False,True,True,1.5976555471494023
process_engineer,p08,hidden_keywords,none,embedding,0.6821244955062866,0.7396950721740723,0.057570576667785645,4,2,2,False,False,False,False,0.9603301610256213
process_engineer,p08,hidden_keywords,drop_invisible,keyword,0.3,0.3,0.0,4,4,0,False,False,False,False,0.4444444444444444
process_engineer,p08,hidden_keywords,drop_invisible,tfidf,0.10136642549406126,0.10136642549406126,0.0,4,4,0,False,False,False,False,0.47094926253291086
process_engineer,p08,hidden_keywords,drop_invisible,embedding,0.6821244955062866,0.6821244955062866,0.0,4,4,0,False,False,False,False,0.885587522820372
process_engineer,p08,hidden_jd,none,keyword,0.3,1.0,0.7,4,1,3,False,False,True,True,1.4814814814814814
process_engineer,p08,hidden_jd,none,tfidf,0.10136642549406126,0.6552296921499727,0.5538632666559115,4,1,3,False,False,True,True,3.044202642084628
process_engineer,p08,hidden_jd,none,embedding,0.6821244955062866,0.8358786702156067,0.15375417470932007,4,1,3,False,False,True,True,1.0852032522086776
process_engineer,p08,hidden_jd,drop_invisible,keyword,0.3,0.3,0.0,4,4,0,False,False,False,False,0.4444444444444444
process_engineer,p08,hidden_jd,drop_invisible,tfidf,0.10136642549406126,0.10136642549406126,0.0,4,4,0,False,False,False,False,0.47094926253291086
process_engineer,p08,hidden_jd,drop_invisible,embedding,0.6821244955062866,0.6821244955062866,0.0,4,4,0,False,False,False,False,0.885587522820372
process_engineer,p09,visible_repeat,none,keyword,0.35,0.9,0.55,3,1,2,False,False,True,True,1.3333333333333333
process_engineer,p09,visible_repeat,none,tfidf,0.11974104167466748,0.3605141613387562,0.2407731196640887,2,1,1,False,False,True,True,1.6749518155309242
process_engineer,p09,visible_repeat,none,embedding,0.657326877117157,0.753950297832489,0.09662342071533203,6,2,4,True,True,False,False,0.9788374130906754
process_engineer,p09,hidden_keywords,none,keyword,0.35,0.9,0.55,3,1,2,False,False,True,True,1.3333333333333333
process_engineer,p09,hidden_keywords,none,tfidf,0.11974104167466748,0.3605141613387562,0.2407731196640887,2,1,1,False,False,True,True,1.6749518155309242
process_engineer,p09,hidden_keywords,none,embedding,0.657326877117157,0.7376022338867188,0.08027535676956177,6,2,4,True,True,False,False,0.9576130742082283
process_engineer,p09,hidden_keywords,drop_invisible,keyword,0.35,0.35,0.0,3,3,0,False,False,False,False,0.5185185185185185
process_engineer,p09,hidden_keywords,drop_invisible,tfidf,0.11974104167466748,0.11974104167466748,0.0,2,2,0,False,False,False,False,0.5563178833302258
process_engineer,p09,hidden_keywords,drop_invisible,embedding,0.657326877117157,0.657326877117157,0.0,6,6,0,False,True,False,False,0.8533933096147976
process_engineer,p09,hidden_jd,none,keyword,0.35,1.0,0.65,3,1,2,False,False,True,True,1.4814814814814814
process_engineer,p09,hidden_jd,none,tfidf,0.11974104167466748,0.6932583617625437,0.5735173200878763,2,1,1,False,False,True,True,3.2208841598737434
process_engineer,p09,hidden_jd,none,embedding,0.657326877117157,0.8493227362632751,0.19199585914611816,6,1,5,True,True,True,True,1.1026573932433745
process_engineer,p09,hidden_jd,drop_invisible,keyword,0.35,0.35,0.0,3,3,0,False,False,False,False,0.5185185185185185
process_engineer,p09,hidden_jd,drop_invisible,tfidf,0.11974104167466748,0.11974104167466748,0.0,2,2,0,False,False,False,False,0.5563178833302258
process_engineer,p09,hidden_jd,drop_invisible,embedding,0.657326877117157,0.657326877117157,0.0,6,6,0,False,True,False,False,0.8533933096147976
process_engineer,p10,visible_repeat,none,keyword,0.1,0.9,0.8,18,1,17,True,True,True,True,1.3333333333333333
process_engineer,p10,visible_repeat,none,tfidf,0.04289545803850602,0.33805947541686376,0.29516401737835773,13,1,12,True,True,True,True,1.5706271565150756
process_engineer,p10,visible_repeat,none,embedding,0.5575215220451355,0.701770007610321,0.14424848556518555,42,3,39,True,True,False,False,0.9110928675387675
process_engineer,p10,hidden_keywords,none,keyword,0.1,0.9,0.8,18,1,17,True,True,True,True,1.3333333333333333
process_engineer,p10,hidden_keywords,none,tfidf,0.04289545803850602,0.33805947541686376,0.29516401737835773,13,1,12,True,True,True,True,1.5706271565150756
process_engineer,p10,hidden_keywords,none,embedding,0.5575215220451355,0.6754348278045654,0.11791330575942993,42,5,37,True,True,False,False,0.8769024715027799
process_engineer,p10,hidden_keywords,drop_invisible,keyword,0.1,0.1,0.0,18,18,0,False,True,False,False,0.14814814814814814
process_engineer,p10,hidden_keywords,drop_invisible,tfidf,0.04289545803850602,0.04289545803850602,0.0,13,13,0,False,True,False,False,0.19929265761106849
process_engineer,p10,hidden_keywords,drop_invisible,embedding,0.5575215220451355,0.5575215220451355,0.0,42,42,0,False,True,False,False,0.723818169380555
process_engineer,p10,hidden_jd,none,keyword,0.1,1.0,0.9,18,1,17,True,True,True,True,1.4814814814814814
process_engineer,p10,hidden_jd,none,tfidf,0.04289545803850602,0.6728683603447861,0.6299729023062801,13,1,12,True,True,True,True,3.1261520423709857
process_engineer,p10,hidden_jd,none,embedding,0.5575215220451355,0.8043513894081116,0.24682986736297607,42,1,41,True,True,True,True,1.0442720634073595
process_engineer,p10,hidden_jd,drop_invisible,keyword,0.1,0.1,0.0,18,18,0,False,True,False,False,0.14814814814814814
process_engineer,p10,hidden_jd,drop_invisible,tfidf,0.04289545803850602,0.04289545803850602,0.0,13,13,0,False,True,False,False,0.19929265761106849
process_engineer,p10,hidden_jd,drop_invisible,embedding,0.5575215220451355,0.5575215220451355,0.0,42,42,0,False,True,False,False,0.723818169380555
process_engineer,p11,visible_repeat,none,keyword,0.375,0.925,0.55,2,1,1,False,False,True,True,1.3703703703703702
process_engineer,p11,visible_repeat,none,tfidf,0.1124263436652612,0.3533159618505567,0.24088961818529547,3,1,2,False,False,True,True,1.641508920371018
process_engineer,p11,visible_repeat,none,embedding,0.6482844352722168,0.7572863101959229,0.10900187492370605,7,2,5,True,True,False,False,0.9831684860025766
process_engineer,p11,hidden_keywords,none,keyword,0.375,0.925,0.55,2,1,1,False,False,True,True,1.3703703703703702
process_engineer,p11,hidden_keywords,none,tfidf,0.1124263436652612,0.3533159618505567,0.24088961818529547,3,1,2,False,False,True,True,1.641508920371018
process_engineer,p11,hidden_keywords,none,embedding,0.6482844352722168,0.7405730485916138,0.09228861331939697,7,2,5,True,True,False,False,0.961470018875365
process_engineer,p11,hidden_keywords,drop_invisible,keyword,0.375,0.375,0.0,2,2,0,False,False,False,False,0.5555555555555555
process_engineer,p11,hidden_keywords,drop_invisible,tfidf,0.1124263436652612,0.1124263436652612,0.0,3,3,0,False,False,False,False,0.5223337350642631
process_engineer,p11,hidden_keywords,drop_invisible,embedding,0.6482844352722168,0.6482844352722168,0.0,7,7,0,False,True,False,False,0.8416537023635374
process_engineer,p11,hidden_jd,none,keyword,0.375,1.0,0.625,2,1,1,False,False,True,True,1.4814814814814814
process_engineer,p11,hidden_jd,none,tfidf,0.1124263436652612,0.6644367217130066,0.5520103780477454,3,1,2,False,False,True,True,3.0869785786109043
process_engineer,p11,hidden_jd,none,embedding,0.6482844352722168,0.8437198400497437,0.19543540477752686,7,1,6,True,True,True,True,1.0953832739131808
process_engineer,p11,hidden_jd,drop_invisible,keyword,0.375,0.375,0.0,2,2,0,False,False,False,False,0.5555555555555555
process_engineer,p11,hidden_jd,drop_invisible,tfidf,0.1124263436652612,0.1124263436652612,0.0,3,3,0,False,False,False,False,0.5223337350642631
process_engineer,p11,hidden_jd,drop_invisible,embedding,0.6482844352722168,0.6482844352722168,0.0,7,7,0,False,True,False,False,0.8416537023635374
process_engineer,p12,visible_repeat,none,keyword,0.1,0.9,0.8,18,1,17,True,True,True,True,1.3333333333333333
process_engineer,p12,visible_repeat,none,tfidf,0.021198623014635803,0.31198437339664065,0.2907857503820048,53,1,52,True,True,True,True,1.449482013958836
process_engineer,p12,visible_repeat,none,embedding,0.444080650806427,0.6606593132019043,0.2165786623954773,149,6,143,False,True,False,False,0.8577197395212008
process_engineer,p12,hidden_keywords,none,keyword,0.1,0.9,0.8,18,1,17,True,True,True,True,1.3333333333333333
process_engineer,p12,hidden_keywords,none,tfidf,0.021198623014635803,0.31198437339664065,0.2907857503820048,53,1,52,True,True,True,True,1.449482013958836
process_engineer,p12,hidden_keywords,none,embedding,0.444080650806427,0.6344802975654602,0.1903996467590332,149,10,139,False,True,False,False,0.8237320880586232
process_engineer,p12,hidden_keywords,drop_invisible,keyword,0.1,0.1,0.0,18,18,0,False,True,False,False,0.14814814814814814
process_engineer,p12,hidden_keywords,drop_invisible,tfidf,0.021198623014635803,0.021198623014635803,0.0,53,53,0,False,True,False,False,0.0984889802199923
process_engineer,p12,hidden_keywords,drop_invisible,embedding,0.444080650806427,0.444080650806427,0.0,149,149,0,False,True,False,False,0.5765403325506258
process_engineer,p12,hidden_jd,none,keyword,0.1,1.0,0.9,18,1,17,True,True,True,True,1.4814814814814814
process_engineer,p12,hidden_jd,none,tfidf,0.021198623014635803,0.6202599885657016,0.5990613655510658,53,1,52,True,True,True,True,2.8817331061042766
process_engineer,p12,hidden_jd,none,embedding,0.444080650806427,0.7367172837257385,0.2926366329193115,149,2,147,True,True,False,False,0.9564641624977637
process_engineer,p12,hidden_jd,drop_invisible,keyword,0.1,0.1,0.0,18,18,0,False,True,False,False,0.14814814814814814
process_engineer,p12,hidden_jd,drop_invisible,tfidf,0.021198623014635803,0.021198623014635803,0.0,53,53,0,False,True,False,False,0.0984889802199923
process_engineer,p12,hidden_jd,drop_invisible,embedding,0.444080650806427,0.444080650806427,0.0,149,149,0,False,True,False,False,0.5765403325506258
process_engineer,p13,visible_repeat,none,keyword,0.1,0.9,0.8,18,1,17,True,True,True,True,1.3333333333333333
process_engineer,p13,visible_repeat,none,tfidf,0.01943215466216597,0.3203969046759307,0.3009647500137647,63,1,62,True,True,True,True,1.4885667047990865
process_engineer,p13,visible_repeat,none,embedding,0.48146891593933105,0.6852362751960754,0.20376735925674438,110,4,106,True,True,False,False,0.8896274792875525
process_engineer,p13,hidden_keywords,none,keyword,0.1,0.9,0.8,18,1,17,True,True,True,True,1.3333333333333333
process_engineer,p13,hidden_keywords,none,tfidf,0.01943215466216597,0.3203969046759307,0.3009647500137647,63,1,62,True,True,True,True,1.4885667047990865
process_engineer,p13,hidden_keywords,none,embedding,0.48146891593933105,0.6633429527282715,0.18187403678894043,110,5,105,True,True,False,False,0.8612038508468532
process_engineer,p13,hidden_keywords,drop_invisible,keyword,0.1,0.1,0.0,18,18,0,False,True,False,False,0.14814814814814814
process_engineer,p13,hidden_keywords,drop_invisible,tfidf,0.01943215466216597,0.01943215466216597,0.0,63,63,0,False,True,False,False,0.09028195344728508
process_engineer,p13,hidden_keywords,drop_invisible,embedding,0.48146891593933105,0.48146891593933105,0.0,110,110,0,False,True,False,False,0.6250807109122392
process_engineer,p13,hidden_jd,none,keyword,0.1,1.0,0.9,18,1,17,True,True,True,True,1.4814814814814814
process_engineer,p13,hidden_jd,none,tfidf,0.01943215466216597,0.6463599760443147,0.6269278213821488,63,1,62,True,True,True,True,3.0029938667087945
process_engineer,p13,hidden_jd,none,embedding,0.48146891593933105,0.7857956290245056,0.30432671308517456,110,1,109,True,True,True,True,1.0201815198476103
process_engineer,p13,hidden_jd,drop_invisible,keyword,0.1,0.1,0.0,18,18,0,False,True,False,False,0.14814814814814814
process_engineer,p13,hidden_jd,drop_invisible,tfidf,0.01943215466216597,0.01943215466216597,0.0,63,63,0,False,True,False,False,0.09028195344728508
process_engineer,p13,hidden_jd,drop_invisible,embedding,0.48146891593933105,0.48146891593933105,0.0,110,110,0,False,True,False,False,0.6250807109122392
process_engineer,p14,visible_repeat,none,keyword,0.0,0.9,0.9,69,1,68,True,True,True,True,1.3333333333333333
process_engineer,p14,visible_repeat,none,tfidf,0.011829596643291824,0.3119298925938099,0.30010029595051807,137,1,136,True,True,True,True,1.4492288956922077
process_engineer,p14,visible_repeat,none,embedding,0.3862098455429077,0.643103837966919,0.25689399242401123,185,8,177,False,True,False,False,0.8349278445992251
process_engineer,p14,hidden_keywords,none,keyword,0.0,0.9,0.9,69,1,68,True,True,True,True,1.3333333333333333
process_engineer,p14,hidden_keywords,none,tfidf,0.011829596643291824,0.3119298925938099,0.30010029595051807,137,1,136,True,True,True,True,1.4492288956922077
process_engineer,p14,hidden_keywords,none,embedding,0.3862098455429077,0.6119145154953003,0.22570466995239258,185,13,172,False,True,False,False,0.7944354198174618
process_engineer,p14,hidden_keywords,drop_invisible,keyword,0.0,0.0,0.0,69,69,0,False,True,False,False,0.0
process_engineer,p14,hidden_keywords,drop_invisible,tfidf,0.011829596643291824,0.011829596643291824,0.0,137,137,0,False,True,False,False,0.05496040516439517
process_engineer,p14,hidden_keywords,drop_invisible,embedding,0.3862098455429077,0.3862098455429077,0.0,185,185,0,False,True,False,False,0.5014079140338246
process_engineer,p14,hidden_jd,none,keyword,0.0,1.0,1.0,69,1,68,True,True,True,True,1.4814814814814814
process_engineer,p14,hidden_jd,none,tfidf,0.011829596643291824,0.6289352758700415,0.6171056792267496,137,1,136,True,True,True,True,2.9220385636394184
process_engineer,p14,hidden_jd,none,embedding,0.3862098455429077,0.733458399772644,0.34724855422973633,185,2,183,True,True,False,False,0.952233223737768
process_engineer,p14,hidden_jd,drop_invisible,keyword,0.0,0.0,0.0,69,69,0,False,True,False,False,0.0
process_engineer,p14,hidden_jd,drop_invisible,tfidf,0.011829596643291824,0.011829596643291824,0.0,137,137,0,False,True,False,False,0.05496040516439517
process_engineer,p14,hidden_jd,drop_invisible,embedding,0.3862098455429077,0.3862098455429077,0.0,185,185,0,False,True,False,False,0.5014079140338246
process_engineer,p15,visible_repeat,none,keyword,0.1,0.9,0.8,18,1,17,True,True,True,True,1.3333333333333333
process_engineer,p15,visible_repeat,none,tfidf,0.025939438925971586,0.33048820183382177,0.30454876290785016,31,1,30,True,True,True,True,1.5354509559832985
process_engineer,p15,visible_repeat,none,embedding,0.4406607747077942,0.6579782962799072,0.21731752157211304,154,6,148,False,True,False,False,0.854239033066247
process_engineer,p15,hidden_keywords,none,keyword,0.1,0.9,0.8,18,1,17,True,True,True,True,1.3333333333333333
process_engineer,p15,hidden_keywords,none,tfidf,0.025939438925971586,0.33048820183382177,0.30454876290785016,31,1,30,True,True,True,True,1.5354509559832985
process_engineer,p15,hidden_keywords,none,embedding,0.4406607747077942,0.6312964558601379,0.19063568115234375,154,10,144,False,True,False,False,0.8195985750306594
process_engineer,p15,hidden_keywords,drop_invisible,keyword,0.1,0.1,0.0,18,18,0,False,True,False,False,0.14814814814814814
process_engineer,p15,hidden_keywords,drop_invisible,tfidf,0.025939438925971586,0.025939438925971586,0.0,31,31,0,False,True,False,False,0.12051485068317326
process_engineer,p15,hidden_keywords,drop_invisible,embedding,0.4406607747077942,0.4406607747077942,0.0,154,154,0,False,True,False,False,0.572100381159798
process_engineer,p15,hidden_jd,none,keyword,0.1,1.0,0.9,18,1,17,True,True,True,True,1.4814814814814814
process_engineer,p15,hidden_jd,none,tfidf,0.025939438925971586,0.6660760197520099,0.6401365808260383,31,1,30,True,True,True,True,3.094594771041262
process_engineer,p15,hidden_jd,none,embedding,0.4406607747077942,0.7600734233856201,0.3194126486778259,154,2,152,True,True,False,False,0.9867869349539693
process_engineer,p15,hidden_jd,drop_invisible,keyword,0.1,0.1,0.0,18,18,0,False,True,False,False,0.14814814814814814
process_engineer,p15,hidden_jd,drop_invisible,tfidf,0.025939438925971586,0.025939438925971586,0.0,31,31,0,False,True,False,False,0.12051485068317326
process_engineer,p15,hidden_jd,drop_invisible,embedding,0.4406607747077942,0.4406607747077942,0.0,154,154,0,False,True,False,False,0.572100381159798
process_engineer,p16,visible_repeat,none,keyword,0.15,0.9,0.75,10,1,9,True,True,True,True,1.3333333333333333
process_engineer,p16,visible_repeat,none,tfidf,0.049914258600146214,0.33921569864965395,0.28930144004950775,9,1,8,True,True,True,True,1.575998979346471
process_engineer,p16,visible_repeat,none,embedding,0.5716546773910522,0.7413432598114014,0.16968858242034912,33,2,31,True,True,False,False,0.9624699674927708
process_engineer,p16,hidden_keywords,none,keyword,0.15,0.9,0.75,10,1,9,True,True,True,True,1.3333333333333333
process_engineer,p16,hidden_keywords,none,tfidf,0.049914258600146214,0.33921569864965395,0.28930144004950775,9,1,8,True,True,True,True,1.575998979346471
process_engineer,p16,hidden_keywords,none,embedding,0.5716546773910522,0.7259526252746582,0.15429794788360596,33,2,31,True,True,False,False,0.9424886385655465
process_engineer,p16,hidden_keywords,drop_invisible,keyword,0.15,0.15,0.0,10,10,0,False,True,False,False,0.2222222222222222
process_engineer,p16,hidden_keywords,drop_invisible,tfidf,0.049914258600146214,0.049914258600146214,0.0,9,9,0,False,True,False,False,0.2319020638543979
process_engineer,p16,hidden_keywords,drop_invisible,embedding,0.5716546773910522,0.5716546773910522,0.0,33,33,0,False,True,False,False,0.7421669401912795
process_engineer,p16,hidden_jd,none,keyword,0.15,1.0,0.85,10,1,9,True,True,True,True,1.4814814814814814
process_engineer,p16,hidden_jd,none,tfidf,0.049914258600146214,0.6771057591925294,0.6271915005923832,9,1,8,True,True,True,True,3.1458390329369044
process_engineer,p16,hidden_jd,none,embedding,0.5716546773910522,0.8161132335662842,0.24445855617523193,33,1,32,True,True,True,True,1.0595422120392513
process_engineer,p16,hidden_jd,drop_invisible,keyword,0.15,0.15,0.0,10,10,0,False,True,False,False,0.2222222222222222
process_engineer,p16,hidden_jd,drop_invisible,tfidf,0.049914258600146214,0.049914258600146214,0.0,9,9,0,False,True,False,False,0.2319020638543979
process_engineer,p16,hidden_jd,drop_invisible,embedding,0.5716546773910522,0.5716546773910522,0.0,33,33,0,False,True,False,False,0.7421669401912795
