persona,template,parser,format,layout,job,knockout,knockout_strict,keyword
p01,classic,naive,pdf,single,mechanical_design,REJECT,REJECT,0.07142857142857142
p01,classic,naive,pdf,single,ml_intern,PASS,PASS,0.8571428571428571
p01,classic,naive,pdf,single,process_engineer,REJECT,REJECT,0.1
p01,classic,layout_aware,pdf,single,mechanical_design,REJECT,REJECT,0.07142857142857142
p01,classic,layout_aware,pdf,single,ml_intern,PASS,PASS,0.8571428571428571
p01,classic,layout_aware,pdf,single,process_engineer,REJECT,REJECT,0.1
p01,classic,naive,pdf,two_column,mechanical_design,REJECT,REJECT,0.07142857142857142
p01,classic,naive,pdf,two_column,ml_intern,PASS,PASS,0.8571428571428571
p01,classic,naive,pdf,two_column,process_engineer,REJECT,REJECT,0.1
p01,classic,layout_aware,pdf,two_column,mechanical_design,REJECT,REJECT,0.07142857142857142
p01,classic,layout_aware,pdf,two_column,ml_intern,PASS,PASS,0.8571428571428571
p01,classic,layout_aware,pdf,two_column,process_engineer,REJECT,REJECT,0.1
p01,classic,naive,pdf,table,mechanical_design,REVIEW,REJECT,0.07142857142857142
p01,classic,naive,pdf,table,ml_intern,REVIEW,REJECT,0.8571428571428571
p01,classic,naive,pdf,table,process_engineer,REVIEW,REJECT,0.1
p01,classic,layout_aware,pdf,table,mechanical_design,REJECT,REJECT,0.07142857142857142
p01,classic,layout_aware,pdf,table,ml_intern,PASS,PASS,0.8571428571428571
p01,classic,layout_aware,pdf,table,process_engineer,REJECT,REJECT,0.1
p01,classic,naive,pdf,textbox,mechanical_design,REJECT,REJECT,0.07142857142857142
p01,classic,naive,pdf,textbox,ml_intern,PASS,PASS,0.8571428571428571
p01,classic,naive,pdf,textbox,process_engineer,REJECT,REJECT,0.1
p01,classic,layout_aware,pdf,textbox,mechanical_design,REJECT,REJECT,0.07142857142857142
p01,classic,layout_aware,pdf,textbox,ml_intern,PASS,PASS,0.8571428571428571
p01,classic,layout_aware,pdf,textbox,process_engineer,REJECT,REJECT,0.1
p01,classic,naive,docx,single,mechanical_design,REJECT,REJECT,0.07142857142857142
p01,classic,naive,docx,single,ml_intern,PASS,PASS,0.8571428571428571
p01,classic,naive,docx,single,process_engineer,REJECT,REJECT,0.1
p01,classic,layout_aware,docx,single,mechanical_design,REJECT,REJECT,0.07142857142857142
p01,classic,layout_aware,docx,single,ml_intern,PASS,PASS,0.8571428571428571
p01,classic,layout_aware,docx,single,process_engineer,REJECT,REJECT,0.1
p01,classic,naive,docx,two_column,mechanical_design,REJECT,REJECT,0.07142857142857142
p01,classic,naive,docx,two_column,ml_intern,PASS,PASS,0.8571428571428571
p01,classic,naive,docx,two_column,process_engineer,REJECT,REJECT,0.1
p01,classic,layout_aware,docx,two_column,mechanical_design,REJECT,REJECT,0.07142857142857142
p01,classic,layout_aware,docx,two_column,ml_intern,PASS,PASS,0.8571428571428571
p01,classic,layout_aware,docx,two_column,process_engineer,REJECT,REJECT,0.1
p01,classic,naive,docx,table,mechanical_design,REJECT,REJECT,0.07142857142857142
p01,classic,naive,docx,table,ml_intern,PASS,PASS,0.8571428571428571
p01,classic,naive,docx,table,process_engineer,REJECT,REJECT,0.1
p01,classic,layout_aware,docx,table,mechanical_design,REJECT,REJECT,0.07142857142857142
p01,classic,layout_aware,docx,table,ml_intern,PASS,PASS,0.8571428571428571
p01,classic,layout_aware,docx,table,process_engineer,REJECT,REJECT,0.1
p01,classic,naive,docx,textbox,mechanical_design,REJECT,REJECT,0.07142857142857142
p01,classic,naive,docx,textbox,ml_intern,PASS,PASS,0.8571428571428571
p01,classic,naive,docx,textbox,process_engineer,REJECT,REJECT,0.1
p01,classic,layout_aware,docx,textbox,mechanical_design,REJECT,REJECT,0.07142857142857142
p01,classic,layout_aware,docx,textbox,ml_intern,PASS,PASS,0.8571428571428571
p01,classic,layout_aware,docx,textbox,process_engineer,REJECT,REJECT,0.1
p01,modern,naive,pdf,single,mechanical_design,REVIEW,REJECT,0.07142857142857142
p01,modern,naive,pdf,single,ml_intern,REVIEW,REJECT,0.8571428571428571
p01,modern,naive,pdf,single,process_engineer,REJECT,REJECT,0.1
p01,modern,layout_aware,pdf,single,mechanical_design,REVIEW,REJECT,0.07142857142857142
p01,modern,layout_aware,pdf,single,ml_intern,REVIEW,REJECT,0.8571428571428571
p01,modern,layout_aware,pdf,single,process_engineer,REJECT,REJECT,0.1
p01,modern,naive,pdf,two_column,mechanical_design,REVIEW,REJECT,0.07142857142857142
p01,modern,naive,pdf,two_column,ml_intern,REVIEW,REJECT,0.8571428571428571
p01,modern,naive,pdf,two_column,process_engineer,REJECT,REJECT,0.1
p01,modern,layout_aware,pdf,two_column,mechanical_design,REVIEW,REJECT,0.07142857142857142
p01,modern,layout_aware,pdf,two_column,ml_intern,REVIEW,REJECT,0.8571428571428571
p01,modern,layout_aware,pdf,two_column,process_engineer,REJECT,REJECT,0.1
p01,modern,naive,pdf,table,mechanical_design,REVIEW,REJECT,0.07142857142857142
p01,modern,naive,pdf,table,ml_intern,REVIEW,REJECT,0.8571428571428571
p01,modern,naive,pdf,table,process_engineer,REVIEW,REJECT,0.1
p01,modern,layout_aware,pdf,table,mechanical_design,REVIEW,REJECT,0.07142857142857142
p01,modern,layout_aware,pdf,table,ml_intern,REVIEW,REJECT,0.8571428571428571
p01,modern,layout_aware,pdf,table,process_engineer,REJECT,REJECT,0.1
p01,modern,naive,pdf,textbox,mechanical_design,REVIEW,REJECT,0.07142857142857142
p01,modern,naive,pdf,textbox,ml_intern,REVIEW,REJECT,0.8571428571428571
p01,modern,naive,pdf,textbox,process_engineer,REJECT,REJECT,0.1
p01,modern,layout_aware,pdf,textbox,mechanical_design,REVIEW,REJECT,0.07142857142857142
p01,modern,layout_aware,pdf,textbox,ml_intern,REVIEW,REJECT,0.8571428571428571
p01,modern,layout_aware,pdf,textbox,process_engineer,REJECT,REJECT,0.1
p01,modern,naive,docx,single,mechanical_design,REVIEW,REJECT,0.07142857142857142
p01,modern,naive,docx,single,ml_intern,REVIEW,REJECT,0.8571428571428571
p01,modern,naive,docx,single,process_engineer,REJECT,REJECT,0.1
p01,modern,layout_aware,docx,single,mechanical_design,REVIEW,REJECT,0.07142857142857142
p01,modern,layout_aware,docx,single,ml_intern,REVIEW,REJECT,0.8571428571428571
p01,modern,layout_aware,docx,single,process_engineer,REJECT,REJECT,0.1
p01,modern,naive,docx,two_column,mechanical_design,REVIEW,REJECT,0.07142857142857142
p01,modern,naive,docx,two_column,ml_intern,REVIEW,REJECT,0.8571428571428571
p01,modern,naive,docx,two_column,process_engineer,REJECT,REJECT,0.1
p01,modern,layout_aware,docx,two_column,mechanical_design,REVIEW,REJECT,0.07142857142857142
p01,modern,layout_aware,docx,two_column,ml_intern,REVIEW,REJECT,0.8571428571428571
p01,modern,layout_aware,docx,two_column,process_engineer,REJECT,REJECT,0.1
p01,modern,naive,docx,table,mechanical_design,REVIEW,REJECT,0.07142857142857142
p01,modern,naive,docx,table,ml_intern,REVIEW,REJECT,0.8571428571428571
p01,modern,naive,docx,table,process_engineer,REJECT,REJECT,0.1
p01,modern,layout_aware,docx,table,mechanical_design,REVIEW,REJECT,0.07142857142857142
p01,modern,layout_aware,docx,table,ml_intern,REVIEW,REJECT,0.8571428571428571
p01,modern,layout_aware,docx,table,process_engineer,REJECT,REJECT,0.1
p01,modern,naive,docx,textbox,mechanical_design,REVIEW,REJECT,0.07142857142857142
p01,modern,naive,docx,textbox,ml_intern,REVIEW,REJECT,0.8571428571428571
p01,modern,naive,docx,textbox,process_engineer,REJECT,REJECT,0.1
p01,modern,layout_aware,docx,textbox,mechanical_design,REVIEW,REJECT,0.07142857142857142
p01,modern,layout_aware,docx,textbox,ml_intern,REVIEW,REJECT,0.8571428571428571
p01,modern,layout_aware,docx,textbox,process_engineer,REJECT,REJECT,0.1
p01,latex,naive,pdf,single,mechanical_design,REJECT,REJECT,0.07142857142857142
p01,latex,naive,pdf,single,ml_intern,PASS,PASS,0.8571428571428571
p01,latex,naive,pdf,single,process_engineer,REJECT,REJECT,0.1
p01,latex,layout_aware,pdf,single,mechanical_design,REJECT,REJECT,0.07142857142857142
p01,latex,layout_aware,pdf,single,ml_intern,PASS,PASS,0.8571428571428571
p01,latex,layout_aware,pdf,single,process_engineer,REJECT,REJECT,0.1
p01,latex,naive,pdf,two_column,mechanical_design,REJECT,REJECT,0.07142857142857142
p01,latex,naive,pdf,two_column,ml_intern,REJECT,REJECT,0.8571428571428571
p01,latex,naive,pdf,two_column,process_engineer,REJECT,REJECT,0.1
p01,latex,layout_aware,pdf,two_column,mechanical_design,REJECT,REJECT,0.07142857142857142
p01,latex,layout_aware,pdf,two_column,ml_intern,REJECT,REJECT,0.8571428571428571
p01,latex,layout_aware,pdf,two_column,process_engineer,REJECT,REJECT,0.1
p01,latex,naive,pdf,table,mechanical_design,REVIEW,REJECT,0.07142857142857142
p01,latex,naive,pdf,table,ml_intern,REVIEW,REJECT,0.8571428571428571
p01,latex,naive,pdf,table,process_engineer,REVIEW,REJECT,0.1
p01,latex,layout_aware,pdf,table,mechanical_design,REJECT,REJECT,0.07142857142857142
p01,latex,layout_aware,pdf,table,ml_intern,PASS,PASS,0.8571428571428571
p01,latex,layout_aware,pdf,table,process_engineer,REJECT,REJECT,0.1
p01,latex,naive,pdf,textbox,mechanical_design,REJECT,REJECT,0.07142857142857142
p01,latex,naive,pdf,textbox,ml_intern,PASS,PASS,0.8571428571428571
p01,latex,naive,pdf,textbox,process_engineer,REJECT,REJECT,0.1
p01,latex,layout_aware,pdf,textbox,mechanical_design,REJECT,REJECT,0.07142857142857142
p01,latex,layout_aware,pdf,textbox,ml_intern,PASS,PASS,0.8571428571428571
p01,latex,layout_aware,pdf,textbox,process_engineer,REJECT,REJECT,0.1
p01,latex,naive,docx,single,mechanical_design,REJECT,REJECT,0.07142857142857142
p01,latex,naive,docx,single,ml_intern,PASS,PASS,0.8571428571428571
p01,latex,naive,docx,single,process_engineer,REJECT,REJECT,0.1
p01,latex,layout_aware,docx,single,mechanical_design,REJECT,REJECT,0.07142857142857142
p01,latex,layout_aware,docx,single,ml_intern,PASS,PASS,0.8571428571428571
p01,latex,layout_aware,docx,single,process_engineer,REJECT,REJECT,0.1
p01,latex,naive,docx,two_column,mechanical_design,REJECT,REJECT,0.07142857142857142
p01,latex,naive,docx,two_column,ml_intern,PASS,PASS,0.8571428571428571
p01,latex,naive,docx,two_column,process_engineer,REJECT,REJECT,0.1
p01,latex,layout_aware,docx,two_column,mechanical_design,REJECT,REJECT,0.07142857142857142
p01,latex,layout_aware,docx,two_column,ml_intern,PASS,PASS,0.8571428571428571
p01,latex,layout_aware,docx,two_column,process_engineer,REJECT,REJECT,0.1
p01,latex,naive,docx,table,mechanical_design,REJECT,REJECT,0.07142857142857142
p01,latex,naive,docx,table,ml_intern,PASS,PASS,0.8571428571428571
p01,latex,naive,docx,table,process_engineer,REJECT,REJECT,0.1
p01,latex,layout_aware,docx,table,mechanical_design,REJECT,REJECT,0.07142857142857142
p01,latex,layout_aware,docx,table,ml_intern,PASS,PASS,0.8571428571428571
p01,latex,layout_aware,docx,table,process_engineer,REJECT,REJECT,0.1
p01,latex,naive,docx,textbox,mechanical_design,REJECT,REJECT,0.07142857142857142
p01,latex,naive,docx,textbox,ml_intern,PASS,PASS,0.8571428571428571
p01,latex,naive,docx,textbox,process_engineer,REJECT,REJECT,0.1
p01,latex,layout_aware,docx,textbox,mechanical_design,REJECT,REJECT,0.07142857142857142
p01,latex,layout_aware,docx,textbox,ml_intern,PASS,PASS,0.8571428571428571
p01,latex,layout_aware,docx,textbox,process_engineer,REJECT,REJECT,0.1
p01,career_center,naive,pdf,single,mechanical_design,REJECT,REJECT,0.07142857142857142
p01,career_center,naive,pdf,single,ml_intern,PASS,PASS,0.8571428571428571
p01,career_center,naive,pdf,single,process_engineer,REJECT,REJECT,0.1
p01,career_center,layout_aware,pdf,single,mechanical_design,REJECT,REJECT,0.07142857142857142
p01,career_center,layout_aware,pdf,single,ml_intern,PASS,PASS,0.8571428571428571
p01,career_center,layout_aware,pdf,single,process_engineer,REJECT,REJECT,0.1
p01,career_center,naive,pdf,two_column,mechanical_design,REJECT,REJECT,0.07142857142857142
p01,career_center,naive,pdf,two_column,ml_intern,REJECT,REJECT,0.8571428571428571
p01,career_center,naive,pdf,two_column,process_engineer,REJECT,REJECT,0.1
p01,career_center,layout_aware,pdf,two_column,mechanical_design,REVIEW,REJECT,0.07142857142857142
p01,career_center,layout_aware,pdf,two_column,ml_intern,REVIEW,REJECT,0.8571428571428571
p01,career_center,layout_aware,pdf,two_column,process_engineer,REJECT,REJECT,0.1
p01,career_center,naive,pdf,table,mechanical_design,REVIEW,REJECT,0.07142857142857142
p01,career_center,naive,pdf,table,ml_intern,REVIEW,REJECT,0.8571428571428571
p01,career_center,naive,pdf,table,process_engineer,REVIEW,REJECT,0.1
p01,career_center,layout_aware,pdf,table,mechanical_design,REJECT,REJECT,0.07142857142857142
p01,career_center,layout_aware,pdf,table,ml_intern,PASS,PASS,0.8571428571428571
p01,career_center,layout_aware,pdf,table,process_engineer,REJECT,REJECT,0.1
p01,career_center,naive,pdf,textbox,mechanical_design,REJECT,REJECT,0.07142857142857142
p01,career_center,naive,pdf,textbox,ml_intern,PASS,PASS,0.8571428571428571
p01,career_center,naive,pdf,textbox,process_engineer,REJECT,REJECT,0.1
p01,career_center,layout_aware,pdf,textbox,mechanical_design,REJECT,REJECT,0.07142857142857142
p01,career_center,layout_aware,pdf,textbox,ml_intern,PASS,PASS,0.8571428571428571
p01,career_center,layout_aware,pdf,textbox,process_engineer,REJECT,REJECT,0.1
p01,career_center,naive,docx,single,mechanical_design,REJECT,REJECT,0.07142857142857142
p01,career_center,naive,docx,single,ml_intern,PASS,PASS,0.8571428571428571
p01,career_center,naive,docx,single,process_engineer,REJECT,REJECT,0.1
p01,career_center,layout_aware,docx,single,mechanical_design,REJECT,REJECT,0.07142857142857142
p01,career_center,layout_aware,docx,single,ml_intern,PASS,PASS,0.8571428571428571
p01,career_center,layout_aware,docx,single,process_engineer,REJECT,REJECT,0.1
p01,career_center,naive,docx,two_column,mechanical_design,REJECT,REJECT,0.07142857142857142
p01,career_center,naive,docx,two_column,ml_intern,PASS,PASS,0.8571428571428571
p01,career_center,naive,docx,two_column,process_engineer,REJECT,REJECT,0.1
p01,career_center,layout_aware,docx,two_column,mechanical_design,REJECT,REJECT,0.07142857142857142
p01,career_center,layout_aware,docx,two_column,ml_intern,PASS,PASS,0.8571428571428571
p01,career_center,layout_aware,docx,two_column,process_engineer,REJECT,REJECT,0.1
p01,career_center,naive,docx,table,mechanical_design,REJECT,REJECT,0.07142857142857142
p01,career_center,naive,docx,table,ml_intern,PASS,PASS,0.8571428571428571
p01,career_center,naive,docx,table,process_engineer,REJECT,REJECT,0.1
p01,career_center,layout_aware,docx,table,mechanical_design,REJECT,REJECT,0.07142857142857142
p01,career_center,layout_aware,docx,table,ml_intern,PASS,PASS,0.8571428571428571
p01,career_center,layout_aware,docx,table,process_engineer,REJECT,REJECT,0.1
p01,career_center,naive,docx,textbox,mechanical_design,REJECT,REJECT,0.07142857142857142
p01,career_center,naive,docx,textbox,ml_intern,PASS,PASS,0.8571428571428571
p01,career_center,naive,docx,textbox,process_engineer,REJECT,REJECT,0.1
p01,career_center,layout_aware,docx,textbox,mechanical_design,REJECT,REJECT,0.07142857142857142
p01,career_center,layout_aware,docx,textbox,ml_intern,PASS,PASS,0.8571428571428571
p01,career_center,layout_aware,docx,textbox,process_engineer,REJECT,REJECT,0.1
p01,hybrid,naive,pdf,single,mechanical_design,REVIEW,REJECT,0.07142857142857142
p01,hybrid,naive,pdf,single,ml_intern,REVIEW,REJECT,0.8571428571428571
p01,hybrid,naive,pdf,single,process_engineer,REVIEW,REJECT,0.1
p01,hybrid,layout_aware,pdf,single,mechanical_design,REVIEW,REJECT,0.07142857142857142
p01,hybrid,layout_aware,pdf,single,ml_intern,REVIEW,REJECT,0.8571428571428571
p01,hybrid,layout_aware,pdf,single,process_engineer,REVIEW,REJECT,0.1
p01,hybrid,naive,pdf,two_column,mechanical_design,REVIEW,REJECT,0.07142857142857142
p01,hybrid,naive,pdf,two_column,ml_intern,REVIEW,REJECT,0.8571428571428571
p01,hybrid,naive,pdf,two_column,process_engineer,REVIEW,REJECT,0.1
p01,hybrid,layout_aware,pdf,two_column,mechanical_design,REVIEW,REJECT,0.07142857142857142
p01,hybrid,layout_aware,pdf,two_column,ml_intern,REVIEW,REJECT,0.8571428571428571
p01,hybrid,layout_aware,pdf,two_column,process_engineer,REVIEW,REJECT,0.1
p01,hybrid,naive,pdf,table,mechanical_design,REVIEW,REJECT,0.07142857142857142
p01,hybrid,naive,pdf,table,ml_intern,REVIEW,REJECT,0.8571428571428571
p01,hybrid,naive,pdf,table,process_engineer,REVIEW,REJECT,0.1
p01,hybrid,layout_aware,pdf,table,mechanical_design,REVIEW,REJECT,0.07142857142857142
p01,hybrid,layout_aware,pdf,table,ml_intern,REVIEW,REJECT,0.8571428571428571
p01,hybrid,layout_aware,pdf,table,process_engineer,REVIEW,REJECT,0.1
p01,hybrid,naive,pdf,textbox,mechanical_design,REVIEW,REJECT,0.07142857142857142
p01,hybrid,naive,pdf,textbox,ml_intern,REVIEW,REJECT,0.8571428571428571
p01,hybrid,naive,pdf,textbox,process_engineer,REVIEW,REJECT,0.1
p01,hybrid,layout_aware,pdf,textbox,mechanical_design,REVIEW,REJECT,0.07142857142857142
p01,hybrid,layout_aware,pdf,textbox,ml_intern,REVIEW,REJECT,0.8571428571428571
p01,hybrid,layout_aware,pdf,textbox,process_engineer,REVIEW,REJECT,0.1
p01,hybrid,naive,docx,single,mechanical_design,REVIEW,REJECT,0.07142857142857142
p01,hybrid,naive,docx,single,ml_intern,REVIEW,REJECT,0.8571428571428571
p01,hybrid,naive,docx,single,process_engineer,REVIEW,REJECT,0.1
p01,hybrid,layout_aware,docx,single,mechanical_design,REVIEW,REJECT,0.07142857142857142
p01,hybrid,layout_aware,docx,single,ml_intern,REVIEW,REJECT,0.8571428571428571
p01,hybrid,layout_aware,docx,single,process_engineer,REVIEW,REJECT,0.1
p01,hybrid,naive,docx,two_column,mechanical_design,REVIEW,REJECT,0.07142857142857142
p01,hybrid,naive,docx,two_column,ml_intern,REVIEW,REJECT,0.8571428571428571
p01,hybrid,naive,docx,two_column,process_engineer,REVIEW,REJECT,0.1
p01,hybrid,layout_aware,docx,two_column,mechanical_design,REVIEW,REJECT,0.07142857142857142
p01,hybrid,layout_aware,docx,two_column,ml_intern,REVIEW,REJECT,0.8571428571428571
p01,hybrid,layout_aware,docx,two_column,process_engineer,REVIEW,REJECT,0.1
p01,hybrid,naive,docx,table,mechanical_design,REVIEW,REJECT,0.07142857142857142
p01,hybrid,naive,docx,table,ml_intern,REVIEW,REJECT,0.8571428571428571
p01,hybrid,naive,docx,table,process_engineer,REVIEW,REJECT,0.1
p01,hybrid,layout_aware,docx,table,mechanical_design,REVIEW,REJECT,0.07142857142857142
p01,hybrid,layout_aware,docx,table,ml_intern,REVIEW,REJECT,0.8571428571428571
p01,hybrid,layout_aware,docx,table,process_engineer,REVIEW,REJECT,0.1
p01,hybrid,naive,docx,textbox,mechanical_design,REVIEW,REJECT,0.07142857142857142
p01,hybrid,naive,docx,textbox,ml_intern,REVIEW,REJECT,0.8571428571428571
p01,hybrid,naive,docx,textbox,process_engineer,REVIEW,REJECT,0.1
p01,hybrid,layout_aware,docx,textbox,mechanical_design,REVIEW,REJECT,0.07142857142857142
p01,hybrid,layout_aware,docx,textbox,ml_intern,REVIEW,REJECT,0.8571428571428571
p01,hybrid,layout_aware,docx,textbox,process_engineer,REVIEW,REJECT,0.1
p02,classic,naive,pdf,single,mechanical_design,REJECT,REJECT,0.07142857142857142
p02,classic,naive,pdf,single,ml_intern,PASS,PASS,0.5714285714285714
p02,classic,naive,pdf,single,process_engineer,REJECT,REJECT,0.1
p02,classic,layout_aware,pdf,single,mechanical_design,REJECT,REJECT,0.07142857142857142
p02,classic,layout_aware,pdf,single,ml_intern,PASS,PASS,0.5714285714285714
p02,classic,layout_aware,pdf,single,process_engineer,REJECT,REJECT,0.1
p02,classic,naive,pdf,two_column,mechanical_design,REJECT,REJECT,0.07142857142857142
p02,classic,naive,pdf,two_column,ml_intern,PASS,PASS,0.5714285714285714
p02,classic,naive,pdf,two_column,process_engineer,REJECT,REJECT,0.1
p02,classic,layout_aware,pdf,two_column,mechanical_design,REJECT,REJECT,0.07142857142857142
p02,classic,layout_aware,pdf,two_column,ml_intern,PASS,PASS,0.5714285714285714
p02,classic,layout_aware,pdf,two_column,process_engineer,REJECT,REJECT,0.1
p02,classic,naive,pdf,table,mechanical_design,REVIEW,REJECT,0.07142857142857142
p02,classic,naive,pdf,table,ml_intern,REVIEW,REJECT,0.5714285714285714
p02,classic,naive,pdf,table,process_engineer,REVIEW,REJECT,0.1
p02,classic,layout_aware,pdf,table,mechanical_design,REJECT,REJECT,0.07142857142857142
p02,classic,layout_aware,pdf,table,ml_intern,PASS,PASS,0.5714285714285714
p02,classic,layout_aware,pdf,table,process_engineer,REJECT,REJECT,0.1
p02,classic,naive,pdf,textbox,mechanical_design,REJECT,REJECT,0.07142857142857142
p02,classic,naive,pdf,textbox,ml_intern,PASS,PASS,0.5714285714285714
p02,classic,naive,pdf,textbox,process_engineer,REJECT,REJECT,0.1
p02,classic,layout_aware,pdf,textbox,mechanical_design,REJECT,REJECT,0.07142857142857142
p02,classic,layout_aware,pdf,textbox,ml_intern,PASS,PASS,0.5714285714285714
p02,classic,layout_aware,pdf,textbox,process_engineer,REJECT,REJECT,0.1
p02,classic,naive,docx,single,mechanical_design,REJECT,REJECT,0.07142857142857142
p02,classic,naive,docx,single,ml_intern,PASS,PASS,0.5714285714285714
p02,classic,naive,docx,single,process_engineer,REJECT,REJECT,0.1
p02,classic,layout_aware,docx,single,mechanical_design,REJECT,REJECT,0.07142857142857142
p02,classic,layout_aware,docx,single,ml_intern,PASS,PASS,0.5714285714285714
p02,classic,layout_aware,docx,single,process_engineer,REJECT,REJECT,0.1
p02,classic,naive,docx,two_column,mechanical_design,REJECT,REJECT,0.07142857142857142
p02,classic,naive,docx,two_column,ml_intern,PASS,PASS,0.5714285714285714
p02,classic,naive,docx,two_column,process_engineer,REJECT,REJECT,0.1
p02,classic,layout_aware,docx,two_column,mechanical_design,REJECT,REJECT,0.07142857142857142
p02,classic,layout_aware,docx,two_column,ml_intern,PASS,PASS,0.5714285714285714
p02,classic,layout_aware,docx,two_column,process_engineer,REJECT,REJECT,0.1
p02,classic,naive,docx,table,mechanical_design,REJECT,REJECT,0.07142857142857142
p02,classic,naive,docx,table,ml_intern,PASS,PASS,0.5714285714285714
p02,classic,naive,docx,table,process_engineer,REJECT,REJECT,0.1
p02,classic,layout_aware,docx,table,mechanical_design,REJECT,REJECT,0.07142857142857142
p02,classic,layout_aware,docx,table,ml_intern,PASS,PASS,0.5714285714285714
p02,classic,layout_aware,docx,table,process_engineer,REJECT,REJECT,0.1
p02,classic,naive,docx,textbox,mechanical_design,REJECT,REJECT,0.07142857142857142
p02,classic,naive,docx,textbox,ml_intern,PASS,PASS,0.5714285714285714
p02,classic,naive,docx,textbox,process_engineer,REJECT,REJECT,0.1
p02,classic,layout_aware,docx,textbox,mechanical_design,REJECT,REJECT,0.07142857142857142
p02,classic,layout_aware,docx,textbox,ml_intern,PASS,PASS,0.5714285714285714
p02,classic,layout_aware,docx,textbox,process_engineer,REJECT,REJECT,0.1
p02,modern,naive,pdf,single,mechanical_design,REVIEW,REJECT,0.07142857142857142
p02,modern,naive,pdf,single,ml_intern,REVIEW,REJECT,0.5714285714285714
p02,modern,naive,pdf,single,process_engineer,REVIEW,REJECT,0.1
p02,modern,layout_aware,pdf,single,mechanical_design,REVIEW,REJECT,0.07142857142857142
p02,modern,layout_aware,pdf,single,ml_intern,REVIEW,REJECT,0.5714285714285714
p02,modern,layout_aware,pdf,single,process_engineer,REVIEW,REJECT,0.1
p02,modern,naive,pdf,two_column,mechanical_design,REVIEW,REJECT,0.07142857142857142
p02,modern,naive,pdf,two_column,ml_intern,REVIEW,REJECT,0.5714285714285714
p02,modern,naive,pdf,two_column,process_engineer,REVIEW,REJECT,0.1
p02,modern,layout_aware,pdf,two_column,mechanical_design,REVIEW,REJECT,0.07142857142857142
p02,modern,layout_aware,pdf,two_column,ml_intern,REVIEW,REJECT,0.5714285714285714
p02,modern,layout_aware,pdf,two_column,process_engineer,REVIEW,REJECT,0.1
p02,modern,naive,pdf,table,mechanical_design,REVIEW,REJECT,0.07142857142857142
p02,modern,naive,pdf,table,ml_intern,REVIEW,REJECT,0.5714285714285714
p02,modern,naive,pdf,table,process_engineer,REVIEW,REJECT,0.1
p02,modern,layout_aware,pdf,table,mechanical_design,REVIEW,REJECT,0.07142857142857142
p02,modern,layout_aware,pdf,table,ml_intern,REVIEW,REJECT,0.5714285714285714
p02,modern,layout_aware,pdf,table,process_engineer,REVIEW,REJECT,0.1
p02,modern,naive,pdf,textbox,mechanical_design,REVIEW,REJECT,0.07142857142857142
p02,modern,naive,pdf,textbox,ml_intern,REVIEW,REJECT,0.5714285714285714
p02,modern,naive,pdf,textbox,process_engineer,REVIEW,REJECT,0.1
p02,modern,layout_aware,pdf,textbox,mechanical_design,REVIEW,REJECT,0.07142857142857142
p02,modern,layout_aware,pdf,textbox,ml_intern,REVIEW,REJECT,0.5714285714285714
p02,modern,layout_aware,pdf,textbox,process_engineer,REVIEW,REJECT,0.1
p02,modern,naive,docx,single,mechanical_design,REVIEW,REJECT,0.07142857142857142
p02,modern,naive,docx,single,ml_intern,REVIEW,REJECT,0.5714285714285714
p02,modern,naive,docx,single,process_engineer,REVIEW,REJECT,0.1
p02,modern,layout_aware,docx,single,mechanical_design,REVIEW,REJECT,0.07142857142857142
p02,modern,layout_aware,docx,single,ml_intern,REVIEW,REJECT,0.5714285714285714
p02,modern,layout_aware,docx,single,process_engineer,REVIEW,REJECT,0.1
p02,modern,naive,docx,two_column,mechanical_design,REVIEW,REJECT,0.07142857142857142
p02,modern,naive,docx,two_column,ml_intern,REVIEW,REJECT,0.5714285714285714
p02,modern,naive,docx,two_column,process_engineer,REVIEW,REJECT,0.1
p02,modern,layout_aware,docx,two_column,mechanical_design,REVIEW,REJECT,0.07142857142857142
p02,modern,layout_aware,docx,two_column,ml_intern,REVIEW,REJECT,0.5714285714285714
p02,modern,layout_aware,docx,two_column,process_engineer,REVIEW,REJECT,0.1
p02,modern,naive,docx,table,mechanical_design,REVIEW,REJECT,0.07142857142857142
p02,modern,naive,docx,table,ml_intern,REVIEW,REJECT,0.5714285714285714
p02,modern,naive,docx,table,process_engineer,REVIEW,REJECT,0.1
p02,modern,layout_aware,docx,table,mechanical_design,REVIEW,REJECT,0.07142857142857142
p02,modern,layout_aware,docx,table,ml_intern,REVIEW,REJECT,0.5714285714285714
p02,modern,layout_aware,docx,table,process_engineer,REVIEW,REJECT,0.1
p02,modern,naive,docx,textbox,mechanical_design,REVIEW,REJECT,0.07142857142857142
p02,modern,naive,docx,textbox,ml_intern,REVIEW,REJECT,0.5714285714285714
p02,modern,naive,docx,textbox,process_engineer,REVIEW,REJECT,0.1
p02,modern,layout_aware,docx,textbox,mechanical_design,REVIEW,REJECT,0.07142857142857142
p02,modern,layout_aware,docx,textbox,ml_intern,REVIEW,REJECT,0.5714285714285714
p02,modern,layout_aware,docx,textbox,process_engineer,REVIEW,REJECT,0.1
p02,latex,naive,pdf,single,mechanical_design,REJECT,REJECT,0.07142857142857142
p02,latex,naive,pdf,single,ml_intern,PASS,PASS,0.5714285714285714
p02,latex,naive,pdf,single,process_engineer,REJECT,REJECT,0.1
p02,latex,layout_aware,pdf,single,mechanical_design,REJECT,REJECT,0.07142857142857142
p02,latex,layout_aware,pdf,single,ml_intern,PASS,PASS,0.5714285714285714
p02,latex,layout_aware,pdf,single,process_engineer,REJECT,REJECT,0.1
p02,latex,naive,pdf,two_column,mechanical_design,REJECT,REJECT,0.07142857142857142
p02,latex,naive,pdf,two_column,ml_intern,REJECT,REJECT,0.5714285714285714
p02,latex,naive,pdf,two_column,process_engineer,REJECT,REJECT,0.1
p02,latex,layout_aware,pdf,two_column,mechanical_design,REJECT,REJECT,0.07142857142857142
p02,latex,layout_aware,pdf,two_column,ml_intern,REJECT,REJECT,0.5714285714285714
p02,latex,layout_aware,pdf,two_column,process_engineer,REJECT,REJECT,0.1
p02,latex,naive,pdf,table,mechanical_design,REVIEW,REJECT,0.07142857142857142
p02,latex,naive,pdf,table,ml_intern,REVIEW,REJECT,0.5714285714285714
p02,latex,naive,pdf,table,process_engineer,REVIEW,REJECT,0.1
p02,latex,layout_aware,pdf,table,mechanical_design,REJECT,REJECT,0.07142857142857142
p02,latex,layout_aware,pdf,table,ml_intern,PASS,PASS,0.5714285714285714
p02,latex,layout_aware,pdf,table,process_engineer,REJECT,REJECT,0.1
p02,latex,naive,pdf,textbox,mechanical_design,REJECT,REJECT,0.07142857142857142
p02,latex,naive,pdf,textbox,ml_intern,PASS,PASS,0.5714285714285714
p02,latex,naive,pdf,textbox,process_engineer,REJECT,REJECT,0.1
p02,latex,layout_aware,pdf,textbox,mechanical_design,REJECT,REJECT,0.07142857142857142
p02,latex,layout_aware,pdf,textbox,ml_intern,PASS,PASS,0.5714285714285714
p02,latex,layout_aware,pdf,textbox,process_engineer,REJECT,REJECT,0.1
p02,latex,naive,docx,single,mechanical_design,REJECT,REJECT,0.07142857142857142
p02,latex,naive,docx,single,ml_intern,PASS,PASS,0.5714285714285714
p02,latex,naive,docx,single,process_engineer,REJECT,REJECT,0.1
p02,latex,layout_aware,docx,single,mechanical_design,REJECT,REJECT,0.07142857142857142
p02,latex,layout_aware,docx,single,ml_intern,PASS,PASS,0.5714285714285714
p02,latex,layout_aware,docx,single,process_engineer,REJECT,REJECT,0.1
p02,latex,naive,docx,two_column,mechanical_design,REJECT,REJECT,0.07142857142857142
p02,latex,naive,docx,two_column,ml_intern,PASS,PASS,0.5714285714285714
p02,latex,naive,docx,two_column,process_engineer,REJECT,REJECT,0.1
p02,latex,layout_aware,docx,two_column,mechanical_design,REJECT,REJECT,0.07142857142857142
p02,latex,layout_aware,docx,two_column,ml_intern,PASS,PASS,0.5714285714285714
p02,latex,layout_aware,docx,two_column,process_engineer,REJECT,REJECT,0.1
p02,latex,naive,docx,table,mechanical_design,REJECT,REJECT,0.07142857142857142
p02,latex,naive,docx,table,ml_intern,PASS,PASS,0.5714285714285714
p02,latex,naive,docx,table,process_engineer,REJECT,REJECT,0.1
p02,latex,layout_aware,docx,table,mechanical_design,REJECT,REJECT,0.07142857142857142
p02,latex,layout_aware,docx,table,ml_intern,PASS,PASS,0.5714285714285714
p02,latex,layout_aware,docx,table,process_engineer,REJECT,REJECT,0.1
p02,latex,naive,docx,textbox,mechanical_design,REJECT,REJECT,0.07142857142857142
p02,latex,naive,docx,textbox,ml_intern,PASS,PASS,0.5714285714285714
p02,latex,naive,docx,textbox,process_engineer,REJECT,REJECT,0.1
p02,latex,layout_aware,docx,textbox,mechanical_design,REJECT,REJECT,0.07142857142857142
p02,latex,layout_aware,docx,textbox,ml_intern,PASS,PASS,0.5714285714285714
p02,latex,layout_aware,docx,textbox,process_engineer,REJECT,REJECT,0.1
p02,career_center,naive,pdf,single,mechanical_design,REJECT,REJECT,0.07142857142857142
p02,career_center,naive,pdf,single,ml_intern,PASS,PASS,0.5714285714285714
p02,career_center,naive,pdf,single,process_engineer,REJECT,REJECT,0.1
p02,career_center,layout_aware,pdf,single,mechanical_design,REJECT,REJECT,0.07142857142857142
p02,career_center,layout_aware,pdf,single,ml_intern,PASS,PASS,0.5714285714285714
p02,career_center,layout_aware,pdf,single,process_engineer,REJECT,REJECT,0.1
p02,career_center,naive,pdf,two_column,mechanical_design,REJECT,REJECT,0.07142857142857142
p02,career_center,naive,pdf,two_column,ml_intern,REJECT,REJECT,0.5714285714285714
p02,career_center,naive,pdf,two_column,process_engineer,REJECT,REJECT,0.1
p02,career_center,layout_aware,pdf,two_column,mechanical_design,REVIEW,REJECT,0.07142857142857142
p02,career_center,layout_aware,pdf,two_column,ml_intern,REVIEW,REJECT,0.5714285714285714
p02,career_center,layout_aware,pdf,two_column,process_engineer,REVIEW,REJECT,0.1
p02,career_center,naive,pdf,table,mechanical_design,REVIEW,REJECT,0.07142857142857142
p02,career_center,naive,pdf,table,ml_intern,REVIEW,REJECT,0.5714285714285714
p02,career_center,naive,pdf,table,process_engineer,REVIEW,REJECT,0.1
p02,career_center,layout_aware,pdf,table,mechanical_design,REJECT,REJECT,0.07142857142857142
p02,career_center,layout_aware,pdf,table,ml_intern,PASS,PASS,0.5714285714285714
p02,career_center,layout_aware,pdf,table,process_engineer,REJECT,REJECT,0.1
p02,career_center,naive,pdf,textbox,mechanical_design,REJECT,REJECT,0.07142857142857142
p02,career_center,naive,pdf,textbox,ml_intern,PASS,PASS,0.5714285714285714
p02,career_center,naive,pdf,textbox,process_engineer,REJECT,REJECT,0.1
p02,career_center,layout_aware,pdf,textbox,mechanical_design,REJECT,REJECT,0.07142857142857142
p02,career_center,layout_aware,pdf,textbox,ml_intern,PASS,PASS,0.5714285714285714
p02,career_center,layout_aware,pdf,textbox,process_engineer,REJECT,REJECT,0.1
p02,career_center,naive,docx,single,mechanical_design,REJECT,REJECT,0.07142857142857142
p02,career_center,naive,docx,single,ml_intern,PASS,PASS,0.5714285714285714
p02,career_center,naive,docx,single,process_engineer,REJECT,REJECT,0.1
p02,career_center,layout_aware,docx,single,mechanical_design,REJECT,REJECT,0.07142857142857142
p02,career_center,layout_aware,docx,single,ml_intern,PASS,PASS,0.5714285714285714
p02,career_center,layout_aware,docx,single,process_engineer,REJECT,REJECT,0.1
p02,career_center,naive,docx,two_column,mechanical_design,REJECT,REJECT,0.07142857142857142
p02,career_center,naive,docx,two_column,ml_intern,PASS,PASS,0.5714285714285714
p02,career_center,naive,docx,two_column,process_engineer,REJECT,REJECT,0.1
p02,career_center,layout_aware,docx,two_column,mechanical_design,REJECT,REJECT,0.07142857142857142
p02,career_center,layout_aware,docx,two_column,ml_intern,PASS,PASS,0.5714285714285714
p02,career_center,layout_aware,docx,two_column,process_engineer,REJECT,REJECT,0.1
p02,career_center,naive,docx,table,mechanical_design,REJECT,REJECT,0.07142857142857142
p02,career_center,naive,docx,table,ml_intern,PASS,PASS,0.5714285714285714
p02,career_center,naive,docx,table,process_engineer,REJECT,REJECT,0.1
p02,career_center,layout_aware,docx,table,mechanical_design,REJECT,REJECT,0.07142857142857142
p02,career_center,layout_aware,docx,table,ml_intern,PASS,PASS,0.5714285714285714
p02,career_center,layout_aware,docx,table,process_engineer,REJECT,REJECT,0.1
p02,career_center,naive,docx,textbox,mechanical_design,REJECT,REJECT,0.07142857142857142
p02,career_center,naive,docx,textbox,ml_intern,PASS,PASS,0.5714285714285714
p02,career_center,naive,docx,textbox,process_engineer,REJECT,REJECT,0.1
p02,career_center,layout_aware,docx,textbox,mechanical_design,REJECT,REJECT,0.07142857142857142
p02,career_center,layout_aware,docx,textbox,ml_intern,PASS,PASS,0.5714285714285714
p02,career_center,layout_aware,docx,textbox,process_engineer,REJECT,REJECT,0.1
p02,hybrid,naive,pdf,single,mechanical_design,REVIEW,REJECT,0.07142857142857142
p02,hybrid,naive,pdf,single,ml_intern,REVIEW,REJECT,0.5714285714285714
p02,hybrid,naive,pdf,single,process_engineer,REVIEW,REJECT,0.1
p02,hybrid,layout_aware,pdf,single,mechanical_design,REVIEW,REJECT,0.07142857142857142
p02,hybrid,layout_aware,pdf,single,ml_intern,REVIEW,REJECT,0.5714285714285714
p02,hybrid,layout_aware,pdf,single,process_engineer,REVIEW,REJECT,0.1
p02,hybrid,naive,pdf,two_column,mechanical_design,REVIEW,REJECT,0.07142857142857142
p02,hybrid,naive,pdf,two_column,ml_intern,REVIEW,REJECT,0.5714285714285714
p02,hybrid,naive,pdf,two_column,process_engineer,REVIEW,REJECT,0.1
p02,hybrid,layout_aware,pdf,two_column,mechanical_design,REVIEW,REJECT,0.07142857142857142
p02,hybrid,layout_aware,pdf,two_column,ml_intern,REVIEW,REJECT,0.5714285714285714
p02,hybrid,layout_aware,pdf,two_column,process_engineer,REVIEW,REJECT,0.1
p02,hybrid,naive,pdf,table,mechanical_design,REVIEW,REJECT,0.07142857142857142
p02,hybrid,naive,pdf,table,ml_intern,REVIEW,REJECT,0.5714285714285714
p02,hybrid,naive,pdf,table,process_engineer,REVIEW,REJECT,0.1
p02,hybrid,layout_aware,pdf,table,mechanical_design,REVIEW,REJECT,0.07142857142857142
p02,hybrid,layout_aware,pdf,table,ml_intern,REVIEW,REJECT,0.5714285714285714
p02,hybrid,layout_aware,pdf,table,process_engineer,REVIEW,REJECT,0.1
p02,hybrid,naive,pdf,textbox,mechanical_design,REVIEW,REJECT,0.07142857142857142
p02,hybrid,naive,pdf,textbox,ml_intern,REVIEW,REJECT,0.5714285714285714
p02,hybrid,naive,pdf,textbox,process_engineer,REVIEW,REJECT,0.1
p02,hybrid,layout_aware,pdf,textbox,mechanical_design,REVIEW,REJECT,0.07142857142857142
p02,hybrid,layout_aware,pdf,textbox,ml_intern,REVIEW,REJECT,0.5714285714285714
p02,hybrid,layout_aware,pdf,textbox,process_engineer,REVIEW,REJECT,0.1
p02,hybrid,naive,docx,single,mechanical_design,REVIEW,REJECT,0.07142857142857142
p02,hybrid,naive,docx,single,ml_intern,REVIEW,REJECT,0.5714285714285714
p02,hybrid,naive,docx,single,process_engineer,REVIEW,REJECT,0.1
p02,hybrid,layout_aware,docx,single,mechanical_design,REVIEW,REJECT,0.07142857142857142
p02,hybrid,layout_aware,docx,single,ml_intern,REVIEW,REJECT,0.5714285714285714
p02,hybrid,layout_aware,docx,single,process_engineer,REVIEW,REJECT,0.1
p02,hybrid,naive,docx,two_column,mechanical_design,REVIEW,REJECT,0.07142857142857142
p02,hybrid,naive,docx,two_column,ml_intern,REVIEW,REJECT,0.5714285714285714
p02,hybrid,naive,docx,two_column,process_engineer,REVIEW,REJECT,0.1
p02,hybrid,layout_aware,docx,two_column,mechanical_design,REVIEW,REJECT,0.07142857142857142
p02,hybrid,layout_aware,docx,two_column,ml_intern,REVIEW,REJECT,0.5714285714285714
p02,hybrid,layout_aware,docx,two_column,process_engineer,REVIEW,REJECT,0.1
p02,hybrid,naive,docx,table,mechanical_design,REVIEW,REJECT,0.07142857142857142
p02,hybrid,naive,docx,table,ml_intern,REVIEW,REJECT,0.5714285714285714
p02,hybrid,naive,docx,table,process_engineer,REVIEW,REJECT,0.1
p02,hybrid,layout_aware,docx,table,mechanical_design,REVIEW,REJECT,0.07142857142857142
p02,hybrid,layout_aware,docx,table,ml_intern,REVIEW,REJECT,0.5714285714285714
p02,hybrid,layout_aware,docx,table,process_engineer,REVIEW,REJECT,0.1
p02,hybrid,naive,docx,textbox,mechanical_design,REVIEW,REJECT,0.07142857142857142
p02,hybrid,naive,docx,textbox,ml_intern,REVIEW,REJECT,0.5714285714285714
p02,hybrid,naive,docx,textbox,process_engineer,REVIEW,REJECT,0.1
p02,hybrid,layout_aware,docx,textbox,mechanical_design,REVIEW,REJECT,0.07142857142857142
p02,hybrid,layout_aware,docx,textbox,ml_intern,REVIEW,REJECT,0.5714285714285714
p02,hybrid,layout_aware,docx,textbox,process_engineer,REVIEW,REJECT,0.1
p03,classic,naive,pdf,single,mechanical_design,REJECT,REJECT,0.07142857142857142
p03,classic,naive,pdf,single,ml_intern,REJECT,REJECT,0.6428571428571429
p03,classic,naive,pdf,single,process_engineer,REJECT,REJECT,0.1
p03,classic,layout_aware,pdf,single,mechanical_design,REJECT,REJECT,0.07142857142857142
p03,classic,layout_aware,pdf,single,ml_intern,REJECT,REJECT,0.6428571428571429
p03,classic,layout_aware,pdf,single,process_engineer,REJECT,REJECT,0.1
p03,classic,naive,pdf,two_column,mechanical_design,REJECT,REJECT,0.07142857142857142
p03,classic,naive,pdf,two_column,ml_intern,REJECT,REJECT,0.5
p03,classic,naive,pdf,two_column,process_engineer,REJECT,REJECT,0.1
p03,classic,layout_aware,pdf,two_column,mechanical_design,REJECT,REJECT,0.07142857142857142
p03,classic,layout_aware,pdf,two_column,ml_intern,REJECT,REJECT,0.6428571428571429
p03,classic,layout_aware,pdf,two_column,process_engineer,REJECT,REJECT,0.1
p03,classic,naive,pdf,table,mechanical_design,REVIEW,REJECT,0.07142857142857142
p03,classic,naive,pdf,table,ml_intern,REJECT,REJECT,0.6428571428571429
p03,classic,naive,pdf,table,process_engineer,REVIEW,REJECT,0.1
p03,classic,layout_aware,pdf,table,mechanical_design,REJECT,REJECT,0.07142857142857142
p03,classic,layout_aware,pdf,table,ml_intern,REJECT,REJECT,0.6428571428571429
p03,classic,layout_aware,pdf,table,process_engineer,REJECT,REJECT,0.1
p03,classic,naive,pdf,textbox,mechanical_design,REJECT,REJECT,0.07142857142857142
p03,classic,naive,pdf,textbox,ml_intern,REJECT,REJECT,0.5
p03,classic,naive,pdf,textbox,process_engineer,REJECT,REJECT,0.1
p03,classic,layout_aware,pdf,textbox,mechanical_design,REJECT,REJECT,0.07142857142857142
p03,classic,layout_aware,pdf,textbox,ml_intern,REJECT,REJECT,0.6428571428571429
p03,classic,layout_aware,pdf,textbox,process_engineer,REJECT,REJECT,0.1
p03,classic,naive,docx,single,mechanical_design,REJECT,REJECT,0.07142857142857142
p03,classic,naive,docx,single,ml_intern,REJECT,REJECT,0.6428571428571429
p03,classic,naive,docx,single,process_engineer,REJECT,REJECT,0.1
p03,classic,layout_aware,docx,single,mechanical_design,REJECT,REJECT,0.07142857142857142
p03,classic,layout_aware,docx,single,ml_intern,REJECT,REJECT,0.6428571428571429
p03,classic,layout_aware,docx,single,process_engineer,REJECT,REJECT,0.1
p03,classic,naive,docx,two_column,mechanical_design,REJECT,REJECT,0.07142857142857142
p03,classic,naive,docx,two_column,ml_intern,REJECT,REJECT,0.6428571428571429
p03,classic,naive,docx,two_column,process_engineer,REJECT,REJECT,0.1
p03,classic,layout_aware,docx,two_column,mechanical_design,REJECT,REJECT,0.07142857142857142
p03,classic,layout_aware,docx,two_column,ml_intern,REJECT,REJECT,0.6428571428571429
p03,classic,layout_aware,docx,two_column,process_engineer,REJECT,REJECT,0.1
p03,classic,naive,docx,table,mechanical_design,REJECT,REJECT,0.07142857142857142
p03,classic,naive,docx,table,ml_intern,REJECT,REJECT,0.6428571428571429
p03,classic,naive,docx,table,process_engineer,REJECT,REJECT,0.1
p03,classic,layout_aware,docx,table,mechanical_design,REJECT,REJECT,0.07142857142857142
p03,classic,layout_aware,docx,table,ml_intern,REJECT,REJECT,0.6428571428571429
p03,classic,layout_aware,docx,table,process_engineer,REJECT,REJECT,0.1
p03,classic,naive,docx,textbox,mechanical_design,REJECT,REJECT,0.0
p03,classic,naive,docx,textbox,ml_intern,REJECT,REJECT,0.21428571428571427
p03,classic,naive,docx,textbox,process_engineer,REJECT,REJECT,0.0
p03,classic,layout_aware,docx,textbox,mechanical_design,REJECT,REJECT,0.07142857142857142
p03,classic,layout_aware,docx,textbox,ml_intern,REJECT,REJECT,0.6428571428571429
p03,classic,layout_aware,docx,textbox,process_engineer,REJECT,REJECT,0.1
p03,modern,naive,pdf,single,mechanical_design,REVIEW,REJECT,0.07142857142857142
p03,modern,naive,pdf,single,ml_intern,REJECT,REJECT,0.6428571428571429
p03,modern,naive,pdf,single,process_engineer,REJECT,REJECT,0.1
p03,modern,layout_aware,pdf,single,mechanical_design,REVIEW,REJECT,0.07142857142857142
p03,modern,layout_aware,pdf,single,ml_intern,REJECT,REJECT,0.6428571428571429
p03,modern,layout_aware,pdf,single,process_engineer,REJECT,REJECT,0.1
p03,modern,naive,pdf,two_column,mechanical_design,REVIEW,REJECT,0.07142857142857142
p03,modern,naive,pdf,two_column,ml_intern,REJECT,REJECT,0.6428571428571429
p03,modern,naive,pdf,two_column,process_engineer,REJECT,REJECT,0.1
p03,modern,layout_aware,pdf,two_column,mechanical_design,REVIEW,REJECT,0.07142857142857142
p03,modern,layout_aware,pdf,two_column,ml_intern,REJECT,REJECT,0.6428571428571429
p03,modern,layout_aware,pdf,two_column,process_engineer,REJECT,REJECT,0.1
p03,modern,naive,pdf,table,mechanical_design,REVIEW,REJECT,0.07142857142857142
p03,modern,naive,pdf,table,ml_intern,REJECT,REJECT,0.6428571428571429
p03,modern,naive,pdf,table,process_engineer,REVIEW,REJECT,0.1
p03,modern,layout_aware,pdf,table,mechanical_design,REVIEW,REJECT,0.07142857142857142
p03,modern,layout_aware,pdf,table,ml_intern,REJECT,REJECT,0.6428571428571429
p03,modern,layout_aware,pdf,table,process_engineer,REJECT,REJECT,0.1
p03,modern,naive,pdf,textbox,mechanical_design,REVIEW,REJECT,0.07142857142857142
p03,modern,naive,pdf,textbox,ml_intern,REJECT,REJECT,0.5
p03,modern,naive,pdf,textbox,process_engineer,REVIEW,REJECT,0.1
p03,modern,layout_aware,pdf,textbox,mechanical_design,REVIEW,REJECT,0.07142857142857142
p03,modern,layout_aware,pdf,textbox,ml_intern,REJECT,REJECT,0.6428571428571429
p03,modern,layout_aware,pdf,textbox,process_engineer,REJECT,REJECT,0.1
p03,modern,naive,docx,single,mechanical_design,REVIEW,REJECT,0.07142857142857142
p03,modern,naive,docx,single,ml_intern,REJECT,REJECT,0.6428571428571429
p03,modern,naive,docx,single,process_engineer,REJECT,REJECT,0.1
p03,modern,layout_aware,docx,single,mechanical_design,REVIEW,REJECT,0.07142857142857142
p03,modern,layout_aware,docx,single,ml_intern,REJECT,REJECT,0.6428571428571429
p03,modern,layout_aware,docx,single,process_engineer,REJECT,REJECT,0.1
p03,modern,naive,docx,two_column,mechanical_design,REVIEW,REJECT,0.07142857142857142
p03,modern,naive,docx,two_column,ml_intern,REJECT,REJECT,0.6428571428571429
p03,modern,naive,docx,two_column,process_engineer,REJECT,REJECT,0.1
p03,modern,layout_aware,docx,two_column,mechanical_design,REVIEW,REJECT,0.07142857142857142
p03,modern,layout_aware,docx,two_column,ml_intern,REJECT,REJECT,0.6428571428571429
p03,modern,layout_aware,docx,two_column,process_engineer,REJECT,REJECT,0.1
p03,modern,naive,docx,table,mechanical_design,REVIEW,REJECT,0.07142857142857142
p03,modern,naive,docx,table,ml_intern,REJECT,REJECT,0.6428571428571429
p03,modern,naive,docx,table,process_engineer,REJECT,REJECT,0.1
p03,modern,layout_aware,docx,table,mechanical_design,REVIEW,REJECT,0.07142857142857142
p03,modern,layout_aware,docx,table,ml_intern,REJECT,REJECT,0.6428571428571429
p03,modern,layout_aware,docx,table,process_engineer,REJECT,REJECT,0.1
p03,modern,naive,docx,textbox,mechanical_design,REVIEW,REJECT,0.07142857142857142
p03,modern,naive,docx,textbox,ml_intern,REJECT,REJECT,0.35714285714285715
p03,modern,naive,docx,textbox,process_engineer,REJECT,REJECT,0.1
p03,modern,layout_aware,docx,textbox,mechanical_design,REVIEW,REJECT,0.07142857142857142
p03,modern,layout_aware,docx,textbox,ml_intern,REJECT,REJECT,0.6428571428571429
p03,modern,layout_aware,docx,textbox,process_engineer,REJECT,REJECT,0.1
p03,latex,naive,pdf,single,mechanical_design,REJECT,REJECT,0.07142857142857142
p03,latex,naive,pdf,single,ml_intern,REJECT,REJECT,0.6428571428571429
p03,latex,naive,pdf,single,process_engineer,REJECT,REJECT,0.1
p03,latex,layout_aware,pdf,single,mechanical_design,REJECT,REJECT,0.07142857142857142
p03,latex,layout_aware,pdf,single,ml_intern,REJECT,REJECT,0.6428571428571429
p03,latex,layout_aware,pdf,single,process_engineer,REJECT,REJECT,0.1
p03,latex,naive,pdf,two_column,mechanical_design,REJECT,REJECT,0.07142857142857142
p03,latex,naive,pdf,two_column,ml_intern,REJECT,REJECT,0.6428571428571429
p03,latex,naive,pdf,two_column,process_engineer,REJECT,REJECT,0.1
p03,latex,layout_aware,pdf,two_column,mechanical_design,REJECT,REJECT,0.07142857142857142
p03,latex,layout_aware,pdf,two_column,ml_intern,REJECT,REJECT,0.6428571428571429
p03,latex,layout_aware,pdf,two_column,process_engineer,REJECT,REJECT,0.1
p03,latex,naive,pdf,table,mechanical_design,REVIEW,REJECT,0.07142857142857142
p03,latex,naive,pdf,table,ml_intern,REJECT,REJECT,0.6428571428571429
p03,latex,naive,pdf,table,process_engineer,REVIEW,REJECT,0.1
p03,latex,layout_aware,pdf,table,mechanical_design,REJECT,REJECT,0.07142857142857142
p03,latex,layout_aware,pdf,table,ml_intern,REJECT,REJECT,0.6428571428571429
p03,latex,layout_aware,pdf,table,process_engineer,REJECT,REJECT,0.1
p03,latex,naive,pdf,textbox,mechanical_design,REJECT,REJECT,0.07142857142857142
p03,latex,naive,pdf,textbox,ml_intern,REJECT,REJECT,0.5
p03,latex,naive,pdf,textbox,process_engineer,REJECT,REJECT,0.1
p03,latex,layout_aware,pdf,textbox,mechanical_design,REJECT,REJECT,0.07142857142857142
p03,latex,layout_aware,pdf,textbox,ml_intern,REJECT,REJECT,0.6428571428571429
p03,latex,layout_aware,pdf,textbox,process_engineer,REJECT,REJECT,0.1
p03,latex,naive,docx,single,mechanical_design,REJECT,REJECT,0.07142857142857142
p03,latex,naive,docx,single,ml_intern,REJECT,REJECT,0.6428571428571429
p03,latex,naive,docx,single,process_engineer,REJECT,REJECT,0.1
p03,latex,layout_aware,docx,single,mechanical_design,REJECT,REJECT,0.07142857142857142
p03,latex,layout_aware,docx,single,ml_intern,REJECT,REJECT,0.6428571428571429
p03,latex,layout_aware,docx,single,process_engineer,REJECT,REJECT,0.1
p03,latex,naive,docx,two_column,mechanical_design,REJECT,REJECT,0.07142857142857142
p03,latex,naive,docx,two_column,ml_intern,REJECT,REJECT,0.6428571428571429
p03,latex,naive,docx,two_column,process_engineer,REJECT,REJECT,0.1
p03,latex,layout_aware,docx,two_column,mechanical_design,REJECT,REJECT,0.07142857142857142
p03,latex,layout_aware,docx,two_column,ml_intern,REJECT,REJECT,0.6428571428571429
p03,latex,layout_aware,docx,two_column,process_engineer,REJECT,REJECT,0.1
p03,latex,naive,docx,table,mechanical_design,REJECT,REJECT,0.07142857142857142
p03,latex,naive,docx,table,ml_intern,REJECT,REJECT,0.6428571428571429
p03,latex,naive,docx,table,process_engineer,REJECT,REJECT,0.1
p03,latex,layout_aware,docx,table,mechanical_design,REJECT,REJECT,0.07142857142857142
p03,latex,layout_aware,docx,table,ml_intern,REJECT,REJECT,0.6428571428571429
p03,latex,layout_aware,docx,table,process_engineer,REJECT,REJECT,0.1
p03,latex,naive,docx,textbox,mechanical_design,REJECT,REJECT,0.0
p03,latex,naive,docx,textbox,ml_intern,REJECT,REJECT,0.21428571428571427
p03,latex,naive,docx,textbox,process_engineer,REJECT,REJECT,0.0
p03,latex,layout_aware,docx,textbox,mechanical_design,REJECT,REJECT,0.07142857142857142
p03,latex,layout_aware,docx,textbox,ml_intern,REJECT,REJECT,0.6428571428571429
p03,latex,layout_aware,docx,textbox,process_engineer,REJECT,REJECT,0.1
p03,career_center,naive,pdf,single,mechanical_design,REJECT,REJECT,0.07142857142857142
p03,career_center,naive,pdf,single,ml_intern,REJECT,REJECT,0.6428571428571429
p03,career_center,naive,pdf,single,process_engineer,REJECT,REJECT,0.1
p03,career_center,layout_aware,pdf,single,mechanical_design,REJECT,REJECT,0.07142857142857142
p03,career_center,layout_aware,pdf,single,ml_intern,REJECT,REJECT,0.6428571428571429
p03,career_center,layout_aware,pdf,single,process_engineer,REJECT,REJECT,0.1
p03,career_center,naive,pdf,two_column,mechanical_design,REVIEW,REJECT,0.07142857142857142
p03,career_center,naive,pdf,two_column,ml_intern,REJECT,REJECT,0.6428571428571429
p03,career_center,naive,pdf,two_column,process_engineer,REVIEW,REJECT,0.1
p03,career_center,layout_aware,pdf,two_column,mechanical_design,REVIEW,REJECT,0.07142857142857142
p03,career_center,layout_aware,pdf,two_column,ml_intern,REJECT,REJECT,0.6428571428571429
p03,career_center,layout_aware,pdf,two_column,process_engineer,REJECT,REJECT,0.1
p03,career_center,naive,pdf,table,mechanical_design,REVIEW,REJECT,0.07142857142857142
p03,career_center,naive,pdf,table,ml_intern,REJECT,REJECT,0.6428571428571429
p03,career_center,naive,pdf,table,process_engineer,REVIEW,REJECT,0.1
p03,career_center,layout_aware,pdf,table,mechanical_design,REJECT,REJECT,0.07142857142857142
p03,career_center,layout_aware,pdf,table,ml_intern,REJECT,REJECT,0.6428571428571429
p03,career_center,layout_aware,pdf,table,process_engineer,REJECT,REJECT,0.1
p03,career_center,naive,pdf,textbox,mechanical_design,REJECT,REJECT,0.07142857142857142
p03,career_center,naive,pdf,textbox,ml_intern,REJECT,REJECT,0.5
p03,career_center,naive,pdf,textbox,process_engineer,REJECT,REJECT,0.1
p03,career_center,layout_aware,pdf,textbox,mechanical_design,REJECT,REJECT,0.07142857142857142
p03,career_center,layout_aware,pdf,textbox,ml_intern,REJECT,REJECT,0.6428571428571429
p03,career_center,layout_aware,pdf,textbox,process_engineer,REJECT,REJECT,0.1
p03,career_center,naive,docx,single,mechanical_design,REJECT,REJECT,0.07142857142857142
p03,career_center,naive,docx,single,ml_intern,REJECT,REJECT,0.6428571428571429
p03,career_center,naive,docx,single,process_engineer,REJECT,REJECT,0.1
p03,career_center,layout_aware,docx,single,mechanical_design,REJECT,REJECT,0.07142857142857142
p03,career_center,layout_aware,docx,single,ml_intern,REJECT,REJECT,0.6428571428571429
p03,career_center,layout_aware,docx,single,process_engineer,REJECT,REJECT,0.1
p03,career_center,naive,docx,two_column,mechanical_design,REJECT,REJECT,0.07142857142857142
p03,career_center,naive,docx,two_column,ml_intern,REJECT,REJECT,0.6428571428571429
p03,career_center,naive,docx,two_column,process_engineer,REJECT,REJECT,0.1
p03,career_center,layout_aware,docx,two_column,mechanical_design,REJECT,REJECT,0.07142857142857142
p03,career_center,layout_aware,docx,two_column,ml_intern,REJECT,REJECT,0.6428571428571429
p03,career_center,layout_aware,docx,two_column,process_engineer,REJECT,REJECT,0.1
p03,career_center,naive,docx,table,mechanical_design,REJECT,REJECT,0.07142857142857142
p03,career_center,naive,docx,table,ml_intern,REJECT,REJECT,0.6428571428571429
p03,career_center,naive,docx,table,process_engineer,REJECT,REJECT,0.1
p03,career_center,layout_aware,docx,table,mechanical_design,REJECT,REJECT,0.07142857142857142
p03,career_center,layout_aware,docx,table,ml_intern,REJECT,REJECT,0.6428571428571429
p03,career_center,layout_aware,docx,table,process_engineer,REJECT,REJECT,0.1
p03,career_center,naive,docx,textbox,mechanical_design,REJECT,REJECT,0.0
p03,career_center,naive,docx,textbox,ml_intern,REJECT,REJECT,0.21428571428571427
p03,career_center,naive,docx,textbox,process_engineer,REJECT,REJECT,0.0
p03,career_center,layout_aware,docx,textbox,mechanical_design,REJECT,REJECT,0.07142857142857142
p03,career_center,layout_aware,docx,textbox,ml_intern,REJECT,REJECT,0.6428571428571429
p03,career_center,layout_aware,docx,textbox,process_engineer,REJECT,REJECT,0.1
p03,hybrid,naive,pdf,single,mechanical_design,REVIEW,REJECT,0.07142857142857142
p03,hybrid,naive,pdf,single,ml_intern,REJECT,REJECT,0.6428571428571429
p03,hybrid,naive,pdf,single,process_engineer,REVIEW,REJECT,0.1
p03,hybrid,layout_aware,pdf,single,mechanical_design,REVIEW,REJECT,0.07142857142857142
p03,hybrid,layout_aware,pdf,single,ml_intern,REJECT,REJECT,0.6428571428571429
p03,hybrid,layout_aware,pdf,single,process_engineer,REVIEW,REJECT,0.1
p03,hybrid,naive,pdf,two_column,mechanical_design,REVIEW,REJECT,0.07142857142857142
p03,hybrid,naive,pdf,two_column,ml_intern,REJECT,REJECT,0.6428571428571429
p03,hybrid,naive,pdf,two_column,process_engineer,REVIEW,REJECT,0.1
p03,hybrid,layout_aware,pdf,two_column,mechanical_design,REVIEW,REJECT,0.07142857142857142
p03,hybrid,layout_aware,pdf,two_column,ml_intern,REJECT,REJECT,0.6428571428571429
p03,hybrid,layout_aware,pdf,two_column,process_engineer,REVIEW,REJECT,0.1
p03,hybrid,naive,pdf,table,mechanical_design,REVIEW,REJECT,0.07142857142857142
p03,hybrid,naive,pdf,table,ml_intern,REJECT,REJECT,0.6428571428571429
p03,hybrid,naive,pdf,table,process_engineer,REVIEW,REJECT,0.1
p03,hybrid,layout_aware,pdf,table,mechanical_design,REVIEW,REJECT,0.07142857142857142
p03,hybrid,layout_aware,pdf,table,ml_intern,REJECT,REJECT,0.6428571428571429
p03,hybrid,layout_aware,pdf,table,process_engineer,REVIEW,REJECT,0.1
p03,hybrid,naive,pdf,textbox,mechanical_design,REVIEW,REJECT,0.07142857142857142
p03,hybrid,naive,pdf,textbox,ml_intern,REJECT,REJECT,0.6428571428571429
p03,hybrid,naive,pdf,textbox,process_engineer,REVIEW,REJECT,0.1
p03,hybrid,layout_aware,pdf,textbox,mechanical_design,REVIEW,REJECT,0.07142857142857142
p03,hybrid,layout_aware,pdf,textbox,ml_intern,REJECT,REJECT,0.6428571428571429
p03,hybrid,layout_aware,pdf,textbox,process_engineer,REVIEW,REJECT,0.1
p03,hybrid,naive,docx,single,mechanical_design,REVIEW,REJECT,0.07142857142857142
p03,hybrid,naive,docx,single,ml_intern,REJECT,REJECT,0.6428571428571429
p03,hybrid,naive,docx,single,process_engineer,REVIEW,REJECT,0.1
p03,hybrid,layout_aware,docx,single,mechanical_design,REVIEW,REJECT,0.07142857142857142
p03,hybrid,layout_aware,docx,single,ml_intern,REJECT,REJECT,0.6428571428571429
p03,hybrid,layout_aware,docx,single,process_engineer,REVIEW,REJECT,0.1
p03,hybrid,naive,docx,two_column,mechanical_design,REVIEW,REJECT,0.07142857142857142
p03,hybrid,naive,docx,two_column,ml_intern,REJECT,REJECT,0.6428571428571429
p03,hybrid,naive,docx,two_column,process_engineer,REVIEW,REJECT,0.1
p03,hybrid,layout_aware,docx,two_column,mechanical_design,REVIEW,REJECT,0.07142857142857142
p03,hybrid,layout_aware,docx,two_column,ml_intern,REJECT,REJECT,0.6428571428571429
p03,hybrid,layout_aware,docx,two_column,process_engineer,REVIEW,REJECT,0.1
p03,hybrid,naive,docx,table,mechanical_design,REVIEW,REJECT,0.07142857142857142
p03,hybrid,naive,docx,table,ml_intern,REJECT,REJECT,0.6428571428571429
p03,hybrid,naive,docx,table,process_engineer,REVIEW,REJECT,0.1
p03,hybrid,layout_aware,docx,table,mechanical_design,REVIEW,REJECT,0.07142857142857142
p03,hybrid,layout_aware,docx,table,ml_intern,REJECT,REJECT,0.6428571428571429
p03,hybrid,layout_aware,docx,table,process_engineer,REVIEW,REJECT,0.1
p03,hybrid,naive,docx,textbox,mechanical_design,REVIEW,REJECT,0.07142857142857142
p03,hybrid,naive,docx,textbox,ml_intern,REJECT,REJECT,0.35714285714285715
p03,hybrid,naive,docx,textbox,process_engineer,REVIEW,REJECT,0.1
p03,hybrid,layout_aware,docx,textbox,mechanical_design,REVIEW,REJECT,0.07142857142857142
p03,hybrid,layout_aware,docx,textbox,ml_intern,REJECT,REJECT,0.6428571428571429
p03,hybrid,layout_aware,docx,textbox,process_engineer,REVIEW,REJECT,0.1
p04,classic,naive,pdf,single,mechanical_design,REJECT,REJECT,0.07142857142857142
p04,classic,naive,pdf,single,ml_intern,PASS,PASS,0.5
p04,classic,naive,pdf,single,process_engineer,REJECT,REJECT,0.1
p04,classic,layout_aware,pdf,single,mechanical_design,REJECT,REJECT,0.07142857142857142
p04,classic,layout_aware,pdf,single,ml_intern,PASS,PASS,0.5
p04,classic,layout_aware,pdf,single,process_engineer,REJECT,REJECT,0.1
p04,classic,naive,pdf,two_column,mechanical_design,REJECT,REJECT,0.07142857142857142
p04,classic,naive,pdf,two_column,ml_intern,PASS,PASS,0.5
p04,classic,naive,pdf,two_column,process_engineer,REJECT,REJECT,0.1
p04,classic,layout_aware,pdf,two_column,mechanical_design,REJECT,REJECT,0.07142857142857142
p04,classic,layout_aware,pdf,two_column,ml_intern,PASS,PASS,0.5
p04,classic,layout_aware,pdf,two_column,process_engineer,REJECT,REJECT,0.1
p04,classic,naive,pdf,table,mechanical_design,REVIEW,REJECT,0.07142857142857142
p04,classic,naive,pdf,table,ml_intern,REVIEW,REJECT,0.5
p04,classic,naive,pdf,table,process_engineer,REVIEW,REJECT,0.1
p04,classic,layout_aware,pdf,table,mechanical_design,REJECT,REJECT,0.07142857142857142
p04,classic,layout_aware,pdf,table,ml_intern,PASS,PASS,0.5
p04,classic,layout_aware,pdf,table,process_engineer,REJECT,REJECT,0.1
p04,classic,naive,pdf,textbox,mechanical_design,REJECT,REJECT,0.07142857142857142
p04,classic,naive,pdf,textbox,ml_intern,PASS,PASS,0.5
p04,classic,naive,pdf,textbox,process_engineer,REJECT,REJECT,0.1
p04,classic,layout_aware,pdf,textbox,mechanical_design,REJECT,REJECT,0.07142857142857142
p04,classic,layout_aware,pdf,textbox,ml_intern,PASS,PASS,0.5
p04,classic,layout_aware,pdf,textbox,process_engineer,REJECT,REJECT,0.1
p04,classic,naive,docx,single,mechanical_design,REJECT,REJECT,0.07142857142857142
p04,classic,naive,docx,single,ml_intern,PASS,PASS,0.5
p04,classic,naive,docx,single,process_engineer,REJECT,REJECT,0.1
p04,classic,layout_aware,docx,single,mechanical_design,REJECT,REJECT,0.07142857142857142
p04,classic,layout_aware,docx,single,ml_intern,PASS,PASS,0.5
p04,classic,layout_aware,docx,single,process_engineer,REJECT,REJECT,0.1
p04,classic,naive,docx,two_column,mechanical_design,REJECT,REJECT,0.07142857142857142
p04,classic,naive,docx,two_column,ml_intern,PASS,PASS,0.5
p04,classic,naive,docx,two_column,process_engineer,REJECT,REJECT,0.1
p04,classic,layout_aware,docx,two_column,mechanical_design,REJECT,REJECT,0.07142857142857142
p04,classic,layout_aware,docx,two_column,ml_intern,PASS,PASS,0.5
p04,classic,layout_aware,docx,two_column,process_engineer,REJECT,REJECT,0.1
p04,classic,naive,docx,table,mechanical_design,REJECT,REJECT,0.07142857142857142
p04,classic,naive,docx,table,ml_intern,PASS,PASS,0.5
p04,classic,naive,docx,table,process_engineer,REJECT,REJECT,0.1
p04,classic,layout_aware,docx,table,mechanical_design,REJECT,REJECT,0.07142857142857142
p04,classic,layout_aware,docx,table,ml_intern,PASS,PASS,0.5
p04,classic,layout_aware,docx,table,process_engineer,REJECT,REJECT,0.1
p04,classic,naive,docx,textbox,mechanical_design,REJECT,REJECT,0.07142857142857142
p04,classic,naive,docx,textbox,ml_intern,PASS,PASS,0.2857142857142857
p04,classic,naive,docx,textbox,process_engineer,REJECT,REJECT,0.1
p04,classic,layout_aware,docx,textbox,mechanical_design,REJECT,REJECT,0.07142857142857142
p04,classic,layout_aware,docx,textbox,ml_intern,PASS,PASS,0.5
p04,classic,layout_aware,docx,textbox,process_engineer,REJECT,REJECT,0.1
p04,modern,naive,pdf,single,mechanical_design,REVIEW,REJECT,0.07142857142857142
p04,modern,naive,pdf,single,ml_intern,REVIEW,REJECT,0.5
p04,modern,naive,pdf,single,process_engineer,REJECT,REJECT,0.1
p04,modern,layout_aware,pdf,single,mechanical_design,REVIEW,REJECT,0.07142857142857142
p04,modern,layout_aware,pdf,single,ml_intern,REVIEW,REJECT,0.5
p04,modern,layout_aware,pdf,single,process_engineer,REJECT,REJECT,0.1
p04,modern,naive,pdf,two_column,mechanical_design,REVIEW,REJECT,0.07142857142857142
p04,modern,naive,pdf,two_column,ml_intern,REVIEW,REJECT,0.5
p04,modern,naive,pdf,two_column,process_engineer,REJECT,REJECT,0.1
p04,modern,layout_aware,pdf,two_column,mechanical_design,REVIEW,REJECT,0.07142857142857142
p04,modern,layout_aware,pdf,two_column,ml_intern,REVIEW,REJECT,0.5
p04,modern,layout_aware,pdf,two_column,process_engineer,REJECT,REJECT,0.1
p04,modern,naive,pdf,table,mechanical_design,REVIEW,REJECT,0.07142857142857142
p04,modern,naive,pdf,table,ml_intern,REVIEW,REJECT,0.5
p04,modern,naive,pdf,table,process_engineer,REVIEW,REJECT,0.1
p04,modern,layout_aware,pdf,table,mechanical_design,REVIEW,REJECT,0.07142857142857142
p04,modern,layout_aware,pdf,table,ml_intern,REVIEW,REJECT,0.5
p04,modern,layout_aware,pdf,table,process_engineer,REJECT,REJECT,0.1
p04,modern,naive,pdf,textbox,mechanical_design,REVIEW,REJECT,0.07142857142857142
p04,modern,naive,pdf,textbox,ml_intern,REVIEW,REJECT,0.5
p04,modern,naive,pdf,textbox,process_engineer,REVIEW,REJECT,0.1
p04,modern,layout_aware,pdf,textbox,mechanical_design,REVIEW,REJECT,0.07142857142857142
p04,modern,layout_aware,pdf,textbox,ml_intern,REVIEW,REJECT,0.5
p04,modern,layout_aware,pdf,textbox,process_engineer,REJECT,REJECT,0.1
p04,modern,naive,docx,single,mechanical_design,REVIEW,REJECT,0.07142857142857142
p04,modern,naive,docx,single,ml_intern,REVIEW,REJECT,0.5
p04,modern,naive,docx,single,process_engineer,REJECT,REJECT,0.1
p04,modern,layout_aware,docx,single,mechanical_design,REVIEW,REJECT,0.07142857142857142
p04,modern,layout_aware,docx,single,ml_intern,REVIEW,REJECT,0.5
p04,modern,layout_aware,docx,single,process_engineer,REJECT,REJECT,0.1
p04,modern,naive,docx,two_column,mechanical_design,REVIEW,REJECT,0.07142857142857142
p04,modern,naive,docx,two_column,ml_intern,REVIEW,REJECT,0.5
p04,modern,naive,docx,two_column,process_engineer,REJECT,REJECT,0.1
p04,modern,layout_aware,docx,two_column,mechanical_design,REVIEW,REJECT,0.07142857142857142
p04,modern,layout_aware,docx,two_column,ml_intern,REVIEW,REJECT,0.5
p04,modern,layout_aware,docx,two_column,process_engineer,REJECT,REJECT,0.1
p04,modern,naive,docx,table,mechanical_design,REVIEW,REJECT,0.07142857142857142
p04,modern,naive,docx,table,ml_intern,REVIEW,REJECT,0.5
p04,modern,naive,docx,table,process_engineer,REJECT,REJECT,0.1
p04,modern,layout_aware,docx,table,mechanical_design,REVIEW,REJECT,0.07142857142857142
p04,modern,layout_aware,docx,table,ml_intern,REVIEW,REJECT,0.5
p04,modern,layout_aware,docx,table,process_engineer,REJECT,REJECT,0.1
p04,modern,naive,docx,textbox,mechanical_design,REVIEW,REJECT,0.07142857142857142
p04,modern,naive,docx,textbox,ml_intern,REVIEW,REJECT,0.2857142857142857
p04,modern,naive,docx,textbox,process_engineer,REJECT,REJECT,0.1
p04,modern,layout_aware,docx,textbox,mechanical_design,REVIEW,REJECT,0.07142857142857142
p04,modern,layout_aware,docx,textbox,ml_intern,REVIEW,REJECT,0.5
p04,modern,layout_aware,docx,textbox,process_engineer,REJECT,REJECT,0.1
p04,latex,naive,pdf,single,mechanical_design,REJECT,REJECT,0.07142857142857142
p04,latex,naive,pdf,single,ml_intern,PASS,PASS,0.5
p04,latex,naive,pdf,single,process_engineer,REJECT,REJECT,0.1
p04,latex,layout_aware,pdf,single,mechanical_design,REJECT,REJECT,0.07142857142857142
p04,latex,layout_aware,pdf,single,ml_intern,PASS,PASS,0.5
p04,latex,layout_aware,pdf,single,process_engineer,REJECT,REJECT,0.1
p04,latex,naive,pdf,two_column,mechanical_design,REJECT,REJECT,0.07142857142857142
p04,latex,naive,pdf,two_column,ml_intern,REJECT,REJECT,0.5
p04,latex,naive,pdf,two_column,process_engineer,REJECT,REJECT,0.1
p04,latex,layout_aware,pdf,two_column,mechanical_design,REJECT,REJECT,0.07142857142857142
p04,latex,layout_aware,pdf,two_column,ml_intern,REJECT,REJECT,0.5
p04,latex,layout_aware,pdf,two_column,process_engineer,REJECT,REJECT,0.1
p04,latex,naive,pdf,table,mechanical_design,REVIEW,REJECT,0.07142857142857142
p04,latex,naive,pdf,table,ml_intern,REVIEW,REJECT,0.5
p04,latex,naive,pdf,table,process_engineer,REVIEW,REJECT,0.1
p04,latex,layout_aware,pdf,table,mechanical_design,REJECT,REJECT,0.07142857142857142
p04,latex,layout_aware,pdf,table,ml_intern,PASS,PASS,0.5
p04,latex,layout_aware,pdf,table,process_engineer,REJECT,REJECT,0.1
p04,latex,naive,pdf,textbox,mechanical_design,REJECT,REJECT,0.07142857142857142
p04,latex,naive,pdf,textbox,ml_intern,PASS,PASS,0.5
p04,latex,naive,pdf,textbox,process_engineer,REJECT,REJECT,0.1
p04,latex,layout_aware,pdf,textbox,mechanical_design,REJECT,REJECT,0.07142857142857142
p04,latex,layout_aware,pdf,textbox,ml_intern,PASS,PASS,0.5
p04,latex,layout_aware,pdf,textbox,process_engineer,REJECT,REJECT,0.1
p04,latex,naive,docx,single,mechanical_design,REJECT,REJECT,0.07142857142857142
p04,latex,naive,docx,single,ml_intern,PASS,PASS,0.5
p04,latex,naive,docx,single,process_engineer,REJECT,REJECT,0.1
p04,latex,layout_aware,docx,single,mechanical_design,REJECT,REJECT,0.07142857142857142
p04,latex,layout_aware,docx,single,ml_intern,PASS,PASS,0.5
p04,latex,layout_aware,docx,single,process_engineer,REJECT,REJECT,0.1
p04,latex,naive,docx,two_column,mechanical_design,REJECT,REJECT,0.07142857142857142
p04,latex,naive,docx,two_column,ml_intern,PASS,PASS,0.5
p04,latex,naive,docx,two_column,process_engineer,REJECT,REJECT,0.1
p04,latex,layout_aware,docx,two_column,mechanical_design,REJECT,REJECT,0.07142857142857142
p04,latex,layout_aware,docx,two_column,ml_intern,PASS,PASS,0.5
p04,latex,layout_aware,docx,two_column,process_engineer,REJECT,REJECT,0.1
p04,latex,naive,docx,table,mechanical_design,REJECT,REJECT,0.07142857142857142
p04,latex,naive,docx,table,ml_intern,PASS,PASS,0.5
p04,latex,naive,docx,table,process_engineer,REJECT,REJECT,0.1
p04,latex,layout_aware,docx,table,mechanical_design,REJECT,REJECT,0.07142857142857142
p04,latex,layout_aware,docx,table,ml_intern,PASS,PASS,0.5
p04,latex,layout_aware,docx,table,process_engineer,REJECT,REJECT,0.1
p04,latex,naive,docx,textbox,mechanical_design,REJECT,REJECT,0.07142857142857142
p04,latex,naive,docx,textbox,ml_intern,PASS,PASS,0.2857142857142857
p04,latex,naive,docx,textbox,process_engineer,REJECT,REJECT,0.1
p04,latex,layout_aware,docx,textbox,mechanical_design,REJECT,REJECT,0.07142857142857142
p04,latex,layout_aware,docx,textbox,ml_intern,PASS,PASS,0.5
p04,latex,layout_aware,docx,textbox,process_engineer,REJECT,REJECT,0.1
p04,career_center,naive,pdf,single,mechanical_design,REJECT,REJECT,0.07142857142857142
p04,career_center,naive,pdf,single,ml_intern,PASS,PASS,0.5
p04,career_center,naive,pdf,single,process_engineer,REJECT,REJECT,0.1
p04,career_center,layout_aware,pdf,single,mechanical_design,REJECT,REJECT,0.07142857142857142
p04,career_center,layout_aware,pdf,single,ml_intern,PASS,PASS,0.5
p04,career_center,layout_aware,pdf,single,process_engineer,REJECT,REJECT,0.1
p04,career_center,naive,pdf,two_column,mechanical_design,REJECT,REJECT,0.07142857142857142
p04,career_center,naive,pdf,two_column,ml_intern,REJECT,REJECT,0.5
p04,career_center,naive,pdf,two_column,process_engineer,REJECT,REJECT,0.1
p04,career_center,layout_aware,pdf,two_column,mechanical_design,REVIEW,REJECT,0.07142857142857142
p04,career_center,layout_aware,pdf,two_column,ml_intern,REVIEW,REJECT,0.5
p04,career_center,layout_aware,pdf,two_column,process_engineer,REJECT,REJECT,0.1
p04,career_center,naive,pdf,table,mechanical_design,REVIEW,REJECT,0.07142857142857142
p04,career_center,naive,pdf,table,ml_intern,REVIEW,REJECT,0.5
p04,career_center,naive,pdf,table,process_engineer,REVIEW,REJECT,0.1
p04,career_center,layout_aware,pdf,table,mechanical_design,REJECT,REJECT,0.07142857142857142
p04,career_center,layout_aware,pdf,table,ml_intern,PASS,PASS,0.5
p04,career_center,layout_aware,pdf,table,process_engineer,REJECT,REJECT,0.1
p04,career_center,naive,pdf,textbox,mechanical_design,REJECT,REJECT,0.07142857142857142
p04,career_center,naive,pdf,textbox,ml_intern,PASS,PASS,0.5
p04,career_center,naive,pdf,textbox,process_engineer,REJECT,REJECT,0.1
p04,career_center,layout_aware,pdf,textbox,mechanical_design,REJECT,REJECT,0.07142857142857142
p04,career_center,layout_aware,pdf,textbox,ml_intern,PASS,PASS,0.5
p04,career_center,layout_aware,pdf,textbox,process_engineer,REJECT,REJECT,0.1
p04,career_center,naive,docx,single,mechanical_design,REJECT,REJECT,0.07142857142857142
p04,career_center,naive,docx,single,ml_intern,PASS,PASS,0.5
p04,career_center,naive,docx,single,process_engineer,REJECT,REJECT,0.1
p04,career_center,layout_aware,docx,single,mechanical_design,REJECT,REJECT,0.07142857142857142
p04,career_center,layout_aware,docx,single,ml_intern,PASS,PASS,0.5
p04,career_center,layout_aware,docx,single,process_engineer,REJECT,REJECT,0.1
p04,career_center,naive,docx,two_column,mechanical_design,REJECT,REJECT,0.07142857142857142
p04,career_center,naive,docx,two_column,ml_intern,PASS,PASS,0.5
p04,career_center,naive,docx,two_column,process_engineer,REJECT,REJECT,0.1
p04,career_center,layout_aware,docx,two_column,mechanical_design,REJECT,REJECT,0.07142857142857142
p04,career_center,layout_aware,docx,two_column,ml_intern,PASS,PASS,0.5
p04,career_center,layout_aware,docx,two_column,process_engineer,REJECT,REJECT,0.1
p04,career_center,naive,docx,table,mechanical_design,REJECT,REJECT,0.07142857142857142
p04,career_center,naive,docx,table,ml_intern,PASS,PASS,0.5
p04,career_center,naive,docx,table,process_engineer,REJECT,REJECT,0.1
p04,career_center,layout_aware,docx,table,mechanical_design,REJECT,REJECT,0.07142857142857142
p04,career_center,layout_aware,docx,table,ml_intern,PASS,PASS,0.5
p04,career_center,layout_aware,docx,table,process_engineer,REJECT,REJECT,0.1
p04,career_center,naive,docx,textbox,mechanical_design,REJECT,REJECT,0.07142857142857142
p04,career_center,naive,docx,textbox,ml_intern,PASS,PASS,0.2857142857142857
p04,career_center,naive,docx,textbox,process_engineer,REJECT,REJECT,0.1
p04,career_center,layout_aware,docx,textbox,mechanical_design,REJECT,REJECT,0.07142857142857142
p04,career_center,layout_aware,docx,textbox,ml_intern,PASS,PASS,0.5
p04,career_center,layout_aware,docx,textbox,process_engineer,REJECT,REJECT,0.1
p04,hybrid,naive,pdf,single,mechanical_design,REVIEW,REJECT,0.07142857142857142
p04,hybrid,naive,pdf,single,ml_intern,REVIEW,REJECT,0.5
p04,hybrid,naive,pdf,single,process_engineer,REVIEW,REJECT,0.1
p04,hybrid,layout_aware,pdf,single,mechanical_design,REVIEW,REJECT,0.07142857142857142
p04,hybrid,layout_aware,pdf,single,ml_intern,REVIEW,REJECT,0.5
p04,hybrid,layout_aware,pdf,single,process_engineer,REVIEW,REJECT,0.1
p04,hybrid,naive,pdf,two_column,mechanical_design,REVIEW,REJECT,0.07142857142857142
p04,hybrid,naive,pdf,two_column,ml_intern,REVIEW,REJECT,0.5
p04,hybrid,naive,pdf,two_column,process_engineer,REVIEW,REJECT,0.1
p04,hybrid,layout_aware,pdf,two_column,mechanical_design,REVIEW,REJECT,0.07142857142857142
p04,hybrid,layout_aware,pdf,two_column,ml_intern,REVIEW,REJECT,0.5
p04,hybrid,layout_aware,pdf,two_column,process_engineer,REVIEW,REJECT,0.1
p04,hybrid,naive,pdf,table,mechanical_design,REVIEW,REJECT,0.07142857142857142
p04,hybrid,naive,pdf,table,ml_intern,REVIEW,REJECT,0.5
p04,hybrid,naive,pdf,table,process_engineer,REVIEW,REJECT,0.1
p04,hybrid,layout_aware,pdf,table,mechanical_design,REVIEW,REJECT,0.07142857142857142
p04,hybrid,layout_aware,pdf,table,ml_intern,REVIEW,REJECT,0.5
p04,hybrid,layout_aware,pdf,table,process_engineer,REVIEW,REJECT,0.1
p04,hybrid,naive,pdf,textbox,mechanical_design,REVIEW,REJECT,0.07142857142857142
p04,hybrid,naive,pdf,textbox,ml_intern,REVIEW,REJECT,0.5
p04,hybrid,naive,pdf,textbox,process_engineer,REVIEW,REJECT,0.1
p04,hybrid,layout_aware,pdf,textbox,mechanical_design,REVIEW,REJECT,0.07142857142857142
p04,hybrid,layout_aware,pdf,textbox,ml_intern,REVIEW,REJECT,0.5
p04,hybrid,layout_aware,pdf,textbox,process_engineer,REVIEW,REJECT,0.1
p04,hybrid,naive,docx,single,mechanical_design,REVIEW,REJECT,0.07142857142857142
p04,hybrid,naive,docx,single,ml_intern,REVIEW,REJECT,0.5
p04,hybrid,naive,docx,single,process_engineer,REVIEW,REJECT,0.1
p04,hybrid,layout_aware,docx,single,mechanical_design,REVIEW,REJECT,0.07142857142857142
p04,hybrid,layout_aware,docx,single,ml_intern,REVIEW,REJECT,0.5
p04,hybrid,layout_aware,docx,single,process_engineer,REVIEW,REJECT,0.1
p04,hybrid,naive,docx,two_column,mechanical_design,REVIEW,REJECT,0.07142857142857142
p04,hybrid,naive,docx,two_column,ml_intern,REVIEW,REJECT,0.5
p04,hybrid,naive,docx,two_column,process_engineer,REVIEW,REJECT,0.1
p04,hybrid,layout_aware,docx,two_column,mechanical_design,REVIEW,REJECT,0.07142857142857142
p04,hybrid,layout_aware,docx,two_column,ml_intern,REVIEW,REJECT,0.5
p04,hybrid,layout_aware,docx,two_column,process_engineer,REVIEW,REJECT,0.1
p04,hybrid,naive,docx,table,mechanical_design,REVIEW,REJECT,0.07142857142857142
p04,hybrid,naive,docx,table,ml_intern,REVIEW,REJECT,0.5
p04,hybrid,naive,docx,table,process_engineer,REVIEW,REJECT,0.1
p04,hybrid,layout_aware,docx,table,mechanical_design,REVIEW,REJECT,0.07142857142857142
p04,hybrid,layout_aware,docx,table,ml_intern,REVIEW,REJECT,0.5
p04,hybrid,layout_aware,docx,table,process_engineer,REVIEW,REJECT,0.1
p04,hybrid,naive,docx,textbox,mechanical_design,REVIEW,REJECT,0.07142857142857142
p04,hybrid,naive,docx,textbox,ml_intern,REVIEW,REJECT,0.2857142857142857
p04,hybrid,naive,docx,textbox,process_engineer,REVIEW,REJECT,0.1
p04,hybrid,layout_aware,docx,textbox,mechanical_design,REVIEW,REJECT,0.07142857142857142
p04,hybrid,layout_aware,docx,textbox,ml_intern,REVIEW,REJECT,0.5
p04,hybrid,layout_aware,docx,textbox,process_engineer,REVIEW,REJECT,0.1
p05,classic,naive,pdf,single,mechanical_design,REJECT,REJECT,0.07142857142857142
p05,classic,naive,pdf,single,ml_intern,REJECT,REJECT,0.5
p05,classic,naive,pdf,single,process_engineer,REJECT,REJECT,0.1
p05,classic,layout_aware,pdf,single,mechanical_design,REJECT,REJECT,0.07142857142857142
p05,classic,layout_aware,pdf,single,ml_intern,REJECT,REJECT,0.5
p05,classic,layout_aware,pdf,single,process_engineer,REJECT,REJECT,0.1
p05,classic,naive,pdf,two_column,mechanical_design,REJECT,REJECT,0.07142857142857142
p05,classic,naive,pdf,two_column,ml_intern,REJECT,REJECT,0.5
p05,classic,naive,pdf,two_column,process_engineer,REJECT,REJECT,0.1
p05,classic,layout_aware,pdf,two_column,mechanical_design,REJECT,REJECT,0.07142857142857142
p05,classic,layout_aware,pdf,two_column,ml_intern,REJECT,REJECT,0.5
p05,classic,layout_aware,pdf,two_column,process_engineer,REJECT,REJECT,0.1
p05,classic,naive,pdf,table,mechanical_design,REJECT,REJECT,0.07142857142857142
p05,classic,naive,pdf,table,ml_intern,REJECT,REJECT,0.5
p05,classic,naive,pdf,table,process_engineer,REJECT,REJECT,0.1
p05,classic,layout_aware,pdf,table,mechanical_design,REJECT,REJECT,0.07142857142857142
p05,classic,layout_aware,pdf,table,ml_intern,REJECT,REJECT,0.5
p05,classic,layout_aware,pdf,table,process_engineer,REJECT,REJECT,0.1
p05,classic,naive,pdf,textbox,mechanical_design,REJECT,REJECT,0.07142857142857142
p05,classic,naive,pdf,textbox,ml_intern,REJECT,REJECT,0.5
p05,classic,naive,pdf,textbox,process_engineer,REJECT,REJECT,0.1
p05,classic,layout_aware,pdf,textbox,mechanical_design,REJECT,REJECT,0.07142857142857142
p05,classic,layout_aware,pdf,textbox,ml_intern,REJECT,REJECT,0.5
p05,classic,layout_aware,pdf,textbox,process_engineer,REJECT,REJECT,0.1
p05,classic,naive,docx,single,mechanical_design,REJECT,REJECT,0.07142857142857142
p05,classic,naive,docx,single,ml_intern,REJECT,REJECT,0.5
p05,classic,naive,docx,single,process_engineer,REJECT,REJECT,0.1
p05,classic,layout_aware,docx,single,mechanical_design,REJECT,REJECT,0.07142857142857142
p05,classic,layout_aware,docx,single,ml_intern,REJECT,REJECT,0.5
p05,classic,layout_aware,docx,single,process_engineer,REJECT,REJECT,0.1
p05,classic,naive,docx,two_column,mechanical_design,REJECT,REJECT,0.07142857142857142
p05,classic,naive,docx,two_column,ml_intern,REJECT,REJECT,0.5
p05,classic,naive,docx,two_column,process_engineer,REJECT,REJECT,0.1
p05,classic,layout_aware,docx,two_column,mechanical_design,REJECT,REJECT,0.07142857142857142
p05,classic,layout_aware,docx,two_column,ml_intern,REJECT,REJECT,0.5
p05,classic,layout_aware,docx,two_column,process_engineer,REJECT,REJECT,0.1
p05,classic,naive,docx,table,mechanical_design,REJECT,REJECT,0.07142857142857142
p05,classic,naive,docx,table,ml_intern,REJECT,REJECT,0.5
p05,classic,naive,docx,table,process_engineer,REJECT,REJECT,0.1
p05,classic,layout_aware,docx,table,mechanical_design,REJECT,REJECT,0.07142857142857142
p05,classic,layout_aware,docx,table,ml_intern,REJECT,REJECT,0.5
p05,classic,layout_aware,docx,table,process_engineer,REJECT,REJECT,0.1
p05,classic,naive,docx,textbox,mechanical_design,REJECT,REJECT,0.07142857142857142
p05,classic,naive,docx,textbox,ml_intern,REJECT,REJECT,0.5
p05,classic,naive,docx,textbox,process_engineer,REJECT,REJECT,0.1
p05,classic,layout_aware,docx,textbox,mechanical_design,REJECT,REJECT,0.07142857142857142
p05,classic,layout_aware,docx,textbox,ml_intern,REJECT,REJECT,0.5
p05,classic,layout_aware,docx,textbox,process_engineer,REJECT,REJECT,0.1
p05,modern,naive,pdf,single,mechanical_design,REJECT,REJECT,0.07142857142857142
p05,modern,naive,pdf,single,ml_intern,REJECT,REJECT,0.5
p05,modern,naive,pdf,single,process_engineer,REJECT,REJECT,0.1
p05,modern,layout_aware,pdf,single,mechanical_design,REJECT,REJECT,0.07142857142857142
p05,modern,layout_aware,pdf,single,ml_intern,REJECT,REJECT,0.5
p05,modern,layout_aware,pdf,single,process_engineer,REJECT,REJECT,0.1
p05,modern,naive,pdf,two_column,mechanical_design,REJECT,REJECT,0.07142857142857142
p05,modern,naive,pdf,two_column,ml_intern,REJECT,REJECT,0.5
p05,modern,naive,pdf,two_column,process_engineer,REJECT,REJECT,0.1
p05,modern,layout_aware,pdf,two_column,mechanical_design,REJECT,REJECT,0.07142857142857142
p05,modern,layout_aware,pdf,two_column,ml_intern,REJECT,REJECT,0.5
p05,modern,layout_aware,pdf,two_column,process_engineer,REJECT,REJECT,0.1
p05,modern,naive,pdf,table,mechanical_design,REJECT,REJECT,0.07142857142857142
p05,modern,naive,pdf,table,ml_intern,REJECT,REJECT,0.5
p05,modern,naive,pdf,table,process_engineer,REJECT,REJECT,0.1
p05,modern,layout_aware,pdf,table,mechanical_design,REJECT,REJECT,0.07142857142857142
p05,modern,layout_aware,pdf,table,ml_intern,REJECT,REJECT,0.5
p05,modern,layout_aware,pdf,table,process_engineer,REJECT,REJECT,0.1
p05,modern,naive,pdf,textbox,mechanical_design,REJECT,REJECT,0.07142857142857142
p05,modern,naive,pdf,textbox,ml_intern,REJECT,REJECT,0.5
p05,modern,naive,pdf,textbox,process_engineer,REJECT,REJECT,0.1
p05,modern,layout_aware,pdf,textbox,mechanical_design,REJECT,REJECT,0.07142857142857142
p05,modern,layout_aware,pdf,textbox,ml_intern,REJECT,REJECT,0.5
p05,modern,layout_aware,pdf,textbox,process_engineer,REJECT,REJECT,0.1
p05,modern,naive,docx,single,mechanical_design,REJECT,REJECT,0.07142857142857142
p05,modern,naive,docx,single,ml_intern,REJECT,REJECT,0.5
p05,modern,naive,docx,single,process_engineer,REJECT,REJECT,0.1
p05,modern,layout_aware,docx,single,mechanical_design,REJECT,REJECT,0.07142857142857142
p05,modern,layout_aware,docx,single,ml_intern,REJECT,REJECT,0.5
p05,modern,layout_aware,docx,single,process_engineer,REJECT,REJECT,0.1
p05,modern,naive,docx,two_column,mechanical_design,REJECT,REJECT,0.07142857142857142
p05,modern,naive,docx,two_column,ml_intern,REJECT,REJECT,0.5
p05,modern,naive,docx,two_column,process_engineer,REJECT,REJECT,0.1
p05,modern,layout_aware,docx,two_column,mechanical_design,REJECT,REJECT,0.07142857142857142
p05,modern,layout_aware,docx,two_column,ml_intern,REJECT,REJECT,0.5
p05,modern,layout_aware,docx,two_column,process_engineer,REJECT,REJECT,0.1
p05,modern,naive,docx,table,mechanical_design,REJECT,REJECT,0.07142857142857142
p05,modern,naive,docx,table,ml_intern,REJECT,REJECT,0.5
p05,modern,naive,docx,table,process_engineer,REJECT,REJECT,0.1
p05,modern,layout_aware,docx,table,mechanical_design,REJECT,REJECT,0.07142857142857142
p05,modern,layout_aware,docx,table,ml_intern,REJECT,REJECT,0.5
p05,modern,layout_aware,docx,table,process_engineer,REJECT,REJECT,0.1
p05,modern,naive,docx,textbox,mechanical_design,REJECT,REJECT,0.07142857142857142
p05,modern,naive,docx,textbox,ml_intern,REJECT,REJECT,0.5
p05,modern,naive,docx,textbox,process_engineer,REJECT,REJECT,0.1
p05,modern,layout_aware,docx,textbox,mechanical_design,REJECT,REJECT,0.07142857142857142
p05,modern,layout_aware,docx,textbox,ml_intern,REJECT,REJECT,0.5
p05,modern,layout_aware,docx,textbox,process_engineer,REJECT,REJECT,0.1
p05,latex,naive,pdf,single,mechanical_design,REJECT,REJECT,0.07142857142857142
p05,latex,naive,pdf,single,ml_intern,REJECT,REJECT,0.5
p05,latex,naive,pdf,single,process_engineer,REJECT,REJECT,0.1
p05,latex,layout_aware,pdf,single,mechanical_design,REJECT,REJECT,0.07142857142857142
p05,latex,layout_aware,pdf,single,ml_intern,REJECT,REJECT,0.5
p05,latex,layout_aware,pdf,single,process_engineer,REJECT,REJECT,0.1
p05,latex,naive,pdf,two_column,mechanical_design,REJECT,REJECT,0.07142857142857142
p05,latex,naive,pdf,two_column,ml_intern,REJECT,REJECT,0.5
p05,latex,naive,pdf,two_column,process_engineer,REJECT,REJECT,0.1
p05,latex,layout_aware,pdf,two_column,mechanical_design,REJECT,REJECT,0.07142857142857142
p05,latex,layout_aware,pdf,two_column,ml_intern,REJECT,REJECT,0.5
p05,latex,layout_aware,pdf,two_column,process_engineer,REJECT,REJECT,0.1
p05,latex,naive,pdf,table,mechanical_design,REJECT,REJECT,0.07142857142857142
p05,latex,naive,pdf,table,ml_intern,REJECT,REJECT,0.5
p05,latex,naive,pdf,table,process_engineer,REJECT,REJECT,0.1
p05,latex,layout_aware,pdf,table,mechanical_design,REJECT,REJECT,0.07142857142857142
p05,latex,layout_aware,pdf,table,ml_intern,REJECT,REJECT,0.5
p05,latex,layout_aware,pdf,table,process_engineer,REJECT,REJECT,0.1
p05,latex,naive,pdf,textbox,mechanical_design,REJECT,REJECT,0.07142857142857142
p05,latex,naive,pdf,textbox,ml_intern,REJECT,REJECT,0.5
p05,latex,naive,pdf,textbox,process_engineer,REJECT,REJECT,0.1
p05,latex,layout_aware,pdf,textbox,mechanical_design,REJECT,REJECT,0.07142857142857142
p05,latex,layout_aware,pdf,textbox,ml_intern,REJECT,REJECT,0.5
p05,latex,layout_aware,pdf,textbox,process_engineer,REJECT,REJECT,0.1
p05,latex,naive,docx,single,mechanical_design,REJECT,REJECT,0.07142857142857142
p05,latex,naive,docx,single,ml_intern,REJECT,REJECT,0.5
p05,latex,naive,docx,single,process_engineer,REJECT,REJECT,0.1
p05,latex,layout_aware,docx,single,mechanical_design,REJECT,REJECT,0.07142857142857142
p05,latex,layout_aware,docx,single,ml_intern,REJECT,REJECT,0.5
p05,latex,layout_aware,docx,single,process_engineer,REJECT,REJECT,0.1
p05,latex,naive,docx,two_column,mechanical_design,REJECT,REJECT,0.07142857142857142
p05,latex,naive,docx,two_column,ml_intern,REJECT,REJECT,0.5
p05,latex,naive,docx,two_column,process_engineer,REJECT,REJECT,0.1
p05,latex,layout_aware,docx,two_column,mechanical_design,REJECT,REJECT,0.07142857142857142
p05,latex,layout_aware,docx,two_column,ml_intern,REJECT,REJECT,0.5
p05,latex,layout_aware,docx,two_column,process_engineer,REJECT,REJECT,0.1
p05,latex,naive,docx,table,mechanical_design,REJECT,REJECT,0.07142857142857142
p05,latex,naive,docx,table,ml_intern,REJECT,REJECT,0.5
p05,latex,naive,docx,table,process_engineer,REJECT,REJECT,0.1
p05,latex,layout_aware,docx,table,mechanical_design,REJECT,REJECT,0.07142857142857142
p05,latex,layout_aware,docx,table,ml_intern,REJECT,REJECT,0.5
p05,latex,layout_aware,docx,table,process_engineer,REJECT,REJECT,0.1
p05,latex,naive,docx,textbox,mechanical_design,REJECT,REJECT,0.07142857142857142
p05,latex,naive,docx,textbox,ml_intern,REJECT,REJECT,0.5
p05,latex,naive,docx,textbox,process_engineer,REJECT,REJECT,0.1
p05,latex,layout_aware,docx,textbox,mechanical_design,REJECT,REJECT,0.07142857142857142
p05,latex,layout_aware,docx,textbox,ml_intern,REJECT,REJECT,0.5
p05,latex,layout_aware,docx,textbox,process_engineer,REJECT,REJECT,0.1
p05,career_center,naive,pdf,single,mechanical_design,REJECT,REJECT,0.07142857142857142
p05,career_center,naive,pdf,single,ml_intern,REJECT,REJECT,0.5
p05,career_center,naive,pdf,single,process_engineer,REJECT,REJECT,0.1
p05,career_center,layout_aware,pdf,single,mechanical_design,REJECT,REJECT,0.07142857142857142
p05,career_center,layout_aware,pdf,single,ml_intern,REJECT,REJECT,0.5
p05,career_center,layout_aware,pdf,single,process_engineer,REJECT,REJECT,0.1
p05,career_center,naive,pdf,two_column,mechanical_design,REJECT,REJECT,0.07142857142857142
p05,career_center,naive,pdf,two_column,ml_intern,REJECT,REJECT,0.5
p05,career_center,naive,pdf,two_column,process_engineer,REJECT,REJECT,0.1
p05,career_center,layout_aware,pdf,two_column,mechanical_design,REJECT,REJECT,0.07142857142857142
p05,career_center,layout_aware,pdf,two_column,ml_intern,REJECT,REJECT,0.5
p05,career_center,layout_aware,pdf,two_column,process_engineer,REJECT,REJECT,0.1
p05,career_center,naive,pdf,table,mechanical_design,REJECT,REJECT,0.07142857142857142
p05,career_center,naive,pdf,table,ml_intern,REJECT,REJECT,0.5
p05,career_center,naive,pdf,table,process_engineer,REJECT,REJECT,0.1
p05,career_center,layout_aware,pdf,table,mechanical_design,REJECT,REJECT,0.07142857142857142
p05,career_center,layout_aware,pdf,table,ml_intern,REJECT,REJECT,0.5
p05,career_center,layout_aware,pdf,table,process_engineer,REJECT,REJECT,0.1
p05,career_center,naive,pdf,textbox,mechanical_design,REJECT,REJECT,0.07142857142857142
p05,career_center,naive,pdf,textbox,ml_intern,REJECT,REJECT,0.5
p05,career_center,naive,pdf,textbox,process_engineer,REJECT,REJECT,0.1
p05,career_center,layout_aware,pdf,textbox,mechanical_design,REJECT,REJECT,0.07142857142857142
p05,career_center,layout_aware,pdf,textbox,ml_intern,REJECT,REJECT,0.5
p05,career_center,layout_aware,pdf,textbox,process_engineer,REJECT,REJECT,0.1
p05,career_center,naive,docx,single,mechanical_design,REJECT,REJECT,0.07142857142857142
p05,career_center,naive,docx,single,ml_intern,REJECT,REJECT,0.5
p05,career_center,naive,docx,single,process_engineer,REJECT,REJECT,0.1
p05,career_center,layout_aware,docx,single,mechanical_design,REJECT,REJECT,0.07142857142857142
p05,career_center,layout_aware,docx,single,ml_intern,REJECT,REJECT,0.5
p05,career_center,layout_aware,docx,single,process_engineer,REJECT,REJECT,0.1
p05,career_center,naive,docx,two_column,mechanical_design,REJECT,REJECT,0.07142857142857142
p05,career_center,naive,docx,two_column,ml_intern,REJECT,REJECT,0.5
p05,career_center,naive,docx,two_column,process_engineer,REJECT,REJECT,0.1
p05,career_center,layout_aware,docx,two_column,mechanical_design,REJECT,REJECT,0.07142857142857142
p05,career_center,layout_aware,docx,two_column,ml_intern,REJECT,REJECT,0.5
p05,career_center,layout_aware,docx,two_column,process_engineer,REJECT,REJECT,0.1
p05,career_center,naive,docx,table,mechanical_design,REJECT,REJECT,0.07142857142857142
p05,career_center,naive,docx,table,ml_intern,REJECT,REJECT,0.5
p05,career_center,naive,docx,table,process_engineer,REJECT,REJECT,0.1
p05,career_center,layout_aware,docx,table,mechanical_design,REJECT,REJECT,0.07142857142857142
p05,career_center,layout_aware,docx,table,ml_intern,REJECT,REJECT,0.5
p05,career_center,layout_aware,docx,table,process_engineer,REJECT,REJECT,0.1
p05,career_center,naive,docx,textbox,mechanical_design,REJECT,REJECT,0.07142857142857142
p05,career_center,naive,docx,textbox,ml_intern,REJECT,REJECT,0.5
p05,career_center,naive,docx,textbox,process_engineer,REJECT,REJECT,0.1
p05,career_center,layout_aware,docx,textbox,mechanical_design,REJECT,REJECT,0.07142857142857142
p05,career_center,layout_aware,docx,textbox,ml_intern,REJECT,REJECT,0.5
p05,career_center,layout_aware,docx,textbox,process_engineer,REJECT,REJECT,0.1
p05,hybrid,naive,pdf,single,mechanical_design,REJECT,REJECT,0.07142857142857142
p05,hybrid,naive,pdf,single,ml_intern,REJECT,REJECT,0.5
p05,hybrid,naive,pdf,single,process_engineer,REJECT,REJECT,0.1
p05,hybrid,layout_aware,pdf,single,mechanical_design,REJECT,REJECT,0.07142857142857142
p05,hybrid,layout_aware,pdf,single,ml_intern,REJECT,REJECT,0.5
p05,hybrid,layout_aware,pdf,single,process_engineer,REJECT,REJECT,0.1
p05,hybrid,naive,pdf,two_column,mechanical_design,REJECT,REJECT,0.07142857142857142
p05,hybrid,naive,pdf,two_column,ml_intern,REJECT,REJECT,0.5
p05,hybrid,naive,pdf,two_column,process_engineer,REJECT,REJECT,0.1
p05,hybrid,layout_aware,pdf,two_column,mechanical_design,REJECT,REJECT,0.07142857142857142
p05,hybrid,layout_aware,pdf,two_column,ml_intern,REJECT,REJECT,0.5
p05,hybrid,layout_aware,pdf,two_column,process_engineer,REJECT,REJECT,0.1
p05,hybrid,naive,pdf,table,mechanical_design,REJECT,REJECT,0.07142857142857142
p05,hybrid,naive,pdf,table,ml_intern,REJECT,REJECT,0.5
p05,hybrid,naive,pdf,table,process_engineer,REJECT,REJECT,0.1
p05,hybrid,layout_aware,pdf,table,mechanical_design,REJECT,REJECT,0.07142857142857142
p05,hybrid,layout_aware,pdf,table,ml_intern,REJECT,REJECT,0.5
p05,hybrid,layout_aware,pdf,table,process_engineer,REJECT,REJECT,0.1
p05,hybrid,naive,pdf,textbox,mechanical_design,REJECT,REJECT,0.07142857142857142
p05,hybrid,naive,pdf,textbox,ml_intern,REJECT,REJECT,0.5
p05,hybrid,naive,pdf,textbox,process_engineer,REJECT,REJECT,0.1
p05,hybrid,layout_aware,pdf,textbox,mechanical_design,REJECT,REJECT,0.07142857142857142
p05,hybrid,layout_aware,pdf,textbox,ml_intern,REJECT,REJECT,0.5
p05,hybrid,layout_aware,pdf,textbox,process_engineer,REJECT,REJECT,0.1
p05,hybrid,naive,docx,single,mechanical_design,REJECT,REJECT,0.07142857142857142
p05,hybrid,naive,docx,single,ml_intern,REJECT,REJECT,0.5
p05,hybrid,naive,docx,single,process_engineer,REJECT,REJECT,0.1
p05,hybrid,layout_aware,docx,single,mechanical_design,REJECT,REJECT,0.07142857142857142
p05,hybrid,layout_aware,docx,single,ml_intern,REJECT,REJECT,0.5
p05,hybrid,layout_aware,docx,single,process_engineer,REJECT,REJECT,0.1
p05,hybrid,naive,docx,two_column,mechanical_design,REJECT,REJECT,0.07142857142857142
p05,hybrid,naive,docx,two_column,ml_intern,REJECT,REJECT,0.5
p05,hybrid,naive,docx,two_column,process_engineer,REJECT,REJECT,0.1
p05,hybrid,layout_aware,docx,two_column,mechanical_design,REJECT,REJECT,0.07142857142857142
p05,hybrid,layout_aware,docx,two_column,ml_intern,REJECT,REJECT,0.5
p05,hybrid,layout_aware,docx,two_column,process_engineer,REJECT,REJECT,0.1
p05,hybrid,naive,docx,table,mechanical_design,REJECT,REJECT,0.07142857142857142
p05,hybrid,naive,docx,table,ml_intern,REJECT,REJECT,0.5
p05,hybrid,naive,docx,table,process_engineer,REJECT,REJECT,0.1
p05,hybrid,layout_aware,docx,table,mechanical_design,REJECT,REJECT,0.07142857142857142
p05,hybrid,layout_aware,docx,table,ml_intern,REJECT,REJECT,0.5
p05,hybrid,layout_aware,docx,table,process_engineer,REJECT,REJECT,0.1
p05,hybrid,naive,docx,textbox,mechanical_design,REJECT,REJECT,0.07142857142857142
p05,hybrid,naive,docx,textbox,ml_intern,REJECT,REJECT,0.5
p05,hybrid,naive,docx,textbox,process_engineer,REJECT,REJECT,0.1
p05,hybrid,layout_aware,docx,textbox,mechanical_design,REJECT,REJECT,0.07142857142857142
p05,hybrid,layout_aware,docx,textbox,ml_intern,REJECT,REJECT,0.5
p05,hybrid,layout_aware,docx,textbox,process_engineer,REJECT,REJECT,0.1
p06,classic,naive,pdf,single,mechanical_design,REJECT,REJECT,0.0
p06,classic,naive,pdf,single,ml_intern,REJECT,REJECT,0.0
p06,classic,naive,pdf,single,process_engineer,REJECT,REJECT,0.0
p06,classic,layout_aware,pdf,single,mechanical_design,REJECT,REJECT,0.0
p06,classic,layout_aware,pdf,single,ml_intern,REJECT,REJECT,0.0
p06,classic,layout_aware,pdf,single,process_engineer,REJECT,REJECT,0.0
p06,classic,naive,pdf,two_column,mechanical_design,REVIEW,REJECT,0.0
p06,classic,naive,pdf,two_column,ml_intern,REVIEW,REJECT,0.0
p06,classic,naive,pdf,two_column,process_engineer,REVIEW,REJECT,0.0
p06,classic,layout_aware,pdf,two_column,mechanical_design,REJECT,REJECT,0.0
p06,classic,layout_aware,pdf,two_column,ml_intern,REJECT,REJECT,0.0
p06,classic,layout_aware,pdf,two_column,process_engineer,REJECT,REJECT,0.0
p06,classic,naive,pdf,table,mechanical_design,REVIEW,REJECT,0.0
p06,classic,naive,pdf,table,ml_intern,REVIEW,REJECT,0.0
p06,classic,naive,pdf,table,process_engineer,REVIEW,REJECT,0.0
p06,classic,layout_aware,pdf,table,mechanical_design,REJECT,REJECT,0.0
p06,classic,layout_aware,pdf,table,ml_intern,REJECT,REJECT,0.0
p06,classic,layout_aware,pdf,table,process_engineer,REJECT,REJECT,0.0
p06,classic,naive,pdf,textbox,mechanical_design,REJECT,REJECT,0.0
p06,classic,naive,pdf,textbox,ml_intern,REJECT,REJECT,0.0
p06,classic,naive,pdf,textbox,process_engineer,REJECT,REJECT,0.0
p06,classic,layout_aware,pdf,textbox,mechanical_design,REJECT,REJECT,0.0
p06,classic,layout_aware,pdf,textbox,ml_intern,REJECT,REJECT,0.0
p06,classic,layout_aware,pdf,textbox,process_engineer,REJECT,REJECT,0.0
p06,classic,naive,docx,single,mechanical_design,REJECT,REJECT,0.0
p06,classic,naive,docx,single,ml_intern,REJECT,REJECT,0.0
p06,classic,naive,docx,single,process_engineer,REJECT,REJECT,0.0
p06,classic,layout_aware,docx,single,mechanical_design,REJECT,REJECT,0.0
p06,classic,layout_aware,docx,single,ml_intern,REJECT,REJECT,0.0
p06,classic,layout_aware,docx,single,process_engineer,REJECT,REJECT,0.0
p06,classic,naive,docx,two_column,mechanical_design,REJECT,REJECT,0.0
p06,classic,naive,docx,two_column,ml_intern,REJECT,REJECT,0.0
p06,classic,naive,docx,two_column,process_engineer,REJECT,REJECT,0.0
p06,classic,layout_aware,docx,two_column,mechanical_design,REJECT,REJECT,0.0
p06,classic,layout_aware,docx,two_column,ml_intern,REJECT,REJECT,0.0
p06,classic,layout_aware,docx,two_column,process_engineer,REJECT,REJECT,0.0
p06,classic,naive,docx,table,mechanical_design,REJECT,REJECT,0.0
p06,classic,naive,docx,table,ml_intern,REJECT,REJECT,0.0
p06,classic,naive,docx,table,process_engineer,REJECT,REJECT,0.0
p06,classic,layout_aware,docx,table,mechanical_design,REJECT,REJECT,0.0
p06,classic,layout_aware,docx,table,ml_intern,REJECT,REJECT,0.0
p06,classic,layout_aware,docx,table,process_engineer,REJECT,REJECT,0.0
p06,classic,naive,docx,textbox,mechanical_design,REJECT,REJECT,0.0
p06,classic,naive,docx,textbox,ml_intern,REJECT,REJECT,0.0
p06,classic,naive,docx,textbox,process_engineer,REJECT,REJECT,0.0
p06,classic,layout_aware,docx,textbox,mechanical_design,REJECT,REJECT,0.0
p06,classic,layout_aware,docx,textbox,ml_intern,REJECT,REJECT,0.0
p06,classic,layout_aware,docx,textbox,process_engineer,REJECT,REJECT,0.0
p06,modern,naive,pdf,single,mechanical_design,REVIEW,REJECT,0.0
p06,modern,naive,pdf,single,ml_intern,REJECT,REJECT,0.0
p06,modern,naive,pdf,single,process_engineer,REVIEW,REJECT,0.0
p06,modern,layout_aware,pdf,single,mechanical_design,REVIEW,REJECT,0.0
p06,modern,layout_aware,pdf,single,ml_intern,REJECT,REJECT,0.0
p06,modern,layout_aware,pdf,single,process_engineer,REVIEW,REJECT,0.0
p06,modern,naive,pdf,two_column,mechanical_design,REVIEW,REJECT,0.0
p06,modern,naive,pdf,two_column,ml_intern,REJECT,REJECT,0.0
p06,modern,naive,pdf,two_column,process_engineer,REVIEW,REJECT,0.0
p06,modern,layout_aware,pdf,two_column,mechanical_design,REVIEW,REJECT,0.0
p06,modern,layout_aware,pdf,two_column,ml_intern,REJECT,REJECT,0.0
p06,modern,layout_aware,pdf,two_column,process_engineer,REVIEW,REJECT,0.0
p06,modern,naive,pdf,table,mechanical_design,REVIEW,REJECT,0.0
p06,modern,naive,pdf,table,ml_intern,REVIEW,REJECT,0.0
p06,modern,naive,pdf,table,process_engineer,REVIEW,REJECT,0.0
p06,modern,layout_aware,pdf,table,mechanical_design,REVIEW,REJECT,0.0
p06,modern,layout_aware,pdf,table,ml_intern,REJECT,REJECT,0.0
p06,modern,layout_aware,pdf,table,process_engineer,REVIEW,REJECT,0.0
p06,modern,naive,pdf,textbox,mechanical_design,REVIEW,REJECT,0.0
p06,modern,naive,pdf,textbox,ml_intern,REVIEW,REJECT,0.0
p06,modern,naive,pdf,textbox,process_engineer,REVIEW,REJECT,0.0
p06,modern,layout_aware,pdf,textbox,mechanical_design,REVIEW,REJECT,0.0
p06,modern,layout_aware,pdf,textbox,ml_intern,REJECT,REJECT,0.0
p06,modern,layout_aware,pdf,textbox,process_engineer,REVIEW,REJECT,0.0
p06,modern,naive,docx,single,mechanical_design,REVIEW,REJECT,0.0
p06,modern,naive,docx,single,ml_intern,REJECT,REJECT,0.0
p06,modern,naive,docx,single,process_engineer,REVIEW,REJECT,0.0
p06,modern,layout_aware,docx,single,mechanical_design,REVIEW,REJECT,0.0
p06,modern,layout_aware,docx,single,ml_intern,REJECT,REJECT,0.0
p06,modern,layout_aware,docx,single,process_engineer,REVIEW,REJECT,0.0
p06,modern,naive,docx,two_column,mechanical_design,REVIEW,REJECT,0.0
p06,modern,naive,docx,two_column,ml_intern,REJECT,REJECT,0.0
p06,modern,naive,docx,two_column,process_engineer,REVIEW,REJECT,0.0
p06,modern,layout_aware,docx,two_column,mechanical_design,REVIEW,REJECT,0.0
p06,modern,layout_aware,docx,two_column,ml_intern,REJECT,REJECT,0.0
p06,modern,layout_aware,docx,two_column,process_engineer,REVIEW,REJECT,0.0
p06,modern,naive,docx,table,mechanical_design,REVIEW,REJECT,0.0
p06,modern,naive,docx,table,ml_intern,REJECT,REJECT,0.0
p06,modern,naive,docx,table,process_engineer,REVIEW,REJECT,0.0
p06,modern,layout_aware,docx,table,mechanical_design,REVIEW,REJECT,0.0
p06,modern,layout_aware,docx,table,ml_intern,REJECT,REJECT,0.0
p06,modern,layout_aware,docx,table,process_engineer,REVIEW,REJECT,0.0
p06,modern,naive,docx,textbox,mechanical_design,REVIEW,REJECT,0.0
p06,modern,naive,docx,textbox,ml_intern,REJECT,REJECT,0.0
p06,modern,naive,docx,textbox,process_engineer,REVIEW,REJECT,0.0
p06,modern,layout_aware,docx,textbox,mechanical_design,REVIEW,REJECT,0.0
p06,modern,layout_aware,docx,textbox,ml_intern,REJECT,REJECT,0.0
p06,modern,layout_aware,docx,textbox,process_engineer,REVIEW,REJECT,0.0
p06,latex,naive,pdf,single,mechanical_design,REJECT,REJECT,0.0
p06,latex,naive,pdf,single,ml_intern,REJECT,REJECT,0.0
p06,latex,naive,pdf,single,process_engineer,REJECT,REJECT,0.0
p06,latex,layout_aware,pdf,single,mechanical_design,REJECT,REJECT,0.0
p06,latex,layout_aware,pdf,single,ml_intern,REJECT,REJECT,0.0
p06,latex,layout_aware,pdf,single,process_engineer,REJECT,REJECT,0.0
p06,latex,naive,pdf,two_column,mechanical_design,REJECT,REJECT,0.0
p06,latex,naive,pdf,two_column,ml_intern,REJECT,REJECT,0.0
p06,latex,naive,pdf,two_column,process_engineer,REJECT,REJECT,0.0
p06,latex,layout_aware,pdf,two_column,mechanical_design,REJECT,REJECT,0.0
p06,latex,layout_aware,pdf,two_column,ml_intern,REJECT,REJECT,0.0
p06,latex,layout_aware,pdf,two_column,process_engineer,REJECT,REJECT,0.0
p06,latex,naive,pdf,table,mechanical_design,REVIEW,REJECT,0.0
p06,latex,naive,pdf,table,ml_intern,REVIEW,REJECT,0.0
p06,latex,naive,pdf,table,process_engineer,REVIEW,REJECT,0.0
p06,latex,layout_aware,pdf,table,mechanical_design,REJECT,REJECT,0.0
p06,latex,layout_aware,pdf,table,ml_intern,REJECT,REJECT,0.0
p06,latex,layout_aware,pdf,table,process_engineer,REJECT,REJECT,0.0
p06,latex,naive,pdf,textbox,mechanical_design,REJECT,REJECT,0.0
p06,latex,naive,pdf,textbox,ml_intern,REJECT,REJECT,0.0
p06,latex,naive,pdf,textbox,process_engineer,REJECT,REJECT,0.0
p06,latex,layout_aware,pdf,textbox,mechanical_design,REJECT,REJECT,0.0
p06,latex,layout_aware,pdf,textbox,ml_intern,REJECT,REJECT,0.0
p06,latex,layout_aware,pdf,textbox,process_engineer,REJECT,REJECT,0.0
p06,latex,naive,docx,single,mechanical_design,REJECT,REJECT,0.0
p06,latex,naive,docx,single,ml_intern,REJECT,REJECT,0.0
p06,latex,naive,docx,single,process_engineer,REJECT,REJECT,0.0
p06,latex,layout_aware,docx,single,mechanical_design,REJECT,REJECT,0.0
p06,latex,layout_aware,docx,single,ml_intern,REJECT,REJECT,0.0
p06,latex,layout_aware,docx,single,process_engineer,REJECT,REJECT,0.0
p06,latex,naive,docx,two_column,mechanical_design,REJECT,REJECT,0.0
p06,latex,naive,docx,two_column,ml_intern,REJECT,REJECT,0.0
p06,latex,naive,docx,two_column,process_engineer,REJECT,REJECT,0.0
p06,latex,layout_aware,docx,two_column,mechanical_design,REJECT,REJECT,0.0
p06,latex,layout_aware,docx,two_column,ml_intern,REJECT,REJECT,0.0
p06,latex,layout_aware,docx,two_column,process_engineer,REJECT,REJECT,0.0
p06,latex,naive,docx,table,mechanical_design,REJECT,REJECT,0.0
p06,latex,naive,docx,table,ml_intern,REJECT,REJECT,0.0
p06,latex,naive,docx,table,process_engineer,REJECT,REJECT,0.0
p06,latex,layout_aware,docx,table,mechanical_design,REJECT,REJECT,0.0
p06,latex,layout_aware,docx,table,ml_intern,REJECT,REJECT,0.0
p06,latex,layout_aware,docx,table,process_engineer,REJECT,REJECT,0.0
p06,latex,naive,docx,textbox,mechanical_design,REJECT,REJECT,0.0
p06,latex,naive,docx,textbox,ml_intern,REJECT,REJECT,0.0
p06,latex,naive,docx,textbox,process_engineer,REJECT,REJECT,0.0
p06,latex,layout_aware,docx,textbox,mechanical_design,REJECT,REJECT,0.0
p06,latex,layout_aware,docx,textbox,ml_intern,REJECT,REJECT,0.0
p06,latex,layout_aware,docx,textbox,process_engineer,REJECT,REJECT,0.0
p06,career_center,naive,pdf,single,mechanical_design,REJECT,REJECT,0.0
p06,career_center,naive,pdf,single,ml_intern,REJECT,REJECT,0.0
p06,career_center,naive,pdf,single,process_engineer,REJECT,REJECT,0.0
p06,career_center,layout_aware,pdf,single,mechanical_design,REJECT,REJECT,0.0
p06,career_center,layout_aware,pdf,single,ml_intern,REJECT,REJECT,0.0
p06,career_center,layout_aware,pdf,single,process_engineer,REJECT,REJECT,0.0
p06,career_center,naive,pdf,two_column,mechanical_design,REVIEW,REJECT,0.0
p06,career_center,naive,pdf,two_column,ml_intern,REJECT,REJECT,0.0
p06,career_center,naive,pdf,two_column,process_engineer,REVIEW,REJECT,0.0
p06,career_center,layout_aware,pdf,two_column,mechanical_design,REVIEW,REJECT,0.0
p06,career_center,layout_aware,pdf,two_column,ml_intern,REJECT,REJECT,0.0
p06,career_center,layout_aware,pdf,two_column,process_engineer,REVIEW,REJECT,0.0
p06,career_center,naive,pdf,table,mechanical_design,REVIEW,REJECT,0.0
p06,career_center,naive,pdf,table,ml_intern,REVIEW,REJECT,0.0
p06,career_center,naive,pdf,table,process_engineer,REVIEW,REJECT,0.0
p06,career_center,layout_aware,pdf,table,mechanical_design,REJECT,REJECT,0.0
p06,career_center,layout_aware,pdf,table,ml_intern,REJECT,REJECT,0.0
p06,career_center,layout_aware,pdf,table,process_engineer,REJECT,REJECT,0.0
p06,career_center,naive,pdf,textbox,mechanical_design,REJECT,REJECT,0.0
p06,career_center,naive,pdf,textbox,ml_intern,REJECT,REJECT,0.0
p06,career_center,naive,pdf,textbox,process_engineer,REJECT,REJECT,0.0
p06,career_center,layout_aware,pdf,textbox,mechanical_design,REJECT,REJECT,0.0
p06,career_center,layout_aware,pdf,textbox,ml_intern,REJECT,REJECT,0.0
p06,career_center,layout_aware,pdf,textbox,process_engineer,REJECT,REJECT,0.0
p06,career_center,naive,docx,single,mechanical_design,REJECT,REJECT,0.0
p06,career_center,naive,docx,single,ml_intern,REJECT,REJECT,0.0
p06,career_center,naive,docx,single,process_engineer,REJECT,REJECT,0.0
p06,career_center,layout_aware,docx,single,mechanical_design,REJECT,REJECT,0.0
p06,career_center,layout_aware,docx,single,ml_intern,REJECT,REJECT,0.0
p06,career_center,layout_aware,docx,single,process_engineer,REJECT,REJECT,0.0
p06,career_center,naive,docx,two_column,mechanical_design,REJECT,REJECT,0.0
p06,career_center,naive,docx,two_column,ml_intern,REJECT,REJECT,0.0
p06,career_center,naive,docx,two_column,process_engineer,REJECT,REJECT,0.0
p06,career_center,layout_aware,docx,two_column,mechanical_design,REJECT,REJECT,0.0
p06,career_center,layout_aware,docx,two_column,ml_intern,REJECT,REJECT,0.0
p06,career_center,layout_aware,docx,two_column,process_engineer,REJECT,REJECT,0.0
p06,career_center,naive,docx,table,mechanical_design,REJECT,REJECT,0.0
p06,career_center,naive,docx,table,ml_intern,REJECT,REJECT,0.0
p06,career_center,naive,docx,table,process_engineer,REJECT,REJECT,0.0
p06,career_center,layout_aware,docx,table,mechanical_design,REJECT,REJECT,0.0
p06,career_center,layout_aware,docx,table,ml_intern,REJECT,REJECT,0.0
p06,career_center,layout_aware,docx,table,process_engineer,REJECT,REJECT,0.0
p06,career_center,naive,docx,textbox,mechanical_design,REJECT,REJECT,0.0
p06,career_center,naive,docx,textbox,ml_intern,REJECT,REJECT,0.0
p06,career_center,naive,docx,textbox,process_engineer,REJECT,REJECT,0.0
p06,career_center,layout_aware,docx,textbox,mechanical_design,REJECT,REJECT,0.0
p06,career_center,layout_aware,docx,textbox,ml_intern,REJECT,REJECT,0.0
p06,career_center,layout_aware,docx,textbox,process_engineer,REJECT,REJECT,0.0
p06,hybrid,naive,pdf,single,mechanical_design,REVIEW,REJECT,0.0
p06,hybrid,naive,pdf,single,ml_intern,REVIEW,REJECT,0.0
p06,hybrid,naive,pdf,single,process_engineer,REVIEW,REJECT,0.0
p06,hybrid,layout_aware,pdf,single,mechanical_design,REVIEW,REJECT,0.0
p06,hybrid,layout_aware,pdf,single,ml_intern,REVIEW,REJECT,0.0
p06,hybrid,layout_aware,pdf,single,process_engineer,REVIEW,REJECT,0.0
p06,hybrid,naive,pdf,two_column,mechanical_design,REVIEW,REJECT,0.0
p06,hybrid,naive,pdf,two_column,ml_intern,REVIEW,REJECT,0.0
p06,hybrid,naive,pdf,two_column,process_engineer,REVIEW,REJECT,0.0
p06,hybrid,layout_aware,pdf,two_column,mechanical_design,REVIEW,REJECT,0.0
p06,hybrid,layout_aware,pdf,two_column,ml_intern,REVIEW,REJECT,0.0
p06,hybrid,layout_aware,pdf,two_column,process_engineer,REVIEW,REJECT,0.0
p06,hybrid,naive,pdf,table,mechanical_design,REVIEW,REJECT,0.0
p06,hybrid,naive,pdf,table,ml_intern,REVIEW,REJECT,0.0
p06,hybrid,naive,pdf,table,process_engineer,REVIEW,REJECT,0.0
p06,hybrid,layout_aware,pdf,table,mechanical_design,REVIEW,REJECT,0.0
p06,hybrid,layout_aware,pdf,table,ml_intern,REVIEW,REJECT,0.0
p06,hybrid,layout_aware,pdf,table,process_engineer,REVIEW,REJECT,0.0
p06,hybrid,naive,pdf,textbox,mechanical_design,REVIEW,REJECT,0.0
p06,hybrid,naive,pdf,textbox,ml_intern,REVIEW,REJECT,0.0
p06,hybrid,naive,pdf,textbox,process_engineer,REVIEW,REJECT,0.0
p06,hybrid,layout_aware,pdf,textbox,mechanical_design,REVIEW,REJECT,0.0
p06,hybrid,layout_aware,pdf,textbox,ml_intern,REVIEW,REJECT,0.0
p06,hybrid,layout_aware,pdf,textbox,process_engineer,REVIEW,REJECT,0.0
p06,hybrid,naive,docx,single,mechanical_design,REVIEW,REJECT,0.0
p06,hybrid,naive,docx,single,ml_intern,REVIEW,REJECT,0.0
p06,hybrid,naive,docx,single,process_engineer,REVIEW,REJECT,0.0
p06,hybrid,layout_aware,docx,single,mechanical_design,REVIEW,REJECT,0.0
p06,hybrid,layout_aware,docx,single,ml_intern,REVIEW,REJECT,0.0
p06,hybrid,layout_aware,docx,single,process_engineer,REVIEW,REJECT,0.0
p06,hybrid,naive,docx,two_column,mechanical_design,REVIEW,REJECT,0.0
p06,hybrid,naive,docx,two_column,ml_intern,REVIEW,REJECT,0.0
p06,hybrid,naive,docx,two_column,process_engineer,REVIEW,REJECT,0.0
p06,hybrid,layout_aware,docx,two_column,mechanical_design,REVIEW,REJECT,0.0
p06,hybrid,layout_aware,docx,two_column,ml_intern,REVIEW,REJECT,0.0
p06,hybrid,layout_aware,docx,two_column,process_engineer,REVIEW,REJECT,0.0
p06,hybrid,naive,docx,table,mechanical_design,REVIEW,REJECT,0.0
p06,hybrid,naive,docx,table,ml_intern,REVIEW,REJECT,0.0
p06,hybrid,naive,docx,table,process_engineer,REVIEW,REJECT,0.0
p06,hybrid,layout_aware,docx,table,mechanical_design,REVIEW,REJECT,0.0
p06,hybrid,layout_aware,docx,table,ml_intern,REVIEW,REJECT,0.0
p06,hybrid,layout_aware,docx,table,process_engineer,REVIEW,REJECT,0.0
p06,hybrid,naive,docx,textbox,mechanical_design,REVIEW,REJECT,0.0
p06,hybrid,naive,docx,textbox,ml_intern,REVIEW,REJECT,0.0
p06,hybrid,naive,docx,textbox,process_engineer,REVIEW,REJECT,0.0
p06,hybrid,layout_aware,docx,textbox,mechanical_design,REVIEW,REJECT,0.0
p06,hybrid,layout_aware,docx,textbox,ml_intern,REVIEW,REJECT,0.0
p06,hybrid,layout_aware,docx,textbox,process_engineer,REVIEW,REJECT,0.0
p07,classic,naive,pdf,single,mechanical_design,REJECT,REJECT,0.07142857142857142
p07,classic,naive,pdf,single,ml_intern,REJECT,REJECT,0.14285714285714285
p07,classic,naive,pdf,single,process_engineer,PASS,PASS,0.675
p07,classic,layout_aware,pdf,single,mechanical_design,REJECT,REJECT,0.07142857142857142
p07,classic,layout_aware,pdf,single,ml_intern,REJECT,REJECT,0.14285714285714285
p07,classic,layout_aware,pdf,single,process_engineer,PASS,PASS,0.675
p07,classic,naive,pdf,two_column,mechanical_design,REJECT,REJECT,0.07142857142857142
p07,classic,naive,pdf,two_column,ml_intern,REJECT,REJECT,0.14285714285714285
p07,classic,naive,pdf,two_column,process_engineer,PASS,PASS,0.65
p07,classic,layout_aware,pdf,two_column,mechanical_design,REJECT,REJECT,0.07142857142857142
p07,classic,layout_aware,pdf,two_column,ml_intern,REJECT,REJECT,0.14285714285714285
p07,classic,layout_aware,pdf,two_column,process_engineer,PASS,PASS,0.675
p07,classic,naive,pdf,table,mechanical_design,REVIEW,REJECT,0.07142857142857142
p07,classic,naive,pdf,table,ml_intern,REVIEW,REJECT,0.14285714285714285
p07,classic,naive,pdf,table,process_engineer,REVIEW,REJECT,0.675
p07,classic,layout_aware,pdf,table,mechanical_design,REJECT,REJECT,0.07142857142857142
p07,classic,layout_aware,pdf,table,ml_intern,REJECT,REJECT,0.14285714285714285
p07,classic,layout_aware,pdf,table,process_engineer,PASS,PASS,0.675
p07,classic,naive,pdf,textbox,mechanical_design,REJECT,REJECT,0.07142857142857142
p07,classic,naive,pdf,textbox,ml_intern,REJECT,REJECT,0.14285714285714285
p07,classic,naive,pdf,textbox,process_engineer,PASS,PASS,0.65
p07,classic,layout_aware,pdf,textbox,mechanical_design,REJECT,REJECT,0.07142857142857142
p07,classic,layout_aware,pdf,textbox,ml_intern,REJECT,REJECT,0.14285714285714285
p07,classic,layout_aware,pdf,textbox,process_engineer,PASS,PASS,0.675
p07,classic,naive,docx,single,mechanical_design,REJECT,REJECT,0.07142857142857142
p07,classic,naive,docx,single,ml_intern,REJECT,REJECT,0.14285714285714285
p07,classic,naive,docx,single,process_engineer,PASS,PASS,0.675
p07,classic,layout_aware,docx,single,mechanical_design,REJECT,REJECT,0.07142857142857142
p07,classic,layout_aware,docx,single,ml_intern,REJECT,REJECT,0.14285714285714285
p07,classic,layout_aware,docx,single,process_engineer,PASS,PASS,0.675
p07,classic,naive,docx,two_column,mechanical_design,REJECT,REJECT,0.07142857142857142
p07,classic,naive,docx,two_column,ml_intern,REJECT,REJECT,0.14285714285714285
p07,classic,naive,docx,two_column,process_engineer,PASS,PASS,0.675
p07,classic,layout_aware,docx,two_column,mechanical_design,REJECT,REJECT,0.07142857142857142
p07,classic,layout_aware,docx,two_column,ml_intern,REJECT,REJECT,0.14285714285714285
p07,classic,layout_aware,docx,two_column,process_engineer,PASS,PASS,0.675
p07,classic,naive,docx,table,mechanical_design,REJECT,REJECT,0.07142857142857142
p07,classic,naive,docx,table,ml_intern,REJECT,REJECT,0.14285714285714285
p07,classic,naive,docx,table,process_engineer,PASS,PASS,0.675
p07,classic,layout_aware,docx,table,mechanical_design,REJECT,REJECT,0.07142857142857142
p07,classic,layout_aware,docx,table,ml_intern,REJECT,REJECT,0.14285714285714285
p07,classic,layout_aware,docx,table,process_engineer,PASS,PASS,0.675
p07,classic,naive,docx,textbox,mechanical_design,REJECT,REJECT,0.07142857142857142
p07,classic,naive,docx,textbox,ml_intern,REJECT,REJECT,0.14285714285714285
p07,classic,naive,docx,textbox,process_engineer,PASS,PASS,0.675
p07,classic,layout_aware,docx,textbox,mechanical_design,REJECT,REJECT,0.07142857142857142
p07,classic,layout_aware,docx,textbox,ml_intern,REJECT,REJECT,0.14285714285714285
p07,classic,layout_aware,docx,textbox,process_engineer,PASS,PASS,0.675
p07,modern,naive,pdf,single,mechanical_design,REVIEW,REJECT,0.07142857142857142
p07,modern,naive,pdf,single,ml_intern,REJECT,REJECT,0.14285714285714285
p07,modern,naive,pdf,single,process_engineer,REVIEW,REJECT,0.675
p07,modern,layout_aware,pdf,single,mechanical_design,REVIEW,REJECT,0.07142857142857142
p07,modern,layout_aware,pdf,single,ml_intern,REJECT,REJECT,0.14285714285714285
p07,modern,layout_aware,pdf,single,process_engineer,REVIEW,REJECT,0.675
p07,modern,naive,pdf,two_column,mechanical_design,REJECT,REJECT,0.07142857142857142
p07,modern,naive,pdf,two_column,ml_intern,REJECT,REJECT,0.14285714285714285
p07,modern,naive,pdf,two_column,process_engineer,REJECT,REJECT,0.65
p07,modern,layout_aware,pdf,two_column,mechanical_design,REVIEW,REJECT,0.07142857142857142
p07,modern,layout_aware,pdf,two_column,ml_intern,REJECT,REJECT,0.14285714285714285
p07,modern,layout_aware,pdf,two_column,process_engineer,REVIEW,REJECT,0.675
p07,modern,naive,pdf,table,mechanical_design,REVIEW,REJECT,0.07142857142857142
p07,modern,naive,pdf,table,ml_intern,REVIEW,REJECT,0.14285714285714285
p07,modern,naive,pdf,table,process_engineer,REVIEW,REJECT,0.675
p07,modern,layout_aware,pdf,table,mechanical_design,REVIEW,REJECT,0.07142857142857142
p07,modern,layout_aware,pdf,table,ml_intern,REJECT,REJECT,0.14285714285714285
p07,modern,layout_aware,pdf,table,process_engineer,REVIEW,REJECT,0.675
p07,modern,naive,pdf,textbox,mechanical_design,REVIEW,REJECT,0.07142857142857142
p07,modern,naive,pdf,textbox,ml_intern,REVIEW,REJECT,0.14285714285714285
p07,modern,naive,pdf,textbox,process_engineer,REVIEW,REJECT,0.65
p07,modern,layout_aware,pdf,textbox,mechanical_design,REVIEW,REJECT,0.07142857142857142
p07,modern,layout_aware,pdf,textbox,ml_intern,REJECT,REJECT,0.14285714285714285
p07,modern,layout_aware,pdf,textbox,process_engineer,REVIEW,REJECT,0.675
p07,modern,naive,docx,single,mechanical_design,REVIEW,REJECT,0.07142857142857142
p07,modern,naive,docx,single,ml_intern,REJECT,REJECT,0.14285714285714285
p07,modern,naive,docx,single,process_engineer,REVIEW,REJECT,0.675
p07,modern,layout_aware,docx,single,mechanical_design,REVIEW,REJECT,0.07142857142857142
p07,modern,layout_aware,docx,single,ml_intern,REJECT,REJECT,0.14285714285714285
p07,modern,layout_aware,docx,single,process_engineer,REVIEW,REJECT,0.675
p07,modern,naive,docx,two_column,mechanical_design,REVIEW,REJECT,0.07142857142857142
p07,modern,naive,docx,two_column,ml_intern,REJECT,REJECT,0.14285714285714285
p07,modern,naive,docx,two_column,process_engineer,REVIEW,REJECT,0.675
p07,modern,layout_aware,docx,two_column,mechanical_design,REVIEW,REJECT,0.07142857142857142
p07,modern,layout_aware,docx,two_column,ml_intern,REJECT,REJECT,0.14285714285714285
p07,modern,layout_aware,docx,two_column,process_engineer,REVIEW,REJECT,0.675
p07,modern,naive,docx,table,mechanical_design,REVIEW,REJECT,0.07142857142857142
p07,modern,naive,docx,table,ml_intern,REJECT,REJECT,0.14285714285714285
p07,modern,naive,docx,table,process_engineer,REVIEW,REJECT,0.675
p07,modern,layout_aware,docx,table,mechanical_design,REVIEW,REJECT,0.07142857142857142
p07,modern,layout_aware,docx,table,ml_intern,REJECT,REJECT,0.14285714285714285
p07,modern,layout_aware,docx,table,process_engineer,REVIEW,REJECT,0.675
p07,modern,naive,docx,textbox,mechanical_design,REVIEW,REJECT,0.07142857142857142
p07,modern,naive,docx,textbox,ml_intern,REJECT,REJECT,0.14285714285714285
p07,modern,naive,docx,textbox,process_engineer,REVIEW,REJECT,0.675
p07,modern,layout_aware,docx,textbox,mechanical_design,REVIEW,REJECT,0.07142857142857142
p07,modern,layout_aware,docx,textbox,ml_intern,REJECT,REJECT,0.14285714285714285
p07,modern,layout_aware,docx,textbox,process_engineer,REVIEW,REJECT,0.675
p07,latex,naive,pdf,single,mechanical_design,REJECT,REJECT,0.07142857142857142
p07,latex,naive,pdf,single,ml_intern,REJECT,REJECT,0.14285714285714285
p07,latex,naive,pdf,single,process_engineer,PASS,PASS,0.675
p07,latex,layout_aware,pdf,single,mechanical_design,REJECT,REJECT,0.07142857142857142
p07,latex,layout_aware,pdf,single,ml_intern,REJECT,REJECT,0.14285714285714285
p07,latex,layout_aware,pdf,single,process_engineer,PASS,PASS,0.675
p07,latex,naive,pdf,two_column,mechanical_design,REJECT,REJECT,0.07142857142857142
p07,latex,naive,pdf,two_column,ml_intern,REJECT,REJECT,0.14285714285714285
p07,latex,naive,pdf,two_column,process_engineer,REJECT,REJECT,0.65
p07,latex,layout_aware,pdf,two_column,mechanical_design,REJECT,REJECT,0.07142857142857142
p07,latex,layout_aware,pdf,two_column,ml_intern,REJECT,REJECT,0.14285714285714285
p07,latex,layout_aware,pdf,two_column,process_engineer,REJECT,REJECT,0.675
p07,latex,naive,pdf,table,mechanical_design,REVIEW,REJECT,0.07142857142857142
p07,latex,naive,pdf,table,ml_intern,REVIEW,REJECT,0.14285714285714285
p07,latex,naive,pdf,table,process_engineer,REVIEW,REJECT,0.675
p07,latex,layout_aware,pdf,table,mechanical_design,REJECT,REJECT,0.07142857142857142
p07,latex,layout_aware,pdf,table,ml_intern,REJECT,REJECT,0.14285714285714285
p07,latex,layout_aware,pdf,table,process_engineer,PASS,PASS,0.675
p07,latex,naive,pdf,textbox,mechanical_design,REJECT,REJECT,0.07142857142857142
p07,latex,naive,pdf,textbox,ml_intern,REJECT,REJECT,0.14285714285714285
p07,latex,naive,pdf,textbox,process_engineer,PASS,PASS,0.65
p07,latex,layout_aware,pdf,textbox,mechanical_design,REJECT,REJECT,0.07142857142857142
p07,latex,layout_aware,pdf,textbox,ml_intern,REJECT,REJECT,0.14285714285714285
p07,latex,layout_aware,pdf,textbox,process_engineer,PASS,PASS,0.675
p07,latex,naive,docx,single,mechanical_design,REJECT,REJECT,0.07142857142857142
p07,latex,naive,docx,single,ml_intern,REJECT,REJECT,0.14285714285714285
p07,latex,naive,docx,single,process_engineer,PASS,PASS,0.675
p07,latex,layout_aware,docx,single,mechanical_design,REJECT,REJECT,0.07142857142857142
p07,latex,layout_aware,docx,single,ml_intern,REJECT,REJECT,0.14285714285714285
p07,latex,layout_aware,docx,single,process_engineer,PASS,PASS,0.675
p07,latex,naive,docx,two_column,mechanical_design,REJECT,REJECT,0.07142857142857142
p07,latex,naive,docx,two_column,ml_intern,REJECT,REJECT,0.14285714285714285
p07,latex,naive,docx,two_column,process_engineer,PASS,PASS,0.675
p07,latex,layout_aware,docx,two_column,mechanical_design,REJECT,REJECT,0.07142857142857142
p07,latex,layout_aware,docx,two_column,ml_intern,REJECT,REJECT,0.14285714285714285
p07,latex,layout_aware,docx,two_column,process_engineer,PASS,PASS,0.675
p07,latex,naive,docx,table,mechanical_design,REJECT,REJECT,0.07142857142857142
p07,latex,naive,docx,table,ml_intern,REJECT,REJECT,0.14285714285714285
p07,latex,naive,docx,table,process_engineer,PASS,PASS,0.675
p07,latex,layout_aware,docx,table,mechanical_design,REJECT,REJECT,0.07142857142857142
p07,latex,layout_aware,docx,table,ml_intern,REJECT,REJECT,0.14285714285714285
p07,latex,layout_aware,docx,table,process_engineer,PASS,PASS,0.675
p07,latex,naive,docx,textbox,mechanical_design,REJECT,REJECT,0.07142857142857142
p07,latex,naive,docx,textbox,ml_intern,REJECT,REJECT,0.14285714285714285
p07,latex,naive,docx,textbox,process_engineer,PASS,PASS,0.675
p07,latex,layout_aware,docx,textbox,mechanical_design,REJECT,REJECT,0.07142857142857142
p07,latex,layout_aware,docx,textbox,ml_intern,REJECT,REJECT,0.14285714285714285
p07,latex,layout_aware,docx,textbox,process_engineer,PASS,PASS,0.675
p07,career_center,naive,pdf,single,mechanical_design,REJECT,REJECT,0.07142857142857142
p07,career_center,naive,pdf,single,ml_intern,REJECT,REJECT,0.14285714285714285
p07,career_center,naive,pdf,single,process_engineer,PASS,PASS,0.675
p07,career_center,layout_aware,pdf,single,mechanical_design,REJECT,REJECT,0.07142857142857142
p07,career_center,layout_aware,pdf,single,ml_intern,REJECT,REJECT,0.14285714285714285
p07,career_center,layout_aware,pdf,single,process_engineer,PASS,PASS,0.675
p07,career_center,naive,pdf,two_column,mechanical_design,REVIEW,REJECT,0.07142857142857142
p07,career_center,naive,pdf,two_column,ml_intern,REJECT,REJECT,0.14285714285714285
p07,career_center,naive,pdf,two_column,process_engineer,REVIEW,REJECT,0.65
p07,career_center,layout_aware,pdf,two_column,mechanical_design,REVIEW,REJECT,0.07142857142857142
p07,career_center,layout_aware,pdf,two_column,ml_intern,REJECT,REJECT,0.14285714285714285
p07,career_center,layout_aware,pdf,two_column,process_engineer,REVIEW,REJECT,0.675
p07,career_center,naive,pdf,table,mechanical_design,REVIEW,REJECT,0.07142857142857142
p07,career_center,naive,pdf,table,ml_intern,REVIEW,REJECT,0.14285714285714285
p07,career_center,naive,pdf,table,process_engineer,REVIEW,REJECT,0.675
p07,career_center,layout_aware,pdf,table,mechanical_design,REJECT,REJECT,0.07142857142857142
p07,career_center,layout_aware,pdf,table,ml_intern,REJECT,REJECT,0.14285714285714285
p07,career_center,layout_aware,pdf,table,process_engineer,PASS,PASS,0.675
p07,career_center,naive,pdf,textbox,mechanical_design,REJECT,REJECT,0.07142857142857142
p07,career_center,naive,pdf,textbox,ml_intern,REJECT,REJECT,0.14285714285714285
p07,career_center,naive,pdf,textbox,process_engineer,PASS,PASS,0.65
p07,career_center,layout_aware,pdf,textbox,mechanical_design,REJECT,REJECT,0.07142857142857142
p07,career_center,layout_aware,pdf,textbox,ml_intern,REJECT,REJECT,0.14285714285714285
p07,career_center,layout_aware,pdf,textbox,process_engineer,PASS,PASS,0.675
p07,career_center,naive,docx,single,mechanical_design,REJECT,REJECT,0.07142857142857142
p07,career_center,naive,docx,single,ml_intern,REJECT,REJECT,0.14285714285714285
p07,career_center,naive,docx,single,process_engineer,PASS,PASS,0.675
p07,career_center,layout_aware,docx,single,mechanical_design,REJECT,REJECT,0.07142857142857142
p07,career_center,layout_aware,docx,single,ml_intern,REJECT,REJECT,0.14285714285714285
p07,career_center,layout_aware,docx,single,process_engineer,PASS,PASS,0.675
p07,career_center,naive,docx,two_column,mechanical_design,REJECT,REJECT,0.07142857142857142
p07,career_center,naive,docx,two_column,ml_intern,REJECT,REJECT,0.14285714285714285
p07,career_center,naive,docx,two_column,process_engineer,PASS,PASS,0.675
p07,career_center,layout_aware,docx,two_column,mechanical_design,REJECT,REJECT,0.07142857142857142
p07,career_center,layout_aware,docx,two_column,ml_intern,REJECT,REJECT,0.14285714285714285
p07,career_center,layout_aware,docx,two_column,process_engineer,PASS,PASS,0.675
p07,career_center,naive,docx,table,mechanical_design,REJECT,REJECT,0.07142857142857142
p07,career_center,naive,docx,table,ml_intern,REJECT,REJECT,0.14285714285714285
p07,career_center,naive,docx,table,process_engineer,PASS,PASS,0.675
p07,career_center,layout_aware,docx,table,mechanical_design,REJECT,REJECT,0.07142857142857142
p07,career_center,layout_aware,docx,table,ml_intern,REJECT,REJECT,0.14285714285714285
p07,career_center,layout_aware,docx,table,process_engineer,PASS,PASS,0.675
p07,career_center,naive,docx,textbox,mechanical_design,REJECT,REJECT,0.07142857142857142
p07,career_center,naive,docx,textbox,ml_intern,REJECT,REJECT,0.14285714285714285
p07,career_center,naive,docx,textbox,process_engineer,PASS,PASS,0.675
p07,career_center,layout_aware,docx,textbox,mechanical_design,REJECT,REJECT,0.07142857142857142
p07,career_center,layout_aware,docx,textbox,ml_intern,REJECT,REJECT,0.14285714285714285
p07,career_center,layout_aware,docx,textbox,process_engineer,PASS,PASS,0.675
p07,hybrid,naive,pdf,single,mechanical_design,REVIEW,REJECT,0.07142857142857142
p07,hybrid,naive,pdf,single,ml_intern,REVIEW,REJECT,0.14285714285714285
p07,hybrid,naive,pdf,single,process_engineer,REVIEW,REJECT,0.675
p07,hybrid,layout_aware,pdf,single,mechanical_design,REVIEW,REJECT,0.07142857142857142
p07,hybrid,layout_aware,pdf,single,ml_intern,REVIEW,REJECT,0.14285714285714285
p07,hybrid,layout_aware,pdf,single,process_engineer,REVIEW,REJECT,0.675
p07,hybrid,naive,pdf,two_column,mechanical_design,REVIEW,REJECT,0.07142857142857142
p07,hybrid,naive,pdf,two_column,ml_intern,REVIEW,REJECT,0.14285714285714285
p07,hybrid,naive,pdf,two_column,process_engineer,REVIEW,REJECT,0.65
p07,hybrid,layout_aware,pdf,two_column,mechanical_design,REVIEW,REJECT,0.07142857142857142
p07,hybrid,layout_aware,pdf,two_column,ml_intern,REVIEW,REJECT,0.14285714285714285
p07,hybrid,layout_aware,pdf,two_column,process_engineer,REVIEW,REJECT,0.675
p07,hybrid,naive,pdf,table,mechanical_design,REVIEW,REJECT,0.07142857142857142
p07,hybrid,naive,pdf,table,ml_intern,REVIEW,REJECT,0.14285714285714285
p07,hybrid,naive,pdf,table,process_engineer,REVIEW,REJECT,0.675
p07,hybrid,layout_aware,pdf,table,mechanical_design,REVIEW,REJECT,0.07142857142857142
p07,hybrid,layout_aware,pdf,table,ml_intern,REVIEW,REJECT,0.14285714285714285
p07,hybrid,layout_aware,pdf,table,process_engineer,REVIEW,REJECT,0.675
p07,hybrid,naive,pdf,textbox,mechanical_design,REVIEW,REJECT,0.07142857142857142
p07,hybrid,naive,pdf,textbox,ml_intern,REVIEW,REJECT,0.14285714285714285
p07,hybrid,naive,pdf,textbox,process_engineer,REVIEW,REJECT,0.65
p07,hybrid,layout_aware,pdf,textbox,mechanical_design,REVIEW,REJECT,0.07142857142857142
p07,hybrid,layout_aware,pdf,textbox,ml_intern,REVIEW,REJECT,0.14285714285714285
p07,hybrid,layout_aware,pdf,textbox,process_engineer,REVIEW,REJECT,0.675
p07,hybrid,naive,docx,single,mechanical_design,REVIEW,REJECT,0.07142857142857142
p07,hybrid,naive,docx,single,ml_intern,REVIEW,REJECT,0.14285714285714285
p07,hybrid,naive,docx,single,process_engineer,REVIEW,REJECT,0.675
p07,hybrid,layout_aware,docx,single,mechanical_design,REVIEW,REJECT,0.07142857142857142
p07,hybrid,layout_aware,docx,single,ml_intern,REVIEW,REJECT,0.14285714285714285
p07,hybrid,layout_aware,docx,single,process_engineer,REVIEW,REJECT,0.675
p07,hybrid,naive,docx,two_column,mechanical_design,REVIEW,REJECT,0.07142857142857142
p07,hybrid,naive,docx,two_column,ml_intern,REVIEW,REJECT,0.14285714285714285
p07,hybrid,naive,docx,two_column,process_engineer,REVIEW,REJECT,0.675
p07,hybrid,layout_aware,docx,two_column,mechanical_design,REVIEW,REJECT,0.07142857142857142
p07,hybrid,layout_aware,docx,two_column,ml_intern,REVIEW,REJECT,0.14285714285714285
p07,hybrid,layout_aware,docx,two_column,process_engineer,REVIEW,REJECT,0.675
p07,hybrid,naive,docx,table,mechanical_design,REVIEW,REJECT,0.07142857142857142
p07,hybrid,naive,docx,table,ml_intern,REVIEW,REJECT,0.14285714285714285
p07,hybrid,naive,docx,table,process_engineer,REVIEW,REJECT,0.675
p07,hybrid,layout_aware,docx,table,mechanical_design,REVIEW,REJECT,0.07142857142857142
p07,hybrid,layout_aware,docx,table,ml_intern,REVIEW,REJECT,0.14285714285714285
p07,hybrid,layout_aware,docx,table,process_engineer,REVIEW,REJECT,0.675
p07,hybrid,naive,docx,textbox,mechanical_design,REVIEW,REJECT,0.07142857142857142
p07,hybrid,naive,docx,textbox,ml_intern,REVIEW,REJECT,0.14285714285714285
p07,hybrid,naive,docx,textbox,process_engineer,REVIEW,REJECT,0.675
p07,hybrid,layout_aware,docx,textbox,mechanical_design,REVIEW,REJECT,0.07142857142857142
p07,hybrid,layout_aware,docx,textbox,ml_intern,REVIEW,REJECT,0.14285714285714285
p07,hybrid,layout_aware,docx,textbox,process_engineer,REVIEW,REJECT,0.675
p08,classic,naive,pdf,single,mechanical_design,REJECT,REJECT,0.07142857142857142
p08,classic,naive,pdf,single,ml_intern,REJECT,REJECT,0.0
p08,classic,naive,pdf,single,process_engineer,PASS,PASS,0.3
p08,classic,layout_aware,pdf,single,mechanical_design,REJECT,REJECT,0.07142857142857142
p08,classic,layout_aware,pdf,single,ml_intern,REJECT,REJECT,0.0
p08,classic,layout_aware,pdf,single,process_engineer,PASS,PASS,0.3
p08,classic,naive,pdf,two_column,mechanical_design,REJECT,REJECT,0.07142857142857142
p08,classic,naive,pdf,two_column,ml_intern,REJECT,REJECT,0.0
p08,classic,naive,pdf,two_column,process_engineer,PASS,PASS,0.3
p08,classic,layout_aware,pdf,two_column,mechanical_design,REJECT,REJECT,0.07142857142857142
p08,classic,layout_aware,pdf,two_column,ml_intern,REJECT,REJECT,0.0
p08,classic,layout_aware,pdf,two_column,process_engineer,PASS,PASS,0.3
p08,classic,naive,pdf,table,mechanical_design,REVIEW,REJECT,0.07142857142857142
p08,classic,naive,pdf,table,ml_intern,REVIEW,REJECT,0.0
p08,classic,naive,pdf,table,process_engineer,REVIEW,REJECT,0.3
p08,classic,layout_aware,pdf,table,mechanical_design,REJECT,REJECT,0.07142857142857142
p08,classic,layout_aware,pdf,table,ml_intern,REJECT,REJECT,0.0
p08,classic,layout_aware,pdf,table,process_engineer,PASS,PASS,0.3
p08,classic,naive,pdf,textbox,mechanical_design,REJECT,REJECT,0.07142857142857142
p08,classic,naive,pdf,textbox,ml_intern,REJECT,REJECT,0.0
p08,classic,naive,pdf,textbox,process_engineer,PASS,PASS,0.3
p08,classic,layout_aware,pdf,textbox,mechanical_design,REJECT,REJECT,0.07142857142857142
p08,classic,layout_aware,pdf,textbox,ml_intern,REJECT,REJECT,0.0
p08,classic,layout_aware,pdf,textbox,process_engineer,PASS,PASS,0.3
p08,classic,naive,docx,single,mechanical_design,REJECT,REJECT,0.07142857142857142
p08,classic,naive,docx,single,ml_intern,REJECT,REJECT,0.0
p08,classic,naive,docx,single,process_engineer,PASS,PASS,0.3
p08,classic,layout_aware,docx,single,mechanical_design,REJECT,REJECT,0.07142857142857142
p08,classic,layout_aware,docx,single,ml_intern,REJECT,REJECT,0.0
p08,classic,layout_aware,docx,single,process_engineer,PASS,PASS,0.3
p08,classic,naive,docx,two_column,mechanical_design,REJECT,REJECT,0.07142857142857142
p08,classic,naive,docx,two_column,ml_intern,REJECT,REJECT,0.0
p08,classic,naive,docx,two_column,process_engineer,PASS,PASS,0.3
p08,classic,layout_aware,docx,two_column,mechanical_design,REJECT,REJECT,0.07142857142857142
p08,classic,layout_aware,docx,two_column,ml_intern,REJECT,REJECT,0.0
p08,classic,layout_aware,docx,two_column,process_engineer,PASS,PASS,0.3
p08,classic,naive,docx,table,mechanical_design,REJECT,REJECT,0.07142857142857142
p08,classic,naive,docx,table,ml_intern,REJECT,REJECT,0.0
p08,classic,naive,docx,table,process_engineer,PASS,PASS,0.3
p08,classic,layout_aware,docx,table,mechanical_design,REJECT,REJECT,0.07142857142857142
p08,classic,layout_aware,docx,table,ml_intern,REJECT,REJECT,0.0
p08,classic,layout_aware,docx,table,process_engineer,PASS,PASS,0.3
p08,classic,naive,docx,textbox,mechanical_design,REJECT,REJECT,0.07142857142857142
p08,classic,naive,docx,textbox,ml_intern,REJECT,REJECT,0.0
p08,classic,naive,docx,textbox,process_engineer,PASS,PASS,0.3
p08,classic,layout_aware,docx,textbox,mechanical_design,REJECT,REJECT,0.07142857142857142
p08,classic,layout_aware,docx,textbox,ml_intern,REJECT,REJECT,0.0
p08,classic,layout_aware,docx,textbox,process_engineer,PASS,PASS,0.3
p08,modern,naive,pdf,single,mechanical_design,REVIEW,REJECT,0.07142857142857142
p08,modern,naive,pdf,single,ml_intern,REJECT,REJECT,0.0
p08,modern,naive,pdf,single,process_engineer,REVIEW,REJECT,0.3
p08,modern,layout_aware,pdf,single,mechanical_design,REVIEW,REJECT,0.07142857142857142
p08,modern,layout_aware,pdf,single,ml_intern,REJECT,REJECT,0.0
p08,modern,layout_aware,pdf,single,process_engineer,REVIEW,REJECT,0.3
p08,modern,naive,pdf,two_column,mechanical_design,REVIEW,REJECT,0.07142857142857142
p08,modern,naive,pdf,two_column,ml_intern,REJECT,REJECT,0.0
p08,modern,naive,pdf,two_column,process_engineer,REVIEW,REJECT,0.3
p08,modern,layout_aware,pdf,two_column,mechanical_design,REVIEW,REJECT,0.07142857142857142
p08,modern,layout_aware,pdf,two_column,ml_intern,REJECT,REJECT,0.0
p08,modern,layout_aware,pdf,two_column,process_engineer,REVIEW,REJECT,0.3
p08,modern,naive,pdf,table,mechanical_design,REVIEW,REJECT,0.07142857142857142
p08,modern,naive,pdf,table,ml_intern,REVIEW,REJECT,0.0
p08,modern,naive,pdf,table,process_engineer,REVIEW,REJECT,0.3
p08,modern,layout_aware,pdf,table,mechanical_design,REVIEW,REJECT,0.07142857142857142
p08,modern,layout_aware,pdf,table,ml_intern,REJECT,REJECT,0.0
p08,modern,layout_aware,pdf,table,process_engineer,REVIEW,REJECT,0.3
p08,modern,naive,pdf,textbox,mechanical_design,REVIEW,REJECT,0.07142857142857142
p08,modern,naive,pdf,textbox,ml_intern,REVIEW,REJECT,0.0
p08,modern,naive,pdf,textbox,process_engineer,REVIEW,REJECT,0.3
p08,modern,layout_aware,pdf,textbox,mechanical_design,REVIEW,REJECT,0.07142857142857142
p08,modern,layout_aware,pdf,textbox,ml_intern,REJECT,REJECT,0.0
p08,modern,layout_aware,pdf,textbox,process_engineer,REVIEW,REJECT,0.3
p08,modern,naive,docx,single,mechanical_design,REVIEW,REJECT,0.07142857142857142
p08,modern,naive,docx,single,ml_intern,REJECT,REJECT,0.0
p08,modern,naive,docx,single,process_engineer,REVIEW,REJECT,0.3
p08,modern,layout_aware,docx,single,mechanical_design,REVIEW,REJECT,0.07142857142857142
p08,modern,layout_aware,docx,single,ml_intern,REJECT,REJECT,0.0
p08,modern,layout_aware,docx,single,process_engineer,REVIEW,REJECT,0.3
p08,modern,naive,docx,two_column,mechanical_design,REVIEW,REJECT,0.07142857142857142
p08,modern,naive,docx,two_column,ml_intern,REJECT,REJECT,0.0
p08,modern,naive,docx,two_column,process_engineer,REVIEW,REJECT,0.3
p08,modern,layout_aware,docx,two_column,mechanical_design,REVIEW,REJECT,0.07142857142857142
p08,modern,layout_aware,docx,two_column,ml_intern,REJECT,REJECT,0.0
p08,modern,layout_aware,docx,two_column,process_engineer,REVIEW,REJECT,0.3
p08,modern,naive,docx,table,mechanical_design,REVIEW,REJECT,0.07142857142857142
p08,modern,naive,docx,table,ml_intern,REJECT,REJECT,0.0
p08,modern,naive,docx,table,process_engineer,REVIEW,REJECT,0.3
p08,modern,layout_aware,docx,table,mechanical_design,REVIEW,REJECT,0.07142857142857142
p08,modern,layout_aware,docx,table,ml_intern,REJECT,REJECT,0.0
p08,modern,layout_aware,docx,table,process_engineer,REVIEW,REJECT,0.3
p08,modern,naive,docx,textbox,mechanical_design,REVIEW,REJECT,0.07142857142857142
p08,modern,naive,docx,textbox,ml_intern,REJECT,REJECT,0.0
p08,modern,naive,docx,textbox,process_engineer,REVIEW,REJECT,0.3
p08,modern,layout_aware,docx,textbox,mechanical_design,REVIEW,REJECT,0.07142857142857142
p08,modern,layout_aware,docx,textbox,ml_intern,REJECT,REJECT,0.0
p08,modern,layout_aware,docx,textbox,process_engineer,REVIEW,REJECT,0.3
p08,latex,naive,pdf,single,mechanical_design,REJECT,REJECT,0.07142857142857142
p08,latex,naive,pdf,single,ml_intern,REJECT,REJECT,0.0
p08,latex,naive,pdf,single,process_engineer,PASS,PASS,0.3
p08,latex,layout_aware,pdf,single,mechanical_design,REJECT,REJECT,0.07142857142857142
p08,latex,layout_aware,pdf,single,ml_intern,REJECT,REJECT,0.0
p08,latex,layout_aware,pdf,single,process_engineer,PASS,PASS,0.3
p08,latex,naive,pdf,two_column,mechanical_design,REJECT,REJECT,0.07142857142857142
p08,latex,naive,pdf,two_column,ml_intern,REJECT,REJECT,0.0
p08,latex,naive,pdf,two_column,process_engineer,REJECT,REJECT,0.3
p08,latex,layout_aware,pdf,two_column,mechanical_design,REVIEW,REJECT,0.07142857142857142
p08,latex,layout_aware,pdf,two_column,ml_intern,REJECT,REJECT,0.0
p08,latex,layout_aware,pdf,two_column,process_engineer,REVIEW,REJECT,0.3
p08,latex,naive,pdf,table,mechanical_design,REVIEW,REJECT,0.07142857142857142
p08,latex,naive,pdf,table,ml_intern,REVIEW,REJECT,0.0
p08,latex,naive,pdf,table,process_engineer,REVIEW,REJECT,0.3
p08,latex,layout_aware,pdf,table,mechanical_design,REJECT,REJECT,0.07142857142857142
p08,latex,layout_aware,pdf,table,ml_intern,REJECT,REJECT,0.0
p08,latex,layout_aware,pdf,table,process_engineer,PASS,PASS,0.3
p08,latex,naive,pdf,textbox,mechanical_design,REJECT,REJECT,0.07142857142857142
p08,latex,naive,pdf,textbox,ml_intern,REJECT,REJECT,0.0
p08,latex,naive,pdf,textbox,process_engineer,PASS,PASS,0.3
p08,latex,layout_aware,pdf,textbox,mechanical_design,REJECT,REJECT,0.07142857142857142
p08,latex,layout_aware,pdf,textbox,ml_intern,REJECT,REJECT,0.0
p08,latex,layout_aware,pdf,textbox,process_engineer,PASS,PASS,0.3
p08,latex,naive,docx,single,mechanical_design,REJECT,REJECT,0.07142857142857142
p08,latex,naive,docx,single,ml_intern,REJECT,REJECT,0.0
p08,latex,naive,docx,single,process_engineer,PASS,PASS,0.3
p08,latex,layout_aware,docx,single,mechanical_design,REJECT,REJECT,0.07142857142857142
p08,latex,layout_aware,docx,single,ml_intern,REJECT,REJECT,0.0
p08,latex,layout_aware,docx,single,process_engineer,PASS,PASS,0.3
p08,latex,naive,docx,two_column,mechanical_design,REJECT,REJECT,0.07142857142857142
p08,latex,naive,docx,two_column,ml_intern,REJECT,REJECT,0.0
p08,latex,naive,docx,two_column,process_engineer,PASS,PASS,0.3
p08,latex,layout_aware,docx,two_column,mechanical_design,REJECT,REJECT,0.07142857142857142
p08,latex,layout_aware,docx,two_column,ml_intern,REJECT,REJECT,0.0
p08,latex,layout_aware,docx,two_column,process_engineer,PASS,PASS,0.3
p08,latex,naive,docx,table,mechanical_design,REJECT,REJECT,0.07142857142857142
p08,latex,naive,docx,table,ml_intern,REJECT,REJECT,0.0
p08,latex,naive,docx,table,process_engineer,PASS,PASS,0.3
p08,latex,layout_aware,docx,table,mechanical_design,REJECT,REJECT,0.07142857142857142
p08,latex,layout_aware,docx,table,ml_intern,REJECT,REJECT,0.0
p08,latex,layout_aware,docx,table,process_engineer,PASS,PASS,0.3
p08,latex,naive,docx,textbox,mechanical_design,REJECT,REJECT,0.07142857142857142
p08,latex,naive,docx,textbox,ml_intern,REJECT,REJECT,0.0
p08,latex,naive,docx,textbox,process_engineer,PASS,PASS,0.3
p08,latex,layout_aware,docx,textbox,mechanical_design,REJECT,REJECT,0.07142857142857142
p08,latex,layout_aware,docx,textbox,ml_intern,REJECT,REJECT,0.0
p08,latex,layout_aware,docx,textbox,process_engineer,PASS,PASS,0.3
p08,career_center,naive,pdf,single,mechanical_design,REJECT,REJECT,0.07142857142857142
p08,career_center,naive,pdf,single,ml_intern,REJECT,REJECT,0.0
p08,career_center,naive,pdf,single,process_engineer,PASS,PASS,0.3
p08,career_center,layout_aware,pdf,single,mechanical_design,REJECT,REJECT,0.07142857142857142
p08,career_center,layout_aware,pdf,single,ml_intern,REJECT,REJECT,0.0
p08,career_center,layout_aware,pdf,single,process_engineer,PASS,PASS,0.3
p08,career_center,naive,pdf,two_column,mechanical_design,REJECT,REJECT,0.07142857142857142
p08,career_center,naive,pdf,two_column,ml_intern,REJECT,REJECT,0.0
p08,career_center,naive,pdf,two_column,process_engineer,REJECT,REJECT,0.3
p08,career_center,layout_aware,pdf,two_column,mechanical_design,REVIEW,REJECT,0.07142857142857142
p08,career_center,layout_aware,pdf,two_column,ml_intern,REJECT,REJECT,0.0
p08,career_center,layout_aware,pdf,two_column,process_engineer,REVIEW,REJECT,0.3
p08,career_center,naive,pdf,table,mechanical_design,REVIEW,REJECT,0.07142857142857142
p08,career_center,naive,pdf,table,ml_intern,REVIEW,REJECT,0.0
p08,career_center,naive,pdf,table,process_engineer,REVIEW,REJECT,0.3
p08,career_center,layout_aware,pdf,table,mechanical_design,REJECT,REJECT,0.07142857142857142
p08,career_center,layout_aware,pdf,table,ml_intern,REJECT,REJECT,0.0
p08,career_center,layout_aware,pdf,table,process_engineer,PASS,PASS,0.3
p08,career_center,naive,pdf,textbox,mechanical_design,REJECT,REJECT,0.07142857142857142
p08,career_center,naive,pdf,textbox,ml_intern,REJECT,REJECT,0.0
p08,career_center,naive,pdf,textbox,process_engineer,PASS,PASS,0.3
p08,career_center,layout_aware,pdf,textbox,mechanical_design,REJECT,REJECT,0.07142857142857142
p08,career_center,layout_aware,pdf,textbox,ml_intern,REJECT,REJECT,0.0
p08,career_center,layout_aware,pdf,textbox,process_engineer,PASS,PASS,0.3
p08,career_center,naive,docx,single,mechanical_design,REJECT,REJECT,0.07142857142857142
p08,career_center,naive,docx,single,ml_intern,REJECT,REJECT,0.0
p08,career_center,naive,docx,single,process_engineer,PASS,PASS,0.3
p08,career_center,layout_aware,docx,single,mechanical_design,REJECT,REJECT,0.07142857142857142
p08,career_center,layout_aware,docx,single,ml_intern,REJECT,REJECT,0.0
p08,career_center,layout_aware,docx,single,process_engineer,PASS,PASS,0.3
p08,career_center,naive,docx,two_column,mechanical_design,REJECT,REJECT,0.07142857142857142
p08,career_center,naive,docx,two_column,ml_intern,REJECT,REJECT,0.0
p08,career_center,naive,docx,two_column,process_engineer,PASS,PASS,0.3
p08,career_center,layout_aware,docx,two_column,mechanical_design,REJECT,REJECT,0.07142857142857142
p08,career_center,layout_aware,docx,two_column,ml_intern,REJECT,REJECT,0.0
p08,career_center,layout_aware,docx,two_column,process_engineer,PASS,PASS,0.3
p08,career_center,naive,docx,table,mechanical_design,REJECT,REJECT,0.07142857142857142
p08,career_center,naive,docx,table,ml_intern,REJECT,REJECT,0.0
p08,career_center,naive,docx,table,process_engineer,PASS,PASS,0.3
p08,career_center,layout_aware,docx,table,mechanical_design,REJECT,REJECT,0.07142857142857142
p08,career_center,layout_aware,docx,table,ml_intern,REJECT,REJECT,0.0
p08,career_center,layout_aware,docx,table,process_engineer,PASS,PASS,0.3
p08,career_center,naive,docx,textbox,mechanical_design,REJECT,REJECT,0.07142857142857142
p08,career_center,naive,docx,textbox,ml_intern,REJECT,REJECT,0.0
p08,career_center,naive,docx,textbox,process_engineer,PASS,PASS,0.3
p08,career_center,layout_aware,docx,textbox,mechanical_design,REJECT,REJECT,0.07142857142857142
p08,career_center,layout_aware,docx,textbox,ml_intern,REJECT,REJECT,0.0
p08,career_center,layout_aware,docx,textbox,process_engineer,PASS,PASS,0.3
p08,hybrid,naive,pdf,single,mechanical_design,REVIEW,REJECT,0.07142857142857142
p08,hybrid,naive,pdf,single,ml_intern,REVIEW,REJECT,0.0
p08,hybrid,naive,pdf,single,process_engineer,REVIEW,REJECT,0.3
p08,hybrid,layout_aware,pdf,single,mechanical_design,REVIEW,REJECT,0.07142857142857142
p08,hybrid,layout_aware,pdf,single,ml_intern,REVIEW,REJECT,0.0
p08,hybrid,layout_aware,pdf,single,process_engineer,REVIEW,REJECT,0.3
p08,hybrid,naive,pdf,two_column,mechanical_design,REVIEW,REJECT,0.07142857142857142
p08,hybrid,naive,pdf,two_column,ml_intern,REVIEW,REJECT,0.0
p08,hybrid,naive,pdf,two_column,process_engineer,REVIEW,REJECT,0.3
p08,hybrid,layout_aware,pdf,two_column,mechanical_design,REVIEW,REJECT,0.07142857142857142
p08,hybrid,layout_aware,pdf,two_column,ml_intern,REVIEW,REJECT,0.0
p08,hybrid,layout_aware,pdf,two_column,process_engineer,REVIEW,REJECT,0.3
p08,hybrid,naive,pdf,table,mechanical_design,REVIEW,REJECT,0.07142857142857142
p08,hybrid,naive,pdf,table,ml_intern,REVIEW,REJECT,0.0
p08,hybrid,naive,pdf,table,process_engineer,REVIEW,REJECT,0.3
p08,hybrid,layout_aware,pdf,table,mechanical_design,REVIEW,REJECT,0.07142857142857142
p08,hybrid,layout_aware,pdf,table,ml_intern,REVIEW,REJECT,0.0
p08,hybrid,layout_aware,pdf,table,process_engineer,REVIEW,REJECT,0.3
p08,hybrid,naive,pdf,textbox,mechanical_design,REVIEW,REJECT,0.07142857142857142
p08,hybrid,naive,pdf,textbox,ml_intern,REVIEW,REJECT,0.0
p08,hybrid,naive,pdf,textbox,process_engineer,REVIEW,REJECT,0.3
p08,hybrid,layout_aware,pdf,textbox,mechanical_design,REVIEW,REJECT,0.07142857142857142
p08,hybrid,layout_aware,pdf,textbox,ml_intern,REVIEW,REJECT,0.0
p08,hybrid,layout_aware,pdf,textbox,process_engineer,REVIEW,REJECT,0.3
p08,hybrid,naive,docx,single,mechanical_design,REVIEW,REJECT,0.07142857142857142
p08,hybrid,naive,docx,single,ml_intern,REVIEW,REJECT,0.0
p08,hybrid,naive,docx,single,process_engineer,REVIEW,REJECT,0.3
p08,hybrid,layout_aware,docx,single,mechanical_design,REVIEW,REJECT,0.07142857142857142
p08,hybrid,layout_aware,docx,single,ml_intern,REVIEW,REJECT,0.0
p08,hybrid,layout_aware,docx,single,process_engineer,REVIEW,REJECT,0.3
p08,hybrid,naive,docx,two_column,mechanical_design,REVIEW,REJECT,0.07142857142857142
p08,hybrid,naive,docx,two_column,ml_intern,REVIEW,REJECT,0.0
p08,hybrid,naive,docx,two_column,process_engineer,REVIEW,REJECT,0.3
p08,hybrid,layout_aware,docx,two_column,mechanical_design,REVIEW,REJECT,0.07142857142857142
p08,hybrid,layout_aware,docx,two_column,ml_intern,REVIEW,REJECT,0.0
p08,hybrid,layout_aware,docx,two_column,process_engineer,REVIEW,REJECT,0.3
p08,hybrid,naive,docx,table,mechanical_design,REVIEW,REJECT,0.07142857142857142
p08,hybrid,naive,docx,table,ml_intern,REVIEW,REJECT,0.0
p08,hybrid,naive,docx,table,process_engineer,REVIEW,REJECT,0.3
p08,hybrid,layout_aware,docx,table,mechanical_design,REVIEW,REJECT,0.07142857142857142
p08,hybrid,layout_aware,docx,table,ml_intern,REVIEW,REJECT,0.0
p08,hybrid,layout_aware,docx,table,process_engineer,REVIEW,REJECT,0.3
p08,hybrid,naive,docx,textbox,mechanical_design,REVIEW,REJECT,0.07142857142857142
p08,hybrid,naive,docx,textbox,ml_intern,REVIEW,REJECT,0.0
p08,hybrid,naive,docx,textbox,process_engineer,REVIEW,REJECT,0.3
p08,hybrid,layout_aware,docx,textbox,mechanical_design,REVIEW,REJECT,0.07142857142857142
p08,hybrid,layout_aware,docx,textbox,ml_intern,REVIEW,REJECT,0.0
p08,hybrid,layout_aware,docx,textbox,process_engineer,REVIEW,REJECT,0.3
p09,classic,naive,pdf,single,mechanical_design,REJECT,REJECT,0.07142857142857142
p09,classic,naive,pdf,single,ml_intern,REJECT,REJECT,0.14285714285714285
p09,classic,naive,pdf,single,process_engineer,REJECT,REJECT,0.35
p09,classic,layout_aware,pdf,single,mechanical_design,REJECT,REJECT,0.07142857142857142
p09,classic,layout_aware,pdf,single,ml_intern,REJECT,REJECT,0.14285714285714285
p09,classic,layout_aware,pdf,single,process_engineer,REJECT,REJECT,0.35
p09,classic,naive,pdf,two_column,mechanical_design,REJECT,REJECT,0.07142857142857142
p09,classic,naive,pdf,two_column,ml_intern,REJECT,REJECT,0.14285714285714285
p09,classic,naive,pdf,two_column,process_engineer,REJECT,REJECT,0.35
p09,classic,layout_aware,pdf,two_column,mechanical_design,REJECT,REJECT,0.07142857142857142
p09,classic,layout_aware,pdf,two_column,ml_intern,REJECT,REJECT,0.14285714285714285
p09,classic,layout_aware,pdf,two_column,process_engineer,REJECT,REJECT,0.35
p09,classic,naive,pdf,table,mechanical_design,REVIEW,REJECT,0.07142857142857142
p09,classic,naive,pdf,table,ml_intern,REVIEW,REJECT,0.14285714285714285
p09,classic,naive,pdf,table,process_engineer,REVIEW,REJECT,0.35
p09,classic,layout_aware,pdf,table,mechanical_design,REJECT,REJECT,0.07142857142857142
p09,classic,layout_aware,pdf,table,ml_intern,REJECT,REJECT,0.14285714285714285
p09,classic,layout_aware,pdf,table,process_engineer,REJECT,REJECT,0.35
p09,classic,naive,pdf,textbox,mechanical_design,REJECT,REJECT,0.07142857142857142
p09,classic,naive,pdf,textbox,ml_intern,REJECT,REJECT,0.14285714285714285
p09,classic,naive,pdf,textbox,process_engineer,REJECT,REJECT,0.35
p09,classic,layout_aware,pdf,textbox,mechanical_design,REJECT,REJECT,0.07142857142857142
p09,classic,layout_aware,pdf,textbox,ml_intern,REJECT,REJECT,0.14285714285714285
p09,classic,layout_aware,pdf,textbox,process_engineer,REJECT,REJECT,0.35
p09,classic,naive,docx,single,mechanical_design,REJECT,REJECT,0.07142857142857142
p09,classic,naive,docx,single,ml_intern,REJECT,REJECT,0.14285714285714285
p09,classic,naive,docx,single,process_engineer,REJECT,REJECT,0.35
p09,classic,layout_aware,docx,single,mechanical_design,REJECT,REJECT,0.07142857142857142
p09,classic,layout_aware,docx,single,ml_intern,REJECT,REJECT,0.14285714285714285
p09,classic,layout_aware,docx,single,process_engineer,REJECT,REJECT,0.35
p09,classic,naive,docx,two_column,mechanical_design,REJECT,REJECT,0.07142857142857142
p09,classic,naive,docx,two_column,ml_intern,REJECT,REJECT,0.14285714285714285
p09,classic,naive,docx,two_column,process_engineer,REJECT,REJECT,0.35
p09,classic,layout_aware,docx,two_column,mechanical_design,REJECT,REJECT,0.07142857142857142
p09,classic,layout_aware,docx,two_column,ml_intern,REJECT,REJECT,0.14285714285714285
p09,classic,layout_aware,docx,two_column,process_engineer,REJECT,REJECT,0.35
p09,classic,naive,docx,table,mechanical_design,REJECT,REJECT,0.07142857142857142
p09,classic,naive,docx,table,ml_intern,REJECT,REJECT,0.14285714285714285
p09,classic,naive,docx,table,process_engineer,REJECT,REJECT,0.35
p09,classic,layout_aware,docx,table,mechanical_design,REJECT,REJECT,0.07142857142857142
p09,classic,layout_aware,docx,table,ml_intern,REJECT,REJECT,0.14285714285714285
p09,classic,layout_aware,docx,table,process_engineer,REJECT,REJECT,0.35
p09,classic,naive,docx,textbox,mechanical_design,REJECT,REJECT,0.07142857142857142
p09,classic,naive,docx,textbox,ml_intern,REJECT,REJECT,0.14285714285714285
p09,classic,naive,docx,textbox,process_engineer,REJECT,REJECT,0.35
p09,classic,layout_aware,docx,textbox,mechanical_design,REJECT,REJECT,0.07142857142857142
p09,classic,layout_aware,docx,textbox,ml_intern,REJECT,REJECT,0.14285714285714285
p09,classic,layout_aware,docx,textbox,process_engineer,REJECT,REJECT,0.35
p09,modern,naive,pdf,single,mechanical_design,REJECT,REJECT,0.07142857142857142
p09,modern,naive,pdf,single,ml_intern,REVIEW,REJECT,0.14285714285714285
p09,modern,naive,pdf,single,process_engineer,REJECT,REJECT,0.35
p09,modern,layout_aware,pdf,single,mechanical_design,REJECT,REJECT,0.07142857142857142
p09,modern,layout_aware,pdf,single,ml_intern,REVIEW,REJECT,0.14285714285714285
p09,modern,layout_aware,pdf,single,process_engineer,REJECT,REJECT,0.35
p09,modern,naive,pdf,two_column,mechanical_design,REJECT,REJECT,0.07142857142857142
p09,modern,naive,pdf,two_column,ml_intern,REVIEW,REJECT,0.14285714285714285
p09,modern,naive,pdf,two_column,process_engineer,REJECT,REJECT,0.35
p09,modern,layout_aware,pdf,two_column,mechanical_design,REJECT,REJECT,0.07142857142857142
p09,modern,layout_aware,pdf,two_column,ml_intern,REVIEW,REJECT,0.14285714285714285
p09,modern,layout_aware,pdf,two_column,process_engineer,REJECT,REJECT,0.35
p09,modern,naive,pdf,table,mechanical_design,REVIEW,REJECT,0.07142857142857142
p09,modern,naive,pdf,table,ml_intern,REVIEW,REJECT,0.14285714285714285
p09,modern,naive,pdf,table,process_engineer,REVIEW,REJECT,0.35
p09,modern,layout_aware,pdf,table,mechanical_design,REJECT,REJECT,0.07142857142857142
p09,modern,layout_aware,pdf,table,ml_intern,REVIEW,REJECT,0.14285714285714285
p09,modern,layout_aware,pdf,table,process_engineer,REJECT,REJECT,0.35
p09,modern,naive,pdf,textbox,mechanical_design,REJECT,REJECT,0.07142857142857142
p09,modern,naive,pdf,textbox,ml_intern,REVIEW,REJECT,0.14285714285714285
p09,modern,naive,pdf,textbox,process_engineer,REJECT,REJECT,0.35
p09,modern,layout_aware,pdf,textbox,mechanical_design,REJECT,REJECT,0.07142857142857142
p09,modern,layout_aware,pdf,textbox,ml_intern,REVIEW,REJECT,0.14285714285714285
p09,modern,layout_aware,pdf,textbox,process_engineer,REJECT,REJECT,0.35
p09,modern,naive,docx,single,mechanical_design,REJECT,REJECT,0.07142857142857142
p09,modern,naive,docx,single,ml_intern,REVIEW,REJECT,0.14285714285714285
p09,modern,naive,docx,single,process_engineer,REJECT,REJECT,0.35
p09,modern,layout_aware,docx,single,mechanical_design,REJECT,REJECT,0.07142857142857142
p09,modern,layout_aware,docx,single,ml_intern,REVIEW,REJECT,0.14285714285714285
p09,modern,layout_aware,docx,single,process_engineer,REJECT,REJECT,0.35
p09,modern,naive,docx,two_column,mechanical_design,REJECT,REJECT,0.07142857142857142
p09,modern,naive,docx,two_column,ml_intern,REVIEW,REJECT,0.14285714285714285
p09,modern,naive,docx,two_column,process_engineer,REJECT,REJECT,0.35
p09,modern,layout_aware,docx,two_column,mechanical_design,REJECT,REJECT,0.07142857142857142
p09,modern,layout_aware,docx,two_column,ml_intern,REVIEW,REJECT,0.14285714285714285
p09,modern,layout_aware,docx,two_column,process_engineer,REJECT,REJECT,0.35
p09,modern,naive,docx,table,mechanical_design,REJECT,REJECT,0.07142857142857142
p09,modern,naive,docx,table,ml_intern,REVIEW,REJECT,0.14285714285714285
p09,modern,naive,docx,table,process_engineer,REJECT,REJECT,0.35
p09,modern,layout_aware,docx,table,mechanical_design,REJECT,REJECT,0.07142857142857142
p09,modern,layout_aware,docx,table,ml_intern,REVIEW,REJECT,0.14285714285714285
p09,modern,layout_aware,docx,table,process_engineer,REJECT,REJECT,0.35
p09,modern,naive,docx,textbox,mechanical_design,REJECT,REJECT,0.07142857142857142
p09,modern,naive,docx,textbox,ml_intern,REVIEW,REJECT,0.14285714285714285
p09,modern,naive,docx,textbox,process_engineer,REJECT,REJECT,0.35
p09,modern,layout_aware,docx,textbox,mechanical_design,REJECT,REJECT,0.07142857142857142
p09,modern,layout_aware,docx,textbox,ml_intern,REVIEW,REJECT,0.14285714285714285
p09,modern,layout_aware,docx,textbox,process_engineer,REJECT,REJECT,0.35
p09,latex,naive,pdf,single,mechanical_design,REJECT,REJECT,0.07142857142857142
p09,latex,naive,pdf,single,ml_intern,REJECT,REJECT,0.14285714285714285
p09,latex,naive,pdf,single,process_engineer,REJECT,REJECT,0.35
p09,latex,layout_aware,pdf,single,mechanical_design,REJECT,REJECT,0.07142857142857142
p09,latex,layout_aware,pdf,single,ml_intern,REJECT,REJECT,0.14285714285714285
p09,latex,layout_aware,pdf,single,process_engineer,REJECT,REJECT,0.35
p09,latex,naive,pdf,two_column,mechanical_design,REJECT,REJECT,0.07142857142857142
p09,latex,naive,pdf,two_column,ml_intern,REJECT,REJECT,0.14285714285714285
p09,latex,naive,pdf,two_column,process_engineer,REJECT,REJECT,0.35
p09,latex,layout_aware,pdf,two_column,mechanical_design,REJECT,REJECT,0.07142857142857142
p09,latex,layout_aware,pdf,two_column,ml_intern,REJECT,REJECT,0.14285714285714285
p09,latex,layout_aware,pdf,two_column,process_engineer,REJECT,REJECT,0.35
p09,latex,naive,pdf,table,mechanical_design,REVIEW,REJECT,0.07142857142857142
p09,latex,naive,pdf,table,ml_intern,REVIEW,REJECT,0.14285714285714285
p09,latex,naive,pdf,table,process_engineer,REVIEW,REJECT,0.35
p09,latex,layout_aware,pdf,table,mechanical_design,REJECT,REJECT,0.07142857142857142
p09,latex,layout_aware,pdf,table,ml_intern,REJECT,REJECT,0.14285714285714285
p09,latex,layout_aware,pdf,table,process_engineer,REJECT,REJECT,0.35
p09,latex,naive,pdf,textbox,mechanical_design,REJECT,REJECT,0.07142857142857142
p09,latex,naive,pdf,textbox,ml_intern,REJECT,REJECT,0.14285714285714285
p09,latex,naive,pdf,textbox,process_engineer,REJECT,REJECT,0.35
p09,latex,layout_aware,pdf,textbox,mechanical_design,REJECT,REJECT,0.07142857142857142
p09,latex,layout_aware,pdf,textbox,ml_intern,REJECT,REJECT,0.14285714285714285
p09,latex,layout_aware,pdf,textbox,process_engineer,REJECT,REJECT,0.35
p09,latex,naive,docx,single,mechanical_design,REJECT,REJECT,0.07142857142857142
p09,latex,naive,docx,single,ml_intern,REJECT,REJECT,0.14285714285714285
p09,latex,naive,docx,single,process_engineer,REJECT,REJECT,0.35
p09,latex,layout_aware,docx,single,mechanical_design,REJECT,REJECT,0.07142857142857142
p09,latex,layout_aware,docx,single,ml_intern,REJECT,REJECT,0.14285714285714285
p09,latex,layout_aware,docx,single,process_engineer,REJECT,REJECT,0.35
p09,latex,naive,docx,two_column,mechanical_design,REJECT,REJECT,0.07142857142857142
p09,latex,naive,docx,two_column,ml_intern,REJECT,REJECT,0.14285714285714285
p09,latex,naive,docx,two_column,process_engineer,REJECT,REJECT,0.35
p09,latex,layout_aware,docx,two_column,mechanical_design,REJECT,REJECT,0.07142857142857142
p09,latex,layout_aware,docx,two_column,ml_intern,REJECT,REJECT,0.14285714285714285
p09,latex,layout_aware,docx,two_column,process_engineer,REJECT,REJECT,0.35
p09,latex,naive,docx,table,mechanical_design,REJECT,REJECT,0.07142857142857142
p09,latex,naive,docx,table,ml_intern,REJECT,REJECT,0.14285714285714285
p09,latex,naive,docx,table,process_engineer,REJECT,REJECT,0.35
p09,latex,layout_aware,docx,table,mechanical_design,REJECT,REJECT,0.07142857142857142
p09,latex,layout_aware,docx,table,ml_intern,REJECT,REJECT,0.14285714285714285
p09,latex,layout_aware,docx,table,process_engineer,REJECT,REJECT,0.35
p09,latex,naive,docx,textbox,mechanical_design,REJECT,REJECT,0.07142857142857142
p09,latex,naive,docx,textbox,ml_intern,REJECT,REJECT,0.14285714285714285
p09,latex,naive,docx,textbox,process_engineer,REJECT,REJECT,0.35
p09,latex,layout_aware,docx,textbox,mechanical_design,REJECT,REJECT,0.07142857142857142
p09,latex,layout_aware,docx,textbox,ml_intern,REJECT,REJECT,0.14285714285714285
p09,latex,layout_aware,docx,textbox,process_engineer,REJECT,REJECT,0.35
p09,career_center,naive,pdf,single,mechanical_design,REJECT,REJECT,0.07142857142857142
p09,career_center,naive,pdf,single,ml_intern,REJECT,REJECT,0.14285714285714285
p09,career_center,naive,pdf,single,process_engineer,REJECT,REJECT,0.35
p09,career_center,layout_aware,pdf,single,mechanical_design,REJECT,REJECT,0.07142857142857142
p09,career_center,layout_aware,pdf,single,ml_intern,REJECT,REJECT,0.14285714285714285
p09,career_center,layout_aware,pdf,single,process_engineer,REJECT,REJECT,0.35
p09,career_center,naive,pdf,two_column,mechanical_design,REVIEW,REJECT,0.07142857142857142
p09,career_center,naive,pdf,two_column,ml_intern,REJECT,REJECT,0.14285714285714285
p09,career_center,naive,pdf,two_column,process_engineer,REVIEW,REJECT,0.35
p09,career_center,layout_aware,pdf,two_column,mechanical_design,REJECT,REJECT,0.07142857142857142
p09,career_center,layout_aware,pdf,two_column,ml_intern,REVIEW,REJECT,0.14285714285714285
p09,career_center,layout_aware,pdf,two_column,process_engineer,REJECT,REJECT,0.35
p09,career_center,naive,pdf,table,mechanical_design,REVIEW,REJECT,0.07142857142857142
p09,career_center,naive,pdf,table,ml_intern,REVIEW,REJECT,0.14285714285714285
p09,career_center,naive,pdf,table,process_engineer,REVIEW,REJECT,0.35
p09,career_center,layout_aware,pdf,table,mechanical_design,REJECT,REJECT,0.07142857142857142
p09,career_center,layout_aware,pdf,table,ml_intern,REJECT,REJECT,0.14285714285714285
p09,career_center,layout_aware,pdf,table,process_engineer,REJECT,REJECT,0.35
p09,career_center,naive,pdf,textbox,mechanical_design,REJECT,REJECT,0.07142857142857142
p09,career_center,naive,pdf,textbox,ml_intern,REJECT,REJECT,0.14285714285714285
p09,career_center,naive,pdf,textbox,process_engineer,REJECT,REJECT,0.35
p09,career_center,layout_aware,pdf,textbox,mechanical_design,REJECT,REJECT,0.07142857142857142
p09,career_center,layout_aware,pdf,textbox,ml_intern,REJECT,REJECT,0.14285714285714285
p09,career_center,layout_aware,pdf,textbox,process_engineer,REJECT,REJECT,0.35
p09,career_center,naive,docx,single,mechanical_design,REJECT,REJECT,0.07142857142857142
p09,career_center,naive,docx,single,ml_intern,REJECT,REJECT,0.14285714285714285
p09,career_center,naive,docx,single,process_engineer,REJECT,REJECT,0.35
p09,career_center,layout_aware,docx,single,mechanical_design,REJECT,REJECT,0.07142857142857142
p09,career_center,layout_aware,docx,single,ml_intern,REJECT,REJECT,0.14285714285714285
p09,career_center,layout_aware,docx,single,process_engineer,REJECT,REJECT,0.35
p09,career_center,naive,docx,two_column,mechanical_design,REJECT,REJECT,0.07142857142857142
p09,career_center,naive,docx,two_column,ml_intern,REJECT,REJECT,0.14285714285714285
p09,career_center,naive,docx,two_column,process_engineer,REJECT,REJECT,0.35
p09,career_center,layout_aware,docx,two_column,mechanical_design,REJECT,REJECT,0.07142857142857142
p09,career_center,layout_aware,docx,two_column,ml_intern,REJECT,REJECT,0.14285714285714285
p09,career_center,layout_aware,docx,two_column,process_engineer,REJECT,REJECT,0.35
p09,career_center,naive,docx,table,mechanical_design,REJECT,REJECT,0.07142857142857142
p09,career_center,naive,docx,table,ml_intern,REJECT,REJECT,0.14285714285714285
p09,career_center,naive,docx,table,process_engineer,REJECT,REJECT,0.35
p09,career_center,layout_aware,docx,table,mechanical_design,REJECT,REJECT,0.07142857142857142
p09,career_center,layout_aware,docx,table,ml_intern,REJECT,REJECT,0.14285714285714285
p09,career_center,layout_aware,docx,table,process_engineer,REJECT,REJECT,0.35
p09,career_center,naive,docx,textbox,mechanical_design,REJECT,REJECT,0.07142857142857142
p09,career_center,naive,docx,textbox,ml_intern,REJECT,REJECT,0.14285714285714285
p09,career_center,naive,docx,textbox,process_engineer,REJECT,REJECT,0.35
p09,career_center,layout_aware,docx,textbox,mechanical_design,REJECT,REJECT,0.07142857142857142
p09,career_center,layout_aware,docx,textbox,ml_intern,REJECT,REJECT,0.14285714285714285
p09,career_center,layout_aware,docx,textbox,process_engineer,REJECT,REJECT,0.35
p09,hybrid,naive,pdf,single,mechanical_design,REVIEW,REJECT,0.07142857142857142
p09,hybrid,naive,pdf,single,ml_intern,REVIEW,REJECT,0.14285714285714285
p09,hybrid,naive,pdf,single,process_engineer,REVIEW,REJECT,0.35
p09,hybrid,layout_aware,pdf,single,mechanical_design,REVIEW,REJECT,0.07142857142857142
p09,hybrid,layout_aware,pdf,single,ml_intern,REVIEW,REJECT,0.14285714285714285
p09,hybrid,layout_aware,pdf,single,process_engineer,REVIEW,REJECT,0.35
p09,hybrid,naive,pdf,two_column,mechanical_design,REVIEW,REJECT,0.07142857142857142
p09,hybrid,naive,pdf,two_column,ml_intern,REVIEW,REJECT,0.14285714285714285
p09,hybrid,naive,pdf,two_column,process_engineer,REVIEW,REJECT,0.35
p09,hybrid,layout_aware,pdf,two_column,mechanical_design,REVIEW,REJECT,0.07142857142857142
p09,hybrid,layout_aware,pdf,two_column,ml_intern,REVIEW,REJECT,0.14285714285714285
p09,hybrid,layout_aware,pdf,two_column,process_engineer,REVIEW,REJECT,0.35
p09,hybrid,naive,pdf,table,mechanical_design,REVIEW,REJECT,0.07142857142857142
p09,hybrid,naive,pdf,table,ml_intern,REVIEW,REJECT,0.14285714285714285
p09,hybrid,naive,pdf,table,process_engineer,REVIEW,REJECT,0.35
p09,hybrid,layout_aware,pdf,table,mechanical_design,REVIEW,REJECT,0.07142857142857142
p09,hybrid,layout_aware,pdf,table,ml_intern,REVIEW,REJECT,0.14285714285714285
p09,hybrid,layout_aware,pdf,table,process_engineer,REVIEW,REJECT,0.35
p09,hybrid,naive,pdf,textbox,mechanical_design,REVIEW,REJECT,0.07142857142857142
p09,hybrid,naive,pdf,textbox,ml_intern,REVIEW,REJECT,0.14285714285714285
p09,hybrid,naive,pdf,textbox,process_engineer,REVIEW,REJECT,0.35
p09,hybrid,layout_aware,pdf,textbox,mechanical_design,REVIEW,REJECT,0.07142857142857142
p09,hybrid,layout_aware,pdf,textbox,ml_intern,REVIEW,REJECT,0.14285714285714285
p09,hybrid,layout_aware,pdf,textbox,process_engineer,REVIEW,REJECT,0.35
p09,hybrid,naive,docx,single,mechanical_design,REVIEW,REJECT,0.07142857142857142
p09,hybrid,naive,docx,single,ml_intern,REVIEW,REJECT,0.14285714285714285
p09,hybrid,naive,docx,single,process_engineer,REVIEW,REJECT,0.35
p09,hybrid,layout_aware,docx,single,mechanical_design,REVIEW,REJECT,0.07142857142857142
p09,hybrid,layout_aware,docx,single,ml_intern,REVIEW,REJECT,0.14285714285714285
p09,hybrid,layout_aware,docx,single,process_engineer,REVIEW,REJECT,0.35
p09,hybrid,naive,docx,two_column,mechanical_design,REVIEW,REJECT,0.07142857142857142
p09,hybrid,naive,docx,two_column,ml_intern,REVIEW,REJECT,0.14285714285714285
p09,hybrid,naive,docx,two_column,process_engineer,REVIEW,REJECT,0.35
p09,hybrid,layout_aware,docx,two_column,mechanical_design,REVIEW,REJECT,0.07142857142857142
p09,hybrid,layout_aware,docx,two_column,ml_intern,REVIEW,REJECT,0.14285714285714285
p09,hybrid,layout_aware,docx,two_column,process_engineer,REVIEW,REJECT,0.35
p09,hybrid,naive,docx,table,mechanical_design,REVIEW,REJECT,0.07142857142857142
p09,hybrid,naive,docx,table,ml_intern,REVIEW,REJECT,0.14285714285714285
p09,hybrid,naive,docx,table,process_engineer,REVIEW,REJECT,0.35
p09,hybrid,layout_aware,docx,table,mechanical_design,REVIEW,REJECT,0.07142857142857142
p09,hybrid,layout_aware,docx,table,ml_intern,REVIEW,REJECT,0.14285714285714285
p09,hybrid,layout_aware,docx,table,process_engineer,REVIEW,REJECT,0.35
p09,hybrid,naive,docx,textbox,mechanical_design,REVIEW,REJECT,0.07142857142857142
p09,hybrid,naive,docx,textbox,ml_intern,REVIEW,REJECT,0.14285714285714285
p09,hybrid,naive,docx,textbox,process_engineer,REVIEW,REJECT,0.35
p09,hybrid,layout_aware,docx,textbox,mechanical_design,REVIEW,REJECT,0.07142857142857142
p09,hybrid,layout_aware,docx,textbox,ml_intern,REVIEW,REJECT,0.14285714285714285
p09,hybrid,layout_aware,docx,textbox,process_engineer,REVIEW,REJECT,0.35
p10,classic,naive,pdf,single,mechanical_design,REJECT,REJECT,0.0
p10,classic,naive,pdf,single,ml_intern,REJECT,REJECT,0.07142857142857142
p10,classic,naive,pdf,single,process_engineer,PASS,PASS,0.1
p10,classic,layout_aware,pdf,single,mechanical_design,REJECT,REJECT,0.0
p10,classic,layout_aware,pdf,single,ml_intern,REJECT,REJECT,0.07142857142857142
p10,classic,layout_aware,pdf,single,process_engineer,PASS,PASS,0.1
p10,classic,naive,pdf,two_column,mechanical_design,REVIEW,REJECT,0.0
p10,classic,naive,pdf,two_column,ml_intern,REVIEW,REJECT,0.07142857142857142
p10,classic,naive,pdf,two_column,process_engineer,REVIEW,REJECT,0.1
p10,classic,layout_aware,pdf,two_column,mechanical_design,REJECT,REJECT,0.0
p10,classic,layout_aware,pdf,two_column,ml_intern,REJECT,REJECT,0.07142857142857142
p10,classic,layout_aware,pdf,two_column,process_engineer,PASS,PASS,0.1
p10,classic,naive,pdf,table,mechanical_design,REVIEW,REJECT,0.0
p10,classic,naive,pdf,table,ml_intern,REVIEW,REJECT,0.07142857142857142
p10,classic,naive,pdf,table,process_engineer,REVIEW,REJECT,0.1
p10,classic,layout_aware,pdf,table,mechanical_design,REJECT,REJECT,0.0
p10,classic,layout_aware,pdf,table,ml_intern,REJECT,REJECT,0.07142857142857142
p10,classic,layout_aware,pdf,table,process_engineer,PASS,PASS,0.1
p10,classic,naive,pdf,textbox,mechanical_design,REJECT,REJECT,0.0
p10,classic,naive,pdf,textbox,ml_intern,REJECT,REJECT,0.07142857142857142
p10,classic,naive,pdf,textbox,process_engineer,PASS,PASS,0.1
p10,classic,layout_aware,pdf,textbox,mechanical_design,REJECT,REJECT,0.0
p10,classic,layout_aware,pdf,textbox,ml_intern,REJECT,REJECT,0.07142857142857142
p10,classic,layout_aware,pdf,textbox,process_engineer,PASS,PASS,0.1
p10,classic,naive,docx,single,mechanical_design,REJECT,REJECT,0.0
p10,classic,naive,docx,single,ml_intern,REJECT,REJECT,0.07142857142857142
p10,classic,naive,docx,single,process_engineer,PASS,PASS,0.1
p10,classic,layout_aware,docx,single,mechanical_design,REJECT,REJECT,0.0
p10,classic,layout_aware,docx,single,ml_intern,REJECT,REJECT,0.07142857142857142
p10,classic,layout_aware,docx,single,process_engineer,PASS,PASS,0.1
p10,classic,naive,docx,two_column,mechanical_design,REJECT,REJECT,0.0
p10,classic,naive,docx,two_column,ml_intern,REJECT,REJECT,0.07142857142857142
p10,classic,naive,docx,two_column,process_engineer,PASS,PASS,0.1
p10,classic,layout_aware,docx,two_column,mechanical_design,REJECT,REJECT,0.0
p10,classic,layout_aware,docx,two_column,ml_intern,REJECT,REJECT,0.07142857142857142
p10,classic,layout_aware,docx,two_column,process_engineer,PASS,PASS,0.1
p10,classic,naive,docx,table,mechanical_design,REJECT,REJECT,0.0
p10,classic,naive,docx,table,ml_intern,REJECT,REJECT,0.07142857142857142
p10,classic,naive,docx,table,process_engineer,PASS,PASS,0.1
p10,classic,layout_aware,docx,table,mechanical_design,REJECT,REJECT,0.0
p10,classic,layout_aware,docx,table,ml_intern,REJECT,REJECT,0.07142857142857142
p10,classic,layout_aware,docx,table,process_engineer,PASS,PASS,0.1
p10,classic,naive,docx,textbox,mechanical_design,REJECT,REJECT,0.0
p10,classic,naive,docx,textbox,ml_intern,REJECT,REJECT,0.07142857142857142
p10,classic,naive,docx,textbox,process_engineer,PASS,PASS,0.1
p10,classic,layout_aware,docx,textbox,mechanical_design,REJECT,REJECT,0.0
p10,classic,layout_aware,docx,textbox,ml_intern,REJECT,REJECT,0.07142857142857142
p10,classic,layout_aware,docx,textbox,process_engineer,PASS,PASS,0.1
p10,modern,naive,pdf,single,mechanical_design,REVIEW,REJECT,0.0
p10,modern,naive,pdf,single,ml_intern,REJECT,REJECT,0.07142857142857142
p10,modern,naive,pdf,single,process_engineer,REVIEW,REJECT,0.1
p10,modern,layout_aware,pdf,single,mechanical_design,REVIEW,REJECT,0.0
p10,modern,layout_aware,pdf,single,ml_intern,REJECT,REJECT,0.07142857142857142
p10,modern,layout_aware,pdf,single,process_engineer,REVIEW,REJECT,0.1
p10,modern,naive,pdf,two_column,mechanical_design,REVIEW,REJECT,0.0
p10,modern,naive,pdf,two_column,ml_intern,REJECT,REJECT,0.07142857142857142
p10,modern,naive,pdf,two_column,process_engineer,REVIEW,REJECT,0.1
p10,modern,layout_aware,pdf,two_column,mechanical_design,REVIEW,REJECT,0.0
p10,modern,layout_aware,pdf,two_column,ml_intern,REJECT,REJECT,0.07142857142857142
p10,modern,layout_aware,pdf,two_column,process_engineer,REVIEW,REJECT,0.1
p10,modern,naive,pdf,table,mechanical_design,REVIEW,REJECT,0.0
p10,modern,naive,pdf,table,ml_intern,REVIEW,REJECT,0.07142857142857142
p10,modern,naive,pdf,table,process_engineer,REVIEW,REJECT,0.1
p10,modern,layout_aware,pdf,table,mechanical_design,REVIEW,REJECT,0.0
p10,modern,layout_aware,pdf,table,ml_intern,REJECT,REJECT,0.07142857142857142
p10,modern,layout_aware,pdf,table,process_engineer,REVIEW,REJECT,0.1
p10,modern,naive,pdf,textbox,mechanical_design,REVIEW,REJECT,0.0
p10,modern,naive,pdf,textbox,ml_intern,REVIEW,REJECT,0.07142857142857142
p10,modern,naive,pdf,textbox,process_engineer,REVIEW,REJECT,0.1
p10,modern,layout_aware,pdf,textbox,mechanical_design,REVIEW,REJECT,0.0
p10,modern,layout_aware,pdf,textbox,ml_intern,REJECT,REJECT,0.07142857142857142
p10,modern,layout_aware,pdf,textbox,process_engineer,REVIEW,REJECT,0.1
p10,modern,naive,docx,single,mechanical_design,REVIEW,REJECT,0.0
p10,modern,naive,docx,single,ml_intern,REJECT,REJECT,0.07142857142857142
p10,modern,naive,docx,single,process_engineer,REVIEW,REJECT,0.1
p10,modern,layout_aware,docx,single,mechanical_design,REVIEW,REJECT,0.0
p10,modern,layout_aware,docx,single,ml_intern,REJECT,REJECT,0.07142857142857142
p10,modern,layout_aware,docx,single,process_engineer,REVIEW,REJECT,0.1
p10,modern,naive,docx,two_column,mechanical_design,REVIEW,REJECT,0.0
p10,modern,naive,docx,two_column,ml_intern,REJECT,REJECT,0.07142857142857142
p10,modern,naive,docx,two_column,process_engineer,REVIEW,REJECT,0.1
p10,modern,layout_aware,docx,two_column,mechanical_design,REVIEW,REJECT,0.0
p10,modern,layout_aware,docx,two_column,ml_intern,REJECT,REJECT,0.07142857142857142
p10,modern,layout_aware,docx,two_column,process_engineer,REVIEW,REJECT,0.1
p10,modern,naive,docx,table,mechanical_design,REVIEW,REJECT,0.0
p10,modern,naive,docx,table,ml_intern,REJECT,REJECT,0.07142857142857142
p10,modern,naive,docx,table,process_engineer,REVIEW,REJECT,0.1
p10,modern,layout_aware,docx,table,mechanical_design,REVIEW,REJECT,0.0
p10,modern,layout_aware,docx,table,ml_intern,REJECT,REJECT,0.07142857142857142
p10,modern,layout_aware,docx,table,process_engineer,REVIEW,REJECT,0.1
p10,modern,naive,docx,textbox,mechanical_design,REVIEW,REJECT,0.0
p10,modern,naive,docx,textbox,ml_intern,REJECT,REJECT,0.07142857142857142
p10,modern,naive,docx,textbox,process_engineer,REVIEW,REJECT,0.1
p10,modern,layout_aware,docx,textbox,mechanical_design,REVIEW,REJECT,0.0
p10,modern,layout_aware,docx,textbox,ml_intern,REJECT,REJECT,0.07142857142857142
p10,modern,layout_aware,docx,textbox,process_engineer,REVIEW,REJECT,0.1
p10,latex,naive,pdf,single,mechanical_design,REJECT,REJECT,0.0
p10,latex,naive,pdf,single,ml_intern,REJECT,REJECT,0.07142857142857142
p10,latex,naive,pdf,single,process_engineer,PASS,PASS,0.1
p10,latex,layout_aware,pdf,single,mechanical_design,REJECT,REJECT,0.0
p10,latex,layout_aware,pdf,single,ml_intern,REJECT,REJECT,0.07142857142857142
p10,latex,layout_aware,pdf,single,process_engineer,PASS,PASS,0.1
p10,latex,naive,pdf,two_column,mechanical_design,REJECT,REJECT,0.0
p10,latex,naive,pdf,two_column,ml_intern,REJECT,REJECT,0.07142857142857142
p10,latex,naive,pdf,two_column,process_engineer,REJECT,REJECT,0.1
p10,latex,layout_aware,pdf,two_column,mechanical_design,REJECT,REJECT,0.0
p10,latex,layout_aware,pdf,two_column,ml_intern,REJECT,REJECT,0.07142857142857142
p10,latex,layout_aware,pdf,two_column,process_engineer,REJECT,REJECT,0.1
p10,latex,naive,pdf,table,mechanical_design,REVIEW,REJECT,0.0
p10,latex,naive,pdf,table,ml_intern,REVIEW,REJECT,0.07142857142857142
p10,latex,naive,pdf,table,process_engineer,REVIEW,REJECT,0.1
p10,latex,layout_aware,pdf,table,mechanical_design,REJECT,REJECT,0.0
p10,latex,layout_aware,pdf,table,ml_intern,REJECT,REJECT,0.07142857142857142
p10,latex,layout_aware,pdf,table,process_engineer,PASS,PASS,0.1
p10,latex,naive,pdf,textbox,mechanical_design,REJECT,REJECT,0.0
p10,latex,naive,pdf,textbox,ml_intern,REJECT,REJECT,0.07142857142857142
p10,latex,naive,pdf,textbox,process_engineer,PASS,PASS,0.1
p10,latex,layout_aware,pdf,textbox,mechanical_design,REJECT,REJECT,0.0
p10,latex,layout_aware,pdf,textbox,ml_intern,REJECT,REJECT,0.07142857142857142
p10,latex,layout_aware,pdf,textbox,process_engineer,PASS,PASS,0.1
p10,latex,naive,docx,single,mechanical_design,REJECT,REJECT,0.0
p10,latex,naive,docx,single,ml_intern,REJECT,REJECT,0.07142857142857142
p10,latex,naive,docx,single,process_engineer,PASS,PASS,0.1
p10,latex,layout_aware,docx,single,mechanical_design,REJECT,REJECT,0.0
p10,latex,layout_aware,docx,single,ml_intern,REJECT,REJECT,0.07142857142857142
p10,latex,layout_aware,docx,single,process_engineer,PASS,PASS,0.1
p10,latex,naive,docx,two_column,mechanical_design,REJECT,REJECT,0.0
p10,latex,naive,docx,two_column,ml_intern,REJECT,REJECT,0.07142857142857142
p10,latex,naive,docx,two_column,process_engineer,PASS,PASS,0.1
p10,latex,layout_aware,docx,two_column,mechanical_design,REJECT,REJECT,0.0
p10,latex,layout_aware,docx,two_column,ml_intern,REJECT,REJECT,0.07142857142857142
p10,latex,layout_aware,docx,two_column,process_engineer,PASS,PASS,0.1
p10,latex,naive,docx,table,mechanical_design,REJECT,REJECT,0.0
p10,latex,naive,docx,table,ml_intern,REJECT,REJECT,0.07142857142857142
p10,latex,naive,docx,table,process_engineer,PASS,PASS,0.1
p10,latex,layout_aware,docx,table,mechanical_design,REJECT,REJECT,0.0
p10,latex,layout_aware,docx,table,ml_intern,REJECT,REJECT,0.07142857142857142
p10,latex,layout_aware,docx,table,process_engineer,PASS,PASS,0.1
p10,latex,naive,docx,textbox,mechanical_design,REJECT,REJECT,0.0
p10,latex,naive,docx,textbox,ml_intern,REJECT,REJECT,0.07142857142857142
p10,latex,naive,docx,textbox,process_engineer,PASS,PASS,0.1
p10,latex,layout_aware,docx,textbox,mechanical_design,REJECT,REJECT,0.0
p10,latex,layout_aware,docx,textbox,ml_intern,REJECT,REJECT,0.07142857142857142
p10,latex,layout_aware,docx,textbox,process_engineer,PASS,PASS,0.1
p10,career_center,naive,pdf,single,mechanical_design,REJECT,REJECT,0.0
p10,career_center,naive,pdf,single,ml_intern,REJECT,REJECT,0.07142857142857142
p10,career_center,naive,pdf,single,process_engineer,PASS,PASS,0.1
p10,career_center,layout_aware,pdf,single,mechanical_design,REJECT,REJECT,0.0
p10,career_center,layout_aware,pdf,single,ml_intern,REJECT,REJECT,0.07142857142857142
p10,career_center,layout_aware,pdf,single,process_engineer,PASS,PASS,0.1
p10,career_center,naive,pdf,two_column,mechanical_design,REVIEW,REJECT,0.0
p10,career_center,naive,pdf,two_column,ml_intern,REJECT,REJECT,0.07142857142857142
p10,career_center,naive,pdf,two_column,process_engineer,REVIEW,REJECT,0.1
p10,career_center,layout_aware,pdf,two_column,mechanical_design,REVIEW,REJECT,0.0
p10,career_center,layout_aware,pdf,two_column,ml_intern,REJECT,REJECT,0.07142857142857142
p10,career_center,layout_aware,pdf,two_column,process_engineer,REVIEW,REJECT,0.1
p10,career_center,naive,pdf,table,mechanical_design,REVIEW,REJECT,0.0
p10,career_center,naive,pdf,table,ml_intern,REVIEW,REJECT,0.07142857142857142
p10,career_center,naive,pdf,table,process_engineer,REVIEW,REJECT,0.1
p10,career_center,layout_aware,pdf,table,mechanical_design,REJECT,REJECT,0.0
p10,career_center,layout_aware,pdf,table,ml_intern,REJECT,REJECT,0.07142857142857142
p10,career_center,layout_aware,pdf,table,process_engineer,PASS,PASS,0.1
p10,career_center,naive,pdf,textbox,mechanical_design,REJECT,REJECT,0.0
p10,career_center,naive,pdf,textbox,ml_intern,REJECT,REJECT,0.07142857142857142
p10,career_center,naive,pdf,textbox,process_engineer,PASS,PASS,0.1
p10,career_center,layout_aware,pdf,textbox,mechanical_design,REJECT,REJECT,0.0
p10,career_center,layout_aware,pdf,textbox,ml_intern,REJECT,REJECT,0.07142857142857142
p10,career_center,layout_aware,pdf,textbox,process_engineer,PASS,PASS,0.1
p10,career_center,naive,docx,single,mechanical_design,REJECT,REJECT,0.0
p10,career_center,naive,docx,single,ml_intern,REJECT,REJECT,0.07142857142857142
p10,career_center,naive,docx,single,process_engineer,PASS,PASS,0.1
p10,career_center,layout_aware,docx,single,mechanical_design,REJECT,REJECT,0.0
p10,career_center,layout_aware,docx,single,ml_intern,REJECT,REJECT,0.07142857142857142
p10,career_center,layout_aware,docx,single,process_engineer,PASS,PASS,0.1
p10,career_center,naive,docx,two_column,mechanical_design,REJECT,REJECT,0.0
p10,career_center,naive,docx,two_column,ml_intern,REJECT,REJECT,0.07142857142857142
p10,career_center,naive,docx,two_column,process_engineer,PASS,PASS,0.1
p10,career_center,layout_aware,docx,two_column,mechanical_design,REJECT,REJECT,0.0
p10,career_center,layout_aware,docx,two_column,ml_intern,REJECT,REJECT,0.07142857142857142
p10,career_center,layout_aware,docx,two_column,process_engineer,PASS,PASS,0.1
p10,career_center,naive,docx,table,mechanical_design,REJECT,REJECT,0.0
p10,career_center,naive,docx,table,ml_intern,REJECT,REJECT,0.07142857142857142
p10,career_center,naive,docx,table,process_engineer,PASS,PASS,0.1
p10,career_center,layout_aware,docx,table,mechanical_design,REJECT,REJECT,0.0
p10,career_center,layout_aware,docx,table,ml_intern,REJECT,REJECT,0.07142857142857142
p10,career_center,layout_aware,docx,table,process_engineer,PASS,PASS,0.1
p10,career_center,naive,docx,textbox,mechanical_design,REJECT,REJECT,0.0
p10,career_center,naive,docx,textbox,ml_intern,REJECT,REJECT,0.07142857142857142
p10,career_center,naive,docx,textbox,process_engineer,PASS,PASS,0.1
p10,career_center,layout_aware,docx,textbox,mechanical_design,REJECT,REJECT,0.0
p10,career_center,layout_aware,docx,textbox,ml_intern,REJECT,REJECT,0.07142857142857142
p10,career_center,layout_aware,docx,textbox,process_engineer,PASS,PASS,0.1
p10,hybrid,naive,pdf,single,mechanical_design,REVIEW,REJECT,0.0
p10,hybrid,naive,pdf,single,ml_intern,REVIEW,REJECT,0.07142857142857142
p10,hybrid,naive,pdf,single,process_engineer,REVIEW,REJECT,0.1
p10,hybrid,layout_aware,pdf,single,mechanical_design,REVIEW,REJECT,0.0
p10,hybrid,layout_aware,pdf,single,ml_intern,REVIEW,REJECT,0.07142857142857142
p10,hybrid,layout_aware,pdf,single,process_engineer,REVIEW,REJECT,0.1
p10,hybrid,naive,pdf,two_column,mechanical_design,REVIEW,REJECT,0.0
p10,hybrid,naive,pdf,two_column,ml_intern,REVIEW,REJECT,0.07142857142857142
p10,hybrid,naive,pdf,two_column,process_engineer,REVIEW,REJECT,0.1
p10,hybrid,layout_aware,pdf,two_column,mechanical_design,REVIEW,REJECT,0.0
p10,hybrid,layout_aware,pdf,two_column,ml_intern,REVIEW,REJECT,0.07142857142857142
p10,hybrid,layout_aware,pdf,two_column,process_engineer,REVIEW,REJECT,0.1
p10,hybrid,naive,pdf,table,mechanical_design,REVIEW,REJECT,0.0
p10,hybrid,naive,pdf,table,ml_intern,REVIEW,REJECT,0.07142857142857142
p10,hybrid,naive,pdf,table,process_engineer,REVIEW,REJECT,0.1
p10,hybrid,layout_aware,pdf,table,mechanical_design,REVIEW,REJECT,0.0
p10,hybrid,layout_aware,pdf,table,ml_intern,REVIEW,REJECT,0.07142857142857142
p10,hybrid,layout_aware,pdf,table,process_engineer,REVIEW,REJECT,0.1
p10,hybrid,naive,pdf,textbox,mechanical_design,REVIEW,REJECT,0.0
p10,hybrid,naive,pdf,textbox,ml_intern,REVIEW,REJECT,0.07142857142857142
p10,hybrid,naive,pdf,textbox,process_engineer,REVIEW,REJECT,0.1
p10,hybrid,layout_aware,pdf,textbox,mechanical_design,REVIEW,REJECT,0.0
p10,hybrid,layout_aware,pdf,textbox,ml_intern,REVIEW,REJECT,0.07142857142857142
p10,hybrid,layout_aware,pdf,textbox,process_engineer,REVIEW,REJECT,0.1
p10,hybrid,naive,docx,single,mechanical_design,REVIEW,REJECT,0.0
p10,hybrid,naive,docx,single,ml_intern,REVIEW,REJECT,0.07142857142857142
p10,hybrid,naive,docx,single,process_engineer,REVIEW,REJECT,0.1
p10,hybrid,layout_aware,docx,single,mechanical_design,REVIEW,REJECT,0.0
p10,hybrid,layout_aware,docx,single,ml_intern,REVIEW,REJECT,0.07142857142857142
p10,hybrid,layout_aware,docx,single,process_engineer,REVIEW,REJECT,0.1
p10,hybrid,naive,docx,two_column,mechanical_design,REVIEW,REJECT,0.0
p10,hybrid,naive,docx,two_column,ml_intern,REVIEW,REJECT,0.07142857142857142
p10,hybrid,naive,docx,two_column,process_engineer,REVIEW,REJECT,0.1
p10,hybrid,layout_aware,docx,two_column,mechanical_design,REVIEW,REJECT,0.0
p10,hybrid,layout_aware,docx,two_column,ml_intern,REVIEW,REJECT,0.07142857142857142
p10,hybrid,layout_aware,docx,two_column,process_engineer,REVIEW,REJECT,0.1
p10,hybrid,naive,docx,table,mechanical_design,REVIEW,REJECT,0.0
p10,hybrid,naive,docx,table,ml_intern,REVIEW,REJECT,0.07142857142857142
p10,hybrid,naive,docx,table,process_engineer,REVIEW,REJECT,0.1
p10,hybrid,layout_aware,docx,table,mechanical_design,REVIEW,REJECT,0.0
p10,hybrid,layout_aware,docx,table,ml_intern,REVIEW,REJECT,0.07142857142857142
p10,hybrid,layout_aware,docx,table,process_engineer,REVIEW,REJECT,0.1
p10,hybrid,naive,docx,textbox,mechanical_design,REVIEW,REJECT,0.0
p10,hybrid,naive,docx,textbox,ml_intern,REVIEW,REJECT,0.07142857142857142
p10,hybrid,naive,docx,textbox,process_engineer,REVIEW,REJECT,0.1
p10,hybrid,layout_aware,docx,textbox,mechanical_design,REVIEW,REJECT,0.0
p10,hybrid,layout_aware,docx,textbox,ml_intern,REVIEW,REJECT,0.07142857142857142
p10,hybrid,layout_aware,docx,textbox,process_engineer,REVIEW,REJECT,0.1
p11,classic,naive,pdf,single,mechanical_design,REJECT,REJECT,0.07142857142857142
p11,classic,naive,pdf,single,ml_intern,REJECT,REJECT,0.14285714285714285
p11,classic,naive,pdf,single,process_engineer,REVIEW,REJECT,0.375
p11,classic,layout_aware,pdf,single,mechanical_design,REJECT,REJECT,0.07142857142857142
p11,classic,layout_aware,pdf,single,ml_intern,REJECT,REJECT,0.14285714285714285
p11,classic,layout_aware,pdf,single,process_engineer,REVIEW,REJECT,0.375
p11,classic,naive,pdf,two_column,mechanical_design,REJECT,REJECT,0.07142857142857142
p11,classic,naive,pdf,two_column,ml_intern,REJECT,REJECT,0.14285714285714285
p11,classic,naive,pdf,two_column,process_engineer,REVIEW,REJECT,0.375
p11,classic,layout_aware,pdf,two_column,mechanical_design,REJECT,REJECT,0.07142857142857142
p11,classic,layout_aware,pdf,two_column,ml_intern,REJECT,REJECT,0.14285714285714285
p11,classic,layout_aware,pdf,two_column,process_engineer,REVIEW,REJECT,0.375
p11,classic,naive,pdf,table,mechanical_design,REVIEW,REJECT,0.07142857142857142
p11,classic,naive,pdf,table,ml_intern,REVIEW,REJECT,0.14285714285714285
p11,classic,naive,pdf,table,process_engineer,REVIEW,REJECT,0.375
p11,classic,layout_aware,pdf,table,mechanical_design,REJECT,REJECT,0.07142857142857142
p11,classic,layout_aware,pdf,table,ml_intern,REJECT,REJECT,0.14285714285714285
p11,classic,layout_aware,pdf,table,process_engineer,REVIEW,REJECT,0.375
p11,classic,naive,pdf,textbox,mechanical_design,REJECT,REJECT,0.07142857142857142
p11,classic,naive,pdf,textbox,ml_intern,REJECT,REJECT,0.14285714285714285
p11,classic,naive,pdf,textbox,process_engineer,REVIEW,REJECT,0.375
p11,classic,layout_aware,pdf,textbox,mechanical_design,REJECT,REJECT,0.07142857142857142
p11,classic,layout_aware,pdf,textbox,ml_intern,REJECT,REJECT,0.14285714285714285
p11,classic,layout_aware,pdf,textbox,process_engineer,REVIEW,REJECT,0.375
p11,classic,naive,docx,single,mechanical_design,REJECT,REJECT,0.07142857142857142
p11,classic,naive,docx,single,ml_intern,REJECT,REJECT,0.14285714285714285
p11,classic,naive,docx,single,process_engineer,REVIEW,REJECT,0.375
p11,classic,layout_aware,docx,single,mechanical_design,REJECT,REJECT,0.07142857142857142
p11,classic,layout_aware,docx,single,ml_intern,REJECT,REJECT,0.14285714285714285
p11,classic,layout_aware,docx,single,process_engineer,REVIEW,REJECT,0.375
p11,classic,naive,docx,two_column,mechanical_design,REJECT,REJECT,0.07142857142857142
p11,classic,naive,docx,two_column,ml_intern,REJECT,REJECT,0.14285714285714285
p11,classic,naive,docx,two_column,process_engineer,REVIEW,REJECT,0.375
p11,classic,layout_aware,docx,two_column,mechanical_design,REJECT,REJECT,0.07142857142857142
p11,classic,layout_aware,docx,two_column,ml_intern,REJECT,REJECT,0.14285714285714285
p11,classic,layout_aware,docx,two_column,process_engineer,REVIEW,REJECT,0.375
p11,classic,naive,docx,table,mechanical_design,REJECT,REJECT,0.07142857142857142
p11,classic,naive,docx,table,ml_intern,REJECT,REJECT,0.14285714285714285
p11,classic,naive,docx,table,process_engineer,REVIEW,REJECT,0.375
p11,classic,layout_aware,docx,table,mechanical_design,REJECT,REJECT,0.07142857142857142
p11,classic,layout_aware,docx,table,ml_intern,REJECT,REJECT,0.14285714285714285
p11,classic,layout_aware,docx,table,process_engineer,REVIEW,REJECT,0.375
p11,classic,naive,docx,textbox,mechanical_design,REJECT,REJECT,0.07142857142857142
p11,classic,naive,docx,textbox,ml_intern,REJECT,REJECT,0.14285714285714285
p11,classic,naive,docx,textbox,process_engineer,REVIEW,REJECT,0.375
p11,classic,layout_aware,docx,textbox,mechanical_design,REJECT,REJECT,0.07142857142857142
p11,classic,layout_aware,docx,textbox,ml_intern,REJECT,REJECT,0.14285714285714285
p11,classic,layout_aware,docx,textbox,process_engineer,REVIEW,REJECT,0.375
p11,modern,naive,pdf,single,mechanical_design,REVIEW,REJECT,0.07142857142857142
p11,modern,naive,pdf,single,ml_intern,REJECT,REJECT,0.14285714285714285
p11,modern,naive,pdf,single,process_engineer,REVIEW,REJECT,0.375
p11,modern,layout_aware,pdf,single,mechanical_design,REVIEW,REJECT,0.07142857142857142
p11,modern,layout_aware,pdf,single,ml_intern,REJECT,REJECT,0.14285714285714285
p11,modern,layout_aware,pdf,single,process_engineer,REVIEW,REJECT,0.375
p11,modern,naive,pdf,two_column,mechanical_design,REVIEW,REJECT,0.07142857142857142
p11,modern,naive,pdf,two_column,ml_intern,REJECT,REJECT,0.14285714285714285
p11,modern,naive,pdf,two_column,process_engineer,REVIEW,REJECT,0.375
p11,modern,layout_aware,pdf,two_column,mechanical_design,REVIEW,REJECT,0.07142857142857142
p11,modern,layout_aware,pdf,two_column,ml_intern,REJECT,REJECT,0.14285714285714285
p11,modern,layout_aware,pdf,two_column,process_engineer,REVIEW,REJECT,0.375
p11,modern,naive,pdf,table,mechanical_design,REVIEW,REJECT,0.07142857142857142
p11,modern,naive,pdf,table,ml_intern,REVIEW,REJECT,0.14285714285714285
p11,modern,naive,pdf,table,process_engineer,REVIEW,REJECT,0.375
p11,modern,layout_aware,pdf,table,mechanical_design,REVIEW,REJECT,0.07142857142857142
p11,modern,layout_aware,pdf,table,ml_intern,REJECT,REJECT,0.14285714285714285
p11,modern,layout_aware,pdf,table,process_engineer,REVIEW,REJECT,0.375
p11,modern,naive,pdf,textbox,mechanical_design,REVIEW,REJECT,0.07142857142857142
p11,modern,naive,pdf,textbox,ml_intern,REVIEW,REJECT,0.14285714285714285
p11,modern,naive,pdf,textbox,process_engineer,REVIEW,REJECT,0.375
p11,modern,layout_aware,pdf,textbox,mechanical_design,REVIEW,REJECT,0.07142857142857142
p11,modern,layout_aware,pdf,textbox,ml_intern,REJECT,REJECT,0.14285714285714285
p11,modern,layout_aware,pdf,textbox,process_engineer,REVIEW,REJECT,0.375
p11,modern,naive,docx,single,mechanical_design,REVIEW,REJECT,0.07142857142857142
p11,modern,naive,docx,single,ml_intern,REJECT,REJECT,0.14285714285714285
p11,modern,naive,docx,single,process_engineer,REVIEW,REJECT,0.375
p11,modern,layout_aware,docx,single,mechanical_design,REVIEW,REJECT,0.07142857142857142
p11,modern,layout_aware,docx,single,ml_intern,REJECT,REJECT,0.14285714285714285
p11,modern,layout_aware,docx,single,process_engineer,REVIEW,REJECT,0.375
p11,modern,naive,docx,two_column,mechanical_design,REVIEW,REJECT,0.07142857142857142
p11,modern,naive,docx,two_column,ml_intern,REJECT,REJECT,0.14285714285714285
p11,modern,naive,docx,two_column,process_engineer,REVIEW,REJECT,0.375
p11,modern,layout_aware,docx,two_column,mechanical_design,REVIEW,REJECT,0.07142857142857142
p11,modern,layout_aware,docx,two_column,ml_intern,REJECT,REJECT,0.14285714285714285
p11,modern,layout_aware,docx,two_column,process_engineer,REVIEW,REJECT,0.375
p11,modern,naive,docx,table,mechanical_design,REVIEW,REJECT,0.07142857142857142
p11,modern,naive,docx,table,ml_intern,REJECT,REJECT,0.14285714285714285
p11,modern,naive,docx,table,process_engineer,REVIEW,REJECT,0.375
p11,modern,layout_aware,docx,table,mechanical_design,REVIEW,REJECT,0.07142857142857142
p11,modern,layout_aware,docx,table,ml_intern,REJECT,REJECT,0.14285714285714285
p11,modern,layout_aware,docx,table,process_engineer,REVIEW,REJECT,0.375
p11,modern,naive,docx,textbox,mechanical_design,REVIEW,REJECT,0.07142857142857142
p11,modern,naive,docx,textbox,ml_intern,REJECT,REJECT,0.14285714285714285
p11,modern,naive,docx,textbox,process_engineer,REVIEW,REJECT,0.375
p11,modern,layout_aware,docx,textbox,mechanical_design,REVIEW,REJECT,0.07142857142857142
p11,modern,layout_aware,docx,textbox,ml_intern,REJECT,REJECT,0.14285714285714285
p11,modern,layout_aware,docx,textbox,process_engineer,REVIEW,REJECT,0.375
p11,latex,naive,pdf,single,mechanical_design,REJECT,REJECT,0.07142857142857142
p11,latex,naive,pdf,single,ml_intern,REJECT,REJECT,0.14285714285714285
p11,latex,naive,pdf,single,process_engineer,REVIEW,REJECT,0.375
p11,latex,layout_aware,pdf,single,mechanical_design,REJECT,REJECT,0.07142857142857142
p11,latex,layout_aware,pdf,single,ml_intern,REJECT,REJECT,0.14285714285714285
p11,latex,layout_aware,pdf,single,process_engineer,REVIEW,REJECT,0.375
p11,latex,naive,pdf,two_column,mechanical_design,REJECT,REJECT,0.07142857142857142
p11,latex,naive,pdf,two_column,ml_intern,REJECT,REJECT,0.14285714285714285
p11,latex,naive,pdf,two_column,process_engineer,REJECT,REJECT,0.375
p11,latex,layout_aware,pdf,two_column,mechanical_design,REJECT,REJECT,0.07142857142857142
p11,latex,layout_aware,pdf,two_column,ml_intern,REJECT,REJECT,0.14285714285714285
p11,latex,layout_aware,pdf,two_column,process_engineer,REJECT,REJECT,0.375
p11,latex,naive,pdf,table,mechanical_design,REVIEW,REJECT,0.07142857142857142
p11,latex,naive,pdf,table,ml_intern,REVIEW,REJECT,0.14285714285714285
p11,latex,naive,pdf,table,process_engineer,REVIEW,REJECT,0.375
p11,latex,layout_aware,pdf,table,mechanical_design,REJECT,REJECT,0.07142857142857142
p11,latex,layout_aware,pdf,table,ml_intern,REJECT,REJECT,0.14285714285714285
p11,latex,layout_aware,pdf,table,process_engineer,REVIEW,REJECT,0.375
p11,latex,naive,pdf,textbox,mechanical_design,REJECT,REJECT,0.07142857142857142
p11,latex,naive,pdf,textbox,ml_intern,REJECT,REJECT,0.14285714285714285
p11,latex,naive,pdf,textbox,process_engineer,REVIEW,REJECT,0.375
p11,latex,layout_aware,pdf,textbox,mechanical_design,REJECT,REJECT,0.07142857142857142
p11,latex,layout_aware,pdf,textbox,ml_intern,REJECT,REJECT,0.14285714285714285
p11,latex,layout_aware,pdf,textbox,process_engineer,REVIEW,REJECT,0.375
p11,latex,naive,docx,single,mechanical_design,REJECT,REJECT,0.07142857142857142
p11,latex,naive,docx,single,ml_intern,REJECT,REJECT,0.14285714285714285
p11,latex,naive,docx,single,process_engineer,REVIEW,REJECT,0.375
p11,latex,layout_aware,docx,single,mechanical_design,REJECT,REJECT,0.07142857142857142
p11,latex,layout_aware,docx,single,ml_intern,REJECT,REJECT,0.14285714285714285
p11,latex,layout_aware,docx,single,process_engineer,REVIEW,REJECT,0.375
p11,latex,naive,docx,two_column,mechanical_design,REJECT,REJECT,0.07142857142857142
p11,latex,naive,docx,two_column,ml_intern,REJECT,REJECT,0.14285714285714285
p11,latex,naive,docx,two_column,process_engineer,REVIEW,REJECT,0.375
p11,latex,layout_aware,docx,two_column,mechanical_design,REJECT,REJECT,0.07142857142857142
p11,latex,layout_aware,docx,two_column,ml_intern,REJECT,REJECT,0.14285714285714285
p11,latex,layout_aware,docx,two_column,process_engineer,REVIEW,REJECT,0.375
p11,latex,naive,docx,table,mechanical_design,REJECT,REJECT,0.07142857142857142
p11,latex,naive,docx,table,ml_intern,REJECT,REJECT,0.14285714285714285
p11,latex,naive,docx,table,process_engineer,REVIEW,REJECT,0.375
p11,latex,layout_aware,docx,table,mechanical_design,REJECT,REJECT,0.07142857142857142
p11,latex,layout_aware,docx,table,ml_intern,REJECT,REJECT,0.14285714285714285
p11,latex,layout_aware,docx,table,process_engineer,REVIEW,REJECT,0.375
p11,latex,naive,docx,textbox,mechanical_design,REJECT,REJECT,0.07142857142857142
p11,latex,naive,docx,textbox,ml_intern,REJECT,REJECT,0.14285714285714285
p11,latex,naive,docx,textbox,process_engineer,REVIEW,REJECT,0.375
p11,latex,layout_aware,docx,textbox,mechanical_design,REJECT,REJECT,0.07142857142857142
p11,latex,layout_aware,docx,textbox,ml_intern,REJECT,REJECT,0.14285714285714285
p11,latex,layout_aware,docx,textbox,process_engineer,REVIEW,REJECT,0.375
p11,career_center,naive,pdf,single,mechanical_design,REJECT,REJECT,0.07142857142857142
p11,career_center,naive,pdf,single,ml_intern,REJECT,REJECT,0.14285714285714285
p11,career_center,naive,pdf,single,process_engineer,REVIEW,REJECT,0.375
p11,career_center,layout_aware,pdf,single,mechanical_design,REJECT,REJECT,0.07142857142857142
p11,career_center,layout_aware,pdf,single,ml_intern,REJECT,REJECT,0.14285714285714285
p11,career_center,layout_aware,pdf,single,process_engineer,REVIEW,REJECT,0.375
p11,career_center,naive,pdf,two_column,mechanical_design,REVIEW,REJECT,0.07142857142857142
p11,career_center,naive,pdf,two_column,ml_intern,REJECT,REJECT,0.14285714285714285
p11,career_center,naive,pdf,two_column,process_engineer,REVIEW,REJECT,0.375
p11,career_center,layout_aware,pdf,two_column,mechanical_design,REVIEW,REJECT,0.07142857142857142
p11,career_center,layout_aware,pdf,two_column,ml_intern,REJECT,REJECT,0.14285714285714285
p11,career_center,layout_aware,pdf,two_column,process_engineer,REVIEW,REJECT,0.375
p11,career_center,naive,pdf,table,mechanical_design,REVIEW,REJECT,0.07142857142857142
p11,career_center,naive,pdf,table,ml_intern,REVIEW,REJECT,0.14285714285714285
p11,career_center,naive,pdf,table,process_engineer,REVIEW,REJECT,0.375
p11,career_center,layout_aware,pdf,table,mechanical_design,REJECT,REJECT,0.07142857142857142
p11,career_center,layout_aware,pdf,table,ml_intern,REJECT,REJECT,0.14285714285714285
p11,career_center,layout_aware,pdf,table,process_engineer,REVIEW,REJECT,0.375
p11,career_center,naive,pdf,textbox,mechanical_design,REJECT,REJECT,0.07142857142857142
p11,career_center,naive,pdf,textbox,ml_intern,REJECT,REJECT,0.14285714285714285
p11,career_center,naive,pdf,textbox,process_engineer,REVIEW,REJECT,0.375
p11,career_center,layout_aware,pdf,textbox,mechanical_design,REJECT,REJECT,0.07142857142857142
p11,career_center,layout_aware,pdf,textbox,ml_intern,REJECT,REJECT,0.14285714285714285
p11,career_center,layout_aware,pdf,textbox,process_engineer,REVIEW,REJECT,0.375
p11,career_center,naive,docx,single,mechanical_design,REJECT,REJECT,0.07142857142857142
p11,career_center,naive,docx,single,ml_intern,REJECT,REJECT,0.14285714285714285
p11,career_center,naive,docx,single,process_engineer,REVIEW,REJECT,0.375
p11,career_center,layout_aware,docx,single,mechanical_design,REJECT,REJECT,0.07142857142857142
p11,career_center,layout_aware,docx,single,ml_intern,REJECT,REJECT,0.14285714285714285
p11,career_center,layout_aware,docx,single,process_engineer,REVIEW,REJECT,0.375
p11,career_center,naive,docx,two_column,mechanical_design,REJECT,REJECT,0.07142857142857142
p11,career_center,naive,docx,two_column,ml_intern,REJECT,REJECT,0.14285714285714285
p11,career_center,naive,docx,two_column,process_engineer,REVIEW,REJECT,0.375
p11,career_center,layout_aware,docx,two_column,mechanical_design,REJECT,REJECT,0.07142857142857142
p11,career_center,layout_aware,docx,two_column,ml_intern,REJECT,REJECT,0.14285714285714285
p11,career_center,layout_aware,docx,two_column,process_engineer,REVIEW,REJECT,0.375
p11,career_center,naive,docx,table,mechanical_design,REJECT,REJECT,0.07142857142857142
p11,career_center,naive,docx,table,ml_intern,REJECT,REJECT,0.14285714285714285
p11,career_center,naive,docx,table,process_engineer,REVIEW,REJECT,0.375
p11,career_center,layout_aware,docx,table,mechanical_design,REJECT,REJECT,0.07142857142857142
p11,career_center,layout_aware,docx,table,ml_intern,REJECT,REJECT,0.14285714285714285
p11,career_center,layout_aware,docx,table,process_engineer,REVIEW,REJECT,0.375
p11,career_center,naive,docx,textbox,mechanical_design,REJECT,REJECT,0.07142857142857142
p11,career_center,naive,docx,textbox,ml_intern,REJECT,REJECT,0.14285714285714285
p11,career_center,naive,docx,textbox,process_engineer,REVIEW,REJECT,0.375
p11,career_center,layout_aware,docx,textbox,mechanical_design,REJECT,REJECT,0.07142857142857142
p11,career_center,layout_aware,docx,textbox,ml_intern,REJECT,REJECT,0.14285714285714285
p11,career_center,layout_aware,docx,textbox,process_engineer,REVIEW,REJECT,0.375
p11,hybrid,naive,pdf,single,mechanical_design,REVIEW,REJECT,0.07142857142857142
p11,hybrid,naive,pdf,single,ml_intern,REVIEW,REJECT,0.14285714285714285
p11,hybrid,naive,pdf,single,process_engineer,REVIEW,REJECT,0.375
p11,hybrid,layout_aware,pdf,single,mechanical_design,REVIEW,REJECT,0.07142857142857142
p11,hybrid,layout_aware,pdf,single,ml_intern,REVIEW,REJECT,0.14285714285714285
p11,hybrid,layout_aware,pdf,single,process_engineer,REVIEW,REJECT,0.375
p11,hybrid,naive,pdf,two_column,mechanical_design,REVIEW,REJECT,0.07142857142857142
p11,hybrid,naive,pdf,two_column,ml_intern,REVIEW,REJECT,0.14285714285714285
p11,hybrid,naive,pdf,two_column,process_engineer,REVIEW,REJECT,0.375
p11,hybrid,layout_aware,pdf,two_column,mechanical_design,REVIEW,REJECT,0.07142857142857142
p11,hybrid,layout_aware,pdf,two_column,ml_intern,REVIEW,REJECT,0.14285714285714285
p11,hybrid,layout_aware,pdf,two_column,process_engineer,REVIEW,REJECT,0.375
p11,hybrid,naive,pdf,table,mechanical_design,REVIEW,REJECT,0.07142857142857142
p11,hybrid,naive,pdf,table,ml_intern,REVIEW,REJECT,0.14285714285714285
p11,hybrid,naive,pdf,table,process_engineer,REVIEW,REJECT,0.375
p11,hybrid,layout_aware,pdf,table,mechanical_design,REVIEW,REJECT,0.07142857142857142
p11,hybrid,layout_aware,pdf,table,ml_intern,REVIEW,REJECT,0.14285714285714285
p11,hybrid,layout_aware,pdf,table,process_engineer,REVIEW,REJECT,0.375
p11,hybrid,naive,pdf,textbox,mechanical_design,REVIEW,REJECT,0.07142857142857142
p11,hybrid,naive,pdf,textbox,ml_intern,REVIEW,REJECT,0.14285714285714285
p11,hybrid,naive,pdf,textbox,process_engineer,REVIEW,REJECT,0.375
p11,hybrid,layout_aware,pdf,textbox,mechanical_design,REVIEW,REJECT,0.07142857142857142
p11,hybrid,layout_aware,pdf,textbox,ml_intern,REVIEW,REJECT,0.14285714285714285
p11,hybrid,layout_aware,pdf,textbox,process_engineer,REVIEW,REJECT,0.375
p11,hybrid,naive,docx,single,mechanical_design,REVIEW,REJECT,0.07142857142857142
p11,hybrid,naive,docx,single,ml_intern,REVIEW,REJECT,0.14285714285714285
p11,hybrid,naive,docx,single,process_engineer,REVIEW,REJECT,0.375
p11,hybrid,layout_aware,docx,single,mechanical_design,REVIEW,REJECT,0.07142857142857142
p11,hybrid,layout_aware,docx,single,ml_intern,REVIEW,REJECT,0.14285714285714285
p11,hybrid,layout_aware,docx,single,process_engineer,REVIEW,REJECT,0.375
p11,hybrid,naive,docx,two_column,mechanical_design,REVIEW,REJECT,0.07142857142857142
p11,hybrid,naive,docx,two_column,ml_intern,REVIEW,REJECT,0.14285714285714285
p11,hybrid,naive,docx,two_column,process_engineer,REVIEW,REJECT,0.375
p11,hybrid,layout_aware,docx,two_column,mechanical_design,REVIEW,REJECT,0.07142857142857142
p11,hybrid,layout_aware,docx,two_column,ml_intern,REVIEW,REJECT,0.14285714285714285
p11,hybrid,layout_aware,docx,two_column,process_engineer,REVIEW,REJECT,0.375
p11,hybrid,naive,docx,table,mechanical_design,REVIEW,REJECT,0.07142857142857142
p11,hybrid,naive,docx,table,ml_intern,REVIEW,REJECT,0.14285714285714285
p11,hybrid,naive,docx,table,process_engineer,REVIEW,REJECT,0.375
p11,hybrid,layout_aware,docx,table,mechanical_design,REVIEW,REJECT,0.07142857142857142
p11,hybrid,layout_aware,docx,table,ml_intern,REVIEW,REJECT,0.14285714285714285
p11,hybrid,layout_aware,docx,table,process_engineer,REVIEW,REJECT,0.375
p11,hybrid,naive,docx,textbox,mechanical_design,REVIEW,REJECT,0.07142857142857142
p11,hybrid,naive,docx,textbox,ml_intern,REVIEW,REJECT,0.14285714285714285
p11,hybrid,naive,docx,textbox,process_engineer,REVIEW,REJECT,0.375
p11,hybrid,layout_aware,docx,textbox,mechanical_design,REVIEW,REJECT,0.07142857142857142
p11,hybrid,layout_aware,docx,textbox,ml_intern,REVIEW,REJECT,0.14285714285714285
p11,hybrid,layout_aware,docx,textbox,process_engineer,REVIEW,REJECT,0.375
p12,classic,naive,pdf,single,mechanical_design,PASS,PASS,0.8214285714285714
p12,classic,naive,pdf,single,ml_intern,REJECT,REJECT,0.0
p12,classic,naive,pdf,single,process_engineer,REJECT,REJECT,0.1
p12,classic,layout_aware,pdf,single,mechanical_design,PASS,PASS,0.8214285714285714
p12,classic,layout_aware,pdf,single,ml_intern,REJECT,REJECT,0.0
p12,classic,layout_aware,pdf,single,process_engineer,REJECT,REJECT,0.1
p12,classic,naive,pdf,two_column,mechanical_design,PASS,PASS,0.8214285714285714
p12,classic,naive,pdf,two_column,ml_intern,REJECT,REJECT,0.0
p12,classic,naive,pdf,two_column,process_engineer,REJECT,REJECT,0.1
p12,classic,layout_aware,pdf,two_column,mechanical_design,PASS,PASS,0.8214285714285714
p12,classic,layout_aware,pdf,two_column,ml_intern,REJECT,REJECT,0.0
p12,classic,layout_aware,pdf,two_column,process_engineer,REJECT,REJECT,0.1
p12,classic,naive,pdf,table,mechanical_design,REVIEW,REJECT,0.8214285714285714
p12,classic,naive,pdf,table,ml_intern,REVIEW,REJECT,0.0
p12,classic,naive,pdf,table,process_engineer,REVIEW,REJECT,0.1
p12,classic,layout_aware,pdf,table,mechanical_design,PASS,PASS,0.8214285714285714
p12,classic,layout_aware,pdf,table,ml_intern,REJECT,REJECT,0.0
p12,classic,layout_aware,pdf,table,process_engineer,REJECT,REJECT,0.1
p12,classic,naive,pdf,textbox,mechanical_design,PASS,PASS,0.8214285714285714
p12,classic,naive,pdf,textbox,ml_intern,REJECT,REJECT,0.0
p12,classic,naive,pdf,textbox,process_engineer,REJECT,REJECT,0.1
p12,classic,layout_aware,pdf,textbox,mechanical_design,PASS,PASS,0.8214285714285714
p12,classic,layout_aware,pdf,textbox,ml_intern,REJECT,REJECT,0.0
p12,classic,layout_aware,pdf,textbox,process_engineer,REJECT,REJECT,0.1
p12,classic,naive,docx,single,mechanical_design,PASS,PASS,0.8214285714285714
p12,classic,naive,docx,single,ml_intern,REJECT,REJECT,0.0
p12,classic,naive,docx,single,process_engineer,REJECT,REJECT,0.1
p12,classic,layout_aware,docx,single,mechanical_design,PASS,PASS,0.8214285714285714
p12,classic,layout_aware,docx,single,ml_intern,REJECT,REJECT,0.0
p12,classic,layout_aware,docx,single,process_engineer,REJECT,REJECT,0.1
p12,classic,naive,docx,two_column,mechanical_design,PASS,PASS,0.8214285714285714
p12,classic,naive,docx,two_column,ml_intern,REJECT,REJECT,0.0
p12,classic,naive,docx,two_column,process_engineer,REJECT,REJECT,0.1
p12,classic,layout_aware,docx,two_column,mechanical_design,PASS,PASS,0.8214285714285714
p12,classic,layout_aware,docx,two_column,ml_intern,REJECT,REJECT,0.0
p12,classic,layout_aware,docx,two_column,process_engineer,REJECT,REJECT,0.1
p12,classic,naive,docx,table,mechanical_design,PASS,PASS,0.8214285714285714
p12,classic,naive,docx,table,ml_intern,REJECT,REJECT,0.0
p12,classic,naive,docx,table,process_engineer,REJECT,REJECT,0.1
p12,classic,layout_aware,docx,table,mechanical_design,PASS,PASS,0.8214285714285714
p12,classic,layout_aware,docx,table,ml_intern,REJECT,REJECT,0.0
p12,classic,layout_aware,docx,table,process_engineer,REJECT,REJECT,0.1
p12,classic,naive,docx,textbox,mechanical_design,PASS,PASS,0.75
p12,classic,naive,docx,textbox,ml_intern,REJECT,REJECT,0.0
p12,classic,naive,docx,textbox,process_engineer,REJECT,REJECT,0.0
p12,classic,layout_aware,docx,textbox,mechanical_design,PASS,PASS,0.8214285714285714
p12,classic,layout_aware,docx,textbox,ml_intern,REJECT,REJECT,0.0
p12,classic,layout_aware,docx,textbox,process_engineer,REJECT,REJECT,0.1
p12,modern,naive,pdf,single,mechanical_design,REVIEW,REJECT,0.8214285714285714
p12,modern,naive,pdf,single,ml_intern,REJECT,REJECT,0.0
p12,modern,naive,pdf,single,process_engineer,REVIEW,REJECT,0.1
p12,modern,layout_aware,pdf,single,mechanical_design,REVIEW,REJECT,0.8214285714285714
p12,modern,layout_aware,pdf,single,ml_intern,REJECT,REJECT,0.0
p12,modern,layout_aware,pdf,single,process_engineer,REVIEW,REJECT,0.1
p12,modern,naive,pdf,two_column,mechanical_design,REJECT,REJECT,0.8214285714285714
p12,modern,naive,pdf,two_column,ml_intern,REJECT,REJECT,0.0
p12,modern,naive,pdf,two_column,process_engineer,REJECT,REJECT,0.1
p12,modern,layout_aware,pdf,two_column,mechanical_design,REVIEW,REJECT,0.8214285714285714
p12,modern,layout_aware,pdf,two_column,ml_intern,REJECT,REJECT,0.0
p12,modern,layout_aware,pdf,two_column,process_engineer,REVIEW,REJECT,0.1
p12,modern,naive,pdf,table,mechanical_design,REVIEW,REJECT,0.8214285714285714
p12,modern,naive,pdf,table,ml_intern,REVIEW,REJECT,0.0
p12,modern,naive,pdf,table,process_engineer,REVIEW,REJECT,0.1
p12,modern,layout_aware,pdf,table,mechanical_design,REVIEW,REJECT,0.8214285714285714
p12,modern,layout_aware,pdf,table,ml_intern,REJECT,REJECT,0.0
p12,modern,layout_aware,pdf,table,process_engineer,REVIEW,REJECT,0.1
p12,modern,naive,pdf,textbox,mechanical_design,REVIEW,REJECT,0.8214285714285714
p12,modern,naive,pdf,textbox,ml_intern,REVIEW,REJECT,0.0
p12,modern,naive,pdf,textbox,process_engineer,REVIEW,REJECT,0.1
p12,modern,layout_aware,pdf,textbox,mechanical_design,REVIEW,REJECT,0.8214285714285714
p12,modern,layout_aware,pdf,textbox,ml_intern,REJECT,REJECT,0.0
p12,modern,layout_aware,pdf,textbox,process_engineer,REVIEW,REJECT,0.1
p12,modern,naive,docx,single,mechanical_design,REVIEW,REJECT,0.8214285714285714
p12,modern,naive,docx,single,ml_intern,REJECT,REJECT,0.0
p12,modern,naive,docx,single,process_engineer,REVIEW,REJECT,0.1
p12,modern,layout_aware,docx,single,mechanical_design,REVIEW,REJECT,0.8214285714285714
p12,modern,layout_aware,docx,single,ml_intern,REJECT,REJECT,0.0
p12,modern,layout_aware,docx,single,process_engineer,REVIEW,REJECT,0.1
p12,modern,naive,docx,two_column,mechanical_design,REVIEW,REJECT,0.8214285714285714
p12,modern,naive,docx,two_column,ml_intern,REJECT,REJECT,0.0
p12,modern,naive,docx,two_column,process_engineer,REVIEW,REJECT,0.1
p12,modern,layout_aware,docx,two_column,mechanical_design,REVIEW,REJECT,0.8214285714285714
p12,modern,layout_aware,docx,two_column,ml_intern,REJECT,REJECT,0.0
p12,modern,layout_aware,docx,two_column,process_engineer,REVIEW,REJECT,0.1
p12,modern,naive,docx,table,mechanical_design,REVIEW,REJECT,0.8214285714285714
p12,modern,naive,docx,table,ml_intern,REJECT,REJECT,0.0
p12,modern,naive,docx,table,process_engineer,REVIEW,REJECT,0.1
p12,modern,layout_aware,docx,table,mechanical_design,REVIEW,REJECT,0.8214285714285714
p12,modern,layout_aware,docx,table,ml_intern,REJECT,REJECT,0.0
p12,modern,layout_aware,docx,table,process_engineer,REVIEW,REJECT,0.1
p12,modern,naive,docx,textbox,mechanical_design,REVIEW,REJECT,0.75
p12,modern,naive,docx,textbox,ml_intern,REJECT,REJECT,0.0
p12,modern,naive,docx,textbox,process_engineer,REVIEW,REJECT,0.0
p12,modern,layout_aware,docx,textbox,mechanical_design,REVIEW,REJECT,0.8214285714285714
p12,modern,layout_aware,docx,textbox,ml_intern,REJECT,REJECT,0.0
p12,modern,layout_aware,docx,textbox,process_engineer,REVIEW,REJECT,0.1
p12,latex,naive,pdf,single,mechanical_design,PASS,PASS,0.8214285714285714
p12,latex,naive,pdf,single,ml_intern,REJECT,REJECT,0.0
p12,latex,naive,pdf,single,process_engineer,REJECT,REJECT,0.1
p12,latex,layout_aware,pdf,single,mechanical_design,PASS,PASS,0.8214285714285714
p12,latex,layout_aware,pdf,single,ml_intern,REJECT,REJECT,0.0
p12,latex,layout_aware,pdf,single,process_engineer,REJECT,REJECT,0.1
p12,latex,naive,pdf,two_column,mechanical_design,REVIEW,REJECT,0.8214285714285714
p12,latex,naive,pdf,two_column,ml_intern,REJECT,REJECT,0.0
p12,latex,naive,pdf,two_column,process_engineer,REVIEW,REJECT,0.1
p12,latex,layout_aware,pdf,two_column,mechanical_design,REVIEW,REJECT,0.8214285714285714
p12,latex,layout_aware,pdf,two_column,ml_intern,REJECT,REJECT,0.0
p12,latex,layout_aware,pdf,two_column,process_engineer,REVIEW,REJECT,0.1
p12,latex,naive,pdf,table,mechanical_design,REVIEW,REJECT,0.8214285714285714
p12,latex,naive,pdf,table,ml_intern,REVIEW,REJECT,0.0
p12,latex,naive,pdf,table,process_engineer,REVIEW,REJECT,0.1
p12,latex,layout_aware,pdf,table,mechanical_design,PASS,PASS,0.8214285714285714
p12,latex,layout_aware,pdf,table,ml_intern,REJECT,REJECT,0.0
p12,latex,layout_aware,pdf,table,process_engineer,REJECT,REJECT,0.1
p12,latex,naive,pdf,textbox,mechanical_design,PASS,PASS,0.8214285714285714
p12,latex,naive,pdf,textbox,ml_intern,REJECT,REJECT,0.0
p12,latex,naive,pdf,textbox,process_engineer,REJECT,REJECT,0.1
p12,latex,layout_aware,pdf,textbox,mechanical_design,PASS,PASS,0.8214285714285714
p12,latex,layout_aware,pdf,textbox,ml_intern,REJECT,REJECT,0.0
p12,latex,layout_aware,pdf,textbox,process_engineer,REJECT,REJECT,0.1
p12,latex,naive,docx,single,mechanical_design,PASS,PASS,0.8214285714285714
p12,latex,naive,docx,single,ml_intern,REJECT,REJECT,0.0
p12,latex,naive,docx,single,process_engineer,REJECT,REJECT,0.1
p12,latex,layout_aware,docx,single,mechanical_design,PASS,PASS,0.8214285714285714
p12,latex,layout_aware,docx,single,ml_intern,REJECT,REJECT,0.0
p12,latex,layout_aware,docx,single,process_engineer,REJECT,REJECT,0.1
p12,latex,naive,docx,two_column,mechanical_design,PASS,PASS,0.8214285714285714
p12,latex,naive,docx,two_column,ml_intern,REJECT,REJECT,0.0
p12,latex,naive,docx,two_column,process_engineer,REJECT,REJECT,0.1
p12,latex,layout_aware,docx,two_column,mechanical_design,PASS,PASS,0.8214285714285714
p12,latex,layout_aware,docx,two_column,ml_intern,REJECT,REJECT,0.0
p12,latex,layout_aware,docx,two_column,process_engineer,REJECT,REJECT,0.1
p12,latex,naive,docx,table,mechanical_design,PASS,PASS,0.8214285714285714
p12,latex,naive,docx,table,ml_intern,REJECT,REJECT,0.0
p12,latex,naive,docx,table,process_engineer,REJECT,REJECT,0.1
p12,latex,layout_aware,docx,table,mechanical_design,PASS,PASS,0.8214285714285714
p12,latex,layout_aware,docx,table,ml_intern,REJECT,REJECT,0.0
p12,latex,layout_aware,docx,table,process_engineer,REJECT,REJECT,0.1
p12,latex,naive,docx,textbox,mechanical_design,PASS,PASS,0.75
p12,latex,naive,docx,textbox,ml_intern,REJECT,REJECT,0.0
p12,latex,naive,docx,textbox,process_engineer,REJECT,REJECT,0.0
p12,latex,layout_aware,docx,textbox,mechanical_design,PASS,PASS,0.8214285714285714
p12,latex,layout_aware,docx,textbox,ml_intern,REJECT,REJECT,0.0
p12,latex,layout_aware,docx,textbox,process_engineer,REJECT,REJECT,0.1
p12,career_center,naive,pdf,single,mechanical_design,PASS,PASS,0.8214285714285714
p12,career_center,naive,pdf,single,ml_intern,REJECT,REJECT,0.0
p12,career_center,naive,pdf,single,process_engineer,REJECT,REJECT,0.1
p12,career_center,layout_aware,pdf,single,mechanical_design,PASS,PASS,0.8214285714285714
p12,career_center,layout_aware,pdf,single,ml_intern,REJECT,REJECT,0.0
p12,career_center,layout_aware,pdf,single,process_engineer,REJECT,REJECT,0.1
p12,career_center,naive,pdf,two_column,mechanical_design,REVIEW,REJECT,0.8214285714285714
p12,career_center,naive,pdf,two_column,ml_intern,REJECT,REJECT,0.0
p12,career_center,naive,pdf,two_column,process_engineer,REVIEW,REJECT,0.1
p12,career_center,layout_aware,pdf,two_column,mechanical_design,REVIEW,REJECT,0.8214285714285714
p12,career_center,layout_aware,pdf,two_column,ml_intern,REJECT,REJECT,0.0
p12,career_center,layout_aware,pdf,two_column,process_engineer,REVIEW,REJECT,0.1
p12,career_center,naive,pdf,table,mechanical_design,REVIEW,REJECT,0.8214285714285714
p12,career_center,naive,pdf,table,ml_intern,REVIEW,REJECT,0.0
p12,career_center,naive,pdf,table,process_engineer,REVIEW,REJECT,0.1
p12,career_center,layout_aware,pdf,table,mechanical_design,PASS,PASS,0.8214285714285714
p12,career_center,layout_aware,pdf,table,ml_intern,REJECT,REJECT,0.0
p12,career_center,layout_aware,pdf,table,process_engineer,REJECT,REJECT,0.1
p12,career_center,naive,pdf,textbox,mechanical_design,PASS,PASS,0.8214285714285714
p12,career_center,naive,pdf,textbox,ml_intern,REJECT,REJECT,0.0
p12,career_center,naive,pdf,textbox,process_engineer,REJECT,REJECT,0.1
p12,career_center,layout_aware,pdf,textbox,mechanical_design,PASS,PASS,0.8214285714285714
p12,career_center,layout_aware,pdf,textbox,ml_intern,REJECT,REJECT,0.0
p12,career_center,layout_aware,pdf,textbox,process_engineer,REJECT,REJECT,0.1
p12,career_center,naive,docx,single,mechanical_design,PASS,PASS,0.8214285714285714
p12,career_center,naive,docx,single,ml_intern,REJECT,REJECT,0.0
p12,career_center,naive,docx,single,process_engineer,REJECT,REJECT,0.1
p12,career_center,layout_aware,docx,single,mechanical_design,PASS,PASS,0.8214285714285714
p12,career_center,layout_aware,docx,single,ml_intern,REJECT,REJECT,0.0
p12,career_center,layout_aware,docx,single,process_engineer,REJECT,REJECT,0.1
p12,career_center,naive,docx,two_column,mechanical_design,PASS,PASS,0.8214285714285714
p12,career_center,naive,docx,two_column,ml_intern,REJECT,REJECT,0.0
p12,career_center,naive,docx,two_column,process_engineer,REJECT,REJECT,0.1
p12,career_center,layout_aware,docx,two_column,mechanical_design,PASS,PASS,0.8214285714285714
p12,career_center,layout_aware,docx,two_column,ml_intern,REJECT,REJECT,0.0
p12,career_center,layout_aware,docx,two_column,process_engineer,REJECT,REJECT,0.1
p12,career_center,naive,docx,table,mechanical_design,PASS,PASS,0.8214285714285714
p12,career_center,naive,docx,table,ml_intern,REJECT,REJECT,0.0
p12,career_center,naive,docx,table,process_engineer,REJECT,REJECT,0.1
p12,career_center,layout_aware,docx,table,mechanical_design,PASS,PASS,0.8214285714285714
p12,career_center,layout_aware,docx,table,ml_intern,REJECT,REJECT,0.0
p12,career_center,layout_aware,docx,table,process_engineer,REJECT,REJECT,0.1
p12,career_center,naive,docx,textbox,mechanical_design,PASS,PASS,0.75
p12,career_center,naive,docx,textbox,ml_intern,REJECT,REJECT,0.0
p12,career_center,naive,docx,textbox,process_engineer,REJECT,REJECT,0.0
p12,career_center,layout_aware,docx,textbox,mechanical_design,PASS,PASS,0.8214285714285714
p12,career_center,layout_aware,docx,textbox,ml_intern,REJECT,REJECT,0.0
p12,career_center,layout_aware,docx,textbox,process_engineer,REJECT,REJECT,0.1
p12,hybrid,naive,pdf,single,mechanical_design,REVIEW,REJECT,0.8214285714285714
p12,hybrid,naive,pdf,single,ml_intern,REVIEW,REJECT,0.0
p12,hybrid,naive,pdf,single,process_engineer,REVIEW,REJECT,0.1
p12,hybrid,layout_aware,pdf,single,mechanical_design,REVIEW,REJECT,0.8214285714285714
p12,hybrid,layout_aware,pdf,single,ml_intern,REVIEW,REJECT,0.0
p12,hybrid,layout_aware,pdf,single,process_engineer,REVIEW,REJECT,0.1
p12,hybrid,naive,pdf,two_column,mechanical_design,REVIEW,REJECT,0.8214285714285714
p12,hybrid,naive,pdf,two_column,ml_intern,REVIEW,REJECT,0.0
p12,hybrid,naive,pdf,two_column,process_engineer,REVIEW,REJECT,0.1
p12,hybrid,layout_aware,pdf,two_column,mechanical_design,REVIEW,REJECT,0.8214285714285714
p12,hybrid,layout_aware,pdf,two_column,ml_intern,REVIEW,REJECT,0.0
p12,hybrid,layout_aware,pdf,two_column,process_engineer,REVIEW,REJECT,0.1
p12,hybrid,naive,pdf,table,mechanical_design,REVIEW,REJECT,0.8214285714285714
p12,hybrid,naive,pdf,table,ml_intern,REVIEW,REJECT,0.0
p12,hybrid,naive,pdf,table,process_engineer,REVIEW,REJECT,0.1
p12,hybrid,layout_aware,pdf,table,mechanical_design,REVIEW,REJECT,0.8214285714285714
p12,hybrid,layout_aware,pdf,table,ml_intern,REVIEW,REJECT,0.0
p12,hybrid,layout_aware,pdf,table,process_engineer,REVIEW,REJECT,0.1
p12,hybrid,naive,pdf,textbox,mechanical_design,REVIEW,REJECT,0.8214285714285714
p12,hybrid,naive,pdf,textbox,ml_intern,REVIEW,REJECT,0.0
p12,hybrid,naive,pdf,textbox,process_engineer,REVIEW,REJECT,0.1
p12,hybrid,layout_aware,pdf,textbox,mechanical_design,REVIEW,REJECT,0.8214285714285714
p12,hybrid,layout_aware,pdf,textbox,ml_intern,REVIEW,REJECT,0.0
p12,hybrid,layout_aware,pdf,textbox,process_engineer,REVIEW,REJECT,0.1
p12,hybrid,naive,docx,single,mechanical_design,REVIEW,REJECT,0.8214285714285714
p12,hybrid,naive,docx,single,ml_intern,REVIEW,REJECT,0.0
p12,hybrid,naive,docx,single,process_engineer,REVIEW,REJECT,0.1
p12,hybrid,layout_aware,docx,single,mechanical_design,REVIEW,REJECT,0.8214285714285714
p12,hybrid,layout_aware,docx,single,ml_intern,REVIEW,REJECT,0.0
p12,hybrid,layout_aware,docx,single,process_engineer,REVIEW,REJECT,0.1
p12,hybrid,naive,docx,two_column,mechanical_design,REVIEW,REJECT,0.8214285714285714
p12,hybrid,naive,docx,two_column,ml_intern,REVIEW,REJECT,0.0
p12,hybrid,naive,docx,two_column,process_engineer,REVIEW,REJECT,0.1
p12,hybrid,layout_aware,docx,two_column,mechanical_design,REVIEW,REJECT,0.8214285714285714
p12,hybrid,layout_aware,docx,two_column,ml_intern,REVIEW,REJECT,0.0
p12,hybrid,layout_aware,docx,two_column,process_engineer,REVIEW,REJECT,0.1
p12,hybrid,naive,docx,table,mechanical_design,REVIEW,REJECT,0.8214285714285714
p12,hybrid,naive,docx,table,ml_intern,REVIEW,REJECT,0.0
p12,hybrid,naive,docx,table,process_engineer,REVIEW,REJECT,0.1
p12,hybrid,layout_aware,docx,table,mechanical_design,REVIEW,REJECT,0.8214285714285714
p12,hybrid,layout_aware,docx,table,ml_intern,REVIEW,REJECT,0.0
p12,hybrid,layout_aware,docx,table,process_engineer,REVIEW,REJECT,0.1
p12,hybrid,naive,docx,textbox,mechanical_design,REVIEW,REJECT,0.75
p12,hybrid,naive,docx,textbox,ml_intern,REVIEW,REJECT,0.0
p12,hybrid,naive,docx,textbox,process_engineer,REVIEW,REJECT,0.0
p12,hybrid,layout_aware,docx,textbox,mechanical_design,REVIEW,REJECT,0.8214285714285714
p12,hybrid,layout_aware,docx,textbox,ml_intern,REVIEW,REJECT,0.0
p12,hybrid,layout_aware,docx,textbox,process_engineer,REVIEW,REJECT,0.1
p13,classic,naive,pdf,single,mechanical_design,PASS,PASS,0.2857142857142857
p13,classic,naive,pdf,single,ml_intern,REJECT,REJECT,0.14285714285714285
p13,classic,naive,pdf,single,process_engineer,REJECT,REJECT,0.1
p13,classic,layout_aware,pdf,single,mechanical_design,PASS,PASS,0.2857142857142857
p13,classic,layout_aware,pdf,single,ml_intern,REJECT,REJECT,0.14285714285714285
p13,classic,layout_aware,pdf,single,process_engineer,REJECT,REJECT,0.1
p13,classic,naive,pdf,two_column,mechanical_design,PASS,PASS,0.2857142857142857
p13,classic,naive,pdf,two_column,ml_intern,REJECT,REJECT,0.14285714285714285
p13,classic,naive,pdf,two_column,process_engineer,REJECT,REJECT,0.1
p13,classic,layout_aware,pdf,two_column,mechanical_design,PASS,PASS,0.2857142857142857
p13,classic,layout_aware,pdf,two_column,ml_intern,REJECT,REJECT,0.14285714285714285
p13,classic,layout_aware,pdf,two_column,process_engineer,REJECT,REJECT,0.1
p13,classic,naive,pdf,table,mechanical_design,REVIEW,REJECT,0.2857142857142857
p13,classic,naive,pdf,table,ml_intern,REVIEW,REJECT,0.14285714285714285
p13,classic,naive,pdf,table,process_engineer,REVIEW,REJECT,0.1
p13,classic,layout_aware,pdf,table,mechanical_design,PASS,PASS,0.2857142857142857
p13,classic,layout_aware,pdf,table,ml_intern,REJECT,REJECT,0.14285714285714285
p13,classic,layout_aware,pdf,table,process_engineer,REJECT,REJECT,0.1
p13,classic,naive,pdf,textbox,mechanical_design,PASS,PASS,0.2857142857142857
p13,classic,naive,pdf,textbox,ml_intern,REJECT,REJECT,0.14285714285714285
p13,classic,naive,pdf,textbox,process_engineer,REJECT,REJECT,0.1
p13,classic,layout_aware,pdf,textbox,mechanical_design,PASS,PASS,0.2857142857142857
p13,classic,layout_aware,pdf,textbox,ml_intern,REJECT,REJECT,0.14285714285714285
p13,classic,layout_aware,pdf,textbox,process_engineer,REJECT,REJECT,0.1
p13,classic,naive,docx,single,mechanical_design,PASS,PASS,0.2857142857142857
p13,classic,naive,docx,single,ml_intern,REJECT,REJECT,0.14285714285714285
p13,classic,naive,docx,single,process_engineer,REJECT,REJECT,0.1
p13,classic,layout_aware,docx,single,mechanical_design,PASS,PASS,0.2857142857142857
p13,classic,layout_aware,docx,single,ml_intern,REJECT,REJECT,0.14285714285714285
p13,classic,layout_aware,docx,single,process_engineer,REJECT,REJECT,0.1
p13,classic,naive,docx,two_column,mechanical_design,PASS,PASS,0.2857142857142857
p13,classic,naive,docx,two_column,ml_intern,REJECT,REJECT,0.14285714285714285
p13,classic,naive,docx,two_column,process_engineer,REJECT,REJECT,0.1
p13,classic,layout_aware,docx,two_column,mechanical_design,PASS,PASS,0.2857142857142857
p13,classic,layout_aware,docx,two_column,ml_intern,REJECT,REJECT,0.14285714285714285
p13,classic,layout_aware,docx,two_column,process_engineer,REJECT,REJECT,0.1
p13,classic,naive,docx,table,mechanical_design,PASS,PASS,0.2857142857142857
p13,classic,naive,docx,table,ml_intern,REJECT,REJECT,0.14285714285714285
p13,classic,naive,docx,table,process_engineer,REJECT,REJECT,0.1
p13,classic,layout_aware,docx,table,mechanical_design,PASS,PASS,0.2857142857142857
p13,classic,layout_aware,docx,table,ml_intern,REJECT,REJECT,0.14285714285714285
p13,classic,layout_aware,docx,table,process_engineer,REJECT,REJECT,0.1
p13,classic,naive,docx,textbox,mechanical_design,PASS,PASS,0.21428571428571427
p13,classic,naive,docx,textbox,ml_intern,REJECT,REJECT,0.14285714285714285
p13,classic,naive,docx,textbox,process_engineer,REJECT,REJECT,0.1
p13,classic,layout_aware,docx,textbox,mechanical_design,PASS,PASS,0.2857142857142857
p13,classic,layout_aware,docx,textbox,ml_intern,REJECT,REJECT,0.14285714285714285
p13,classic,layout_aware,docx,textbox,process_engineer,REJECT,REJECT,0.1
p13,modern,naive,pdf,single,mechanical_design,REVIEW,REJECT,0.2857142857142857
p13,modern,naive,pdf,single,ml_intern,REVIEW,REJECT,0.14285714285714285
p13,modern,naive,pdf,single,process_engineer,REVIEW,REJECT,0.1
p13,modern,layout_aware,pdf,single,mechanical_design,REVIEW,REJECT,0.2857142857142857
p13,modern,layout_aware,pdf,single,ml_intern,REVIEW,REJECT,0.14285714285714285
p13,modern,layout_aware,pdf,single,process_engineer,REVIEW,REJECT,0.1
p13,modern,naive,pdf,two_column,mechanical_design,REVIEW,REJECT,0.2857142857142857
p13,modern,naive,pdf,two_column,ml_intern,REVIEW,REJECT,0.14285714285714285
p13,modern,naive,pdf,two_column,process_engineer,REVIEW,REJECT,0.1
p13,modern,layout_aware,pdf,two_column,mechanical_design,REVIEW,REJECT,0.2857142857142857
p13,modern,layout_aware,pdf,two_column,ml_intern,REVIEW,REJECT,0.14285714285714285
p13,modern,layout_aware,pdf,two_column,process_engineer,REVIEW,REJECT,0.1
p13,modern,naive,pdf,table,mechanical_design,REVIEW,REJECT,0.2857142857142857
p13,modern,naive,pdf,table,ml_intern,REVIEW,REJECT,0.14285714285714285
p13,modern,naive,pdf,table,process_engineer,REVIEW,REJECT,0.1
p13,modern,layout_aware,pdf,table,mechanical_design,REVIEW,REJECT,0.2857142857142857
p13,modern,layout_aware,pdf,table,ml_intern,REVIEW,REJECT,0.14285714285714285
p13,modern,layout_aware,pdf,table,process_engineer,REVIEW,REJECT,0.1
p13,modern,naive,pdf,textbox,mechanical_design,REVIEW,REJECT,0.2857142857142857
p13,modern,naive,pdf,textbox,ml_intern,REVIEW,REJECT,0.14285714285714285
p13,modern,naive,pdf,textbox,process_engineer,REVIEW,REJECT,0.1
p13,modern,layout_aware,pdf,textbox,mechanical_design,REVIEW,REJECT,0.2857142857142857
p13,modern,layout_aware,pdf,textbox,ml_intern,REVIEW,REJECT,0.14285714285714285
p13,modern,layout_aware,pdf,textbox,process_engineer,REVIEW,REJECT,0.1
p13,modern,naive,docx,single,mechanical_design,REVIEW,REJECT,0.2857142857142857
p13,modern,naive,docx,single,ml_intern,REVIEW,REJECT,0.14285714285714285
p13,modern,naive,docx,single,process_engineer,REVIEW,REJECT,0.1
p13,modern,layout_aware,docx,single,mechanical_design,REVIEW,REJECT,0.2857142857142857
p13,modern,layout_aware,docx,single,ml_intern,REVIEW,REJECT,0.14285714285714285
p13,modern,layout_aware,docx,single,process_engineer,REVIEW,REJECT,0.1
p13,modern,naive,docx,two_column,mechanical_design,REVIEW,REJECT,0.2857142857142857
p13,modern,naive,docx,two_column,ml_intern,REVIEW,REJECT,0.14285714285714285
p13,modern,naive,docx,two_column,process_engineer,REVIEW,REJECT,0.1
p13,modern,layout_aware,docx,two_column,mechanical_design,REVIEW,REJECT,0.2857142857142857
p13,modern,layout_aware,docx,two_column,ml_intern,REVIEW,REJECT,0.14285714285714285
p13,modern,layout_aware,docx,two_column,process_engineer,REVIEW,REJECT,0.1
p13,modern,naive,docx,table,mechanical_design,REVIEW,REJECT,0.2857142857142857
p13,modern,naive,docx,table,ml_intern,REVIEW,REJECT,0.14285714285714285
p13,modern,naive,docx,table,process_engineer,REVIEW,REJECT,0.1
p13,modern,layout_aware,docx,table,mechanical_design,REVIEW,REJECT,0.2857142857142857
p13,modern,layout_aware,docx,table,ml_intern,REVIEW,REJECT,0.14285714285714285
p13,modern,layout_aware,docx,table,process_engineer,REVIEW,REJECT,0.1
p13,modern,naive,docx,textbox,mechanical_design,REVIEW,REJECT,0.21428571428571427
p13,modern,naive,docx,textbox,ml_intern,REVIEW,REJECT,0.14285714285714285
p13,modern,naive,docx,textbox,process_engineer,REVIEW,REJECT,0.1
p13,modern,layout_aware,docx,textbox,mechanical_design,REVIEW,REJECT,0.2857142857142857
p13,modern,layout_aware,docx,textbox,ml_intern,REVIEW,REJECT,0.14285714285714285
p13,modern,layout_aware,docx,textbox,process_engineer,REVIEW,REJECT,0.1
p13,latex,naive,pdf,single,mechanical_design,PASS,PASS,0.2857142857142857
p13,latex,naive,pdf,single,ml_intern,REJECT,REJECT,0.14285714285714285
p13,latex,naive,pdf,single,process_engineer,REJECT,REJECT,0.1
p13,latex,layout_aware,pdf,single,mechanical_design,PASS,PASS,0.2857142857142857
p13,latex,layout_aware,pdf,single,ml_intern,REJECT,REJECT,0.14285714285714285
p13,latex,layout_aware,pdf,single,process_engineer,REJECT,REJECT,0.1
p13,latex,naive,pdf,two_column,mechanical_design,REJECT,REJECT,0.2857142857142857
p13,latex,naive,pdf,two_column,ml_intern,REJECT,REJECT,0.14285714285714285
p13,latex,naive,pdf,two_column,process_engineer,REJECT,REJECT,0.1
p13,latex,layout_aware,pdf,two_column,mechanical_design,REVIEW,REJECT,0.2857142857142857
p13,latex,layout_aware,pdf,two_column,ml_intern,REVIEW,REJECT,0.14285714285714285
p13,latex,layout_aware,pdf,two_column,process_engineer,REVIEW,REJECT,0.1
p13,latex,naive,pdf,table,mechanical_design,REVIEW,REJECT,0.2857142857142857
p13,latex,naive,pdf,table,ml_intern,REVIEW,REJECT,0.14285714285714285
p13,latex,naive,pdf,table,process_engineer,REVIEW,REJECT,0.1
p13,latex,layout_aware,pdf,table,mechanical_design,PASS,PASS,0.2857142857142857
p13,latex,layout_aware,pdf,table,ml_intern,REJECT,REJECT,0.14285714285714285
p13,latex,layout_aware,pdf,table,process_engineer,REJECT,REJECT,0.1
p13,latex,naive,pdf,textbox,mechanical_design,PASS,PASS,0.2857142857142857
p13,latex,naive,pdf,textbox,ml_intern,REJECT,REJECT,0.14285714285714285
p13,latex,naive,pdf,textbox,process_engineer,REJECT,REJECT,0.1
p13,latex,layout_aware,pdf,textbox,mechanical_design,PASS,PASS,0.2857142857142857
p13,latex,layout_aware,pdf,textbox,ml_intern,REJECT,REJECT,0.14285714285714285
p13,latex,layout_aware,pdf,textbox,process_engineer,REJECT,REJECT,0.1
p13,latex,naive,docx,single,mechanical_design,PASS,PASS,0.2857142857142857
p13,latex,naive,docx,single,ml_intern,REJECT,REJECT,0.14285714285714285
p13,latex,naive,docx,single,process_engineer,REJECT,REJECT,0.1
p13,latex,layout_aware,docx,single,mechanical_design,PASS,PASS,0.2857142857142857
p13,latex,layout_aware,docx,single,ml_intern,REJECT,REJECT,0.14285714285714285
p13,latex,layout_aware,docx,single,process_engineer,REJECT,REJECT,0.1
p13,latex,naive,docx,two_column,mechanical_design,PASS,PASS,0.2857142857142857
p13,latex,naive,docx,two_column,ml_intern,REJECT,REJECT,0.14285714285714285
p13,latex,naive,docx,two_column,process_engineer,REJECT,REJECT,0.1
p13,latex,layout_aware,docx,two_column,mechanical_design,PASS,PASS,0.2857142857142857
p13,latex,layout_aware,docx,two_column,ml_intern,REJECT,REJECT,0.14285714285714285
p13,latex,layout_aware,docx,two_column,process_engineer,REJECT,REJECT,0.1
p13,latex,naive,docx,table,mechanical_design,PASS,PASS,0.2857142857142857
p13,latex,naive,docx,table,ml_intern,REJECT,REJECT,0.14285714285714285
p13,latex,naive,docx,table,process_engineer,REJECT,REJECT,0.1
p13,latex,layout_aware,docx,table,mechanical_design,PASS,PASS,0.2857142857142857
p13,latex,layout_aware,docx,table,ml_intern,REJECT,REJECT,0.14285714285714285
p13,latex,layout_aware,docx,table,process_engineer,REJECT,REJECT,0.1
p13,latex,naive,docx,textbox,mechanical_design,PASS,PASS,0.21428571428571427
p13,latex,naive,docx,textbox,ml_intern,REJECT,REJECT,0.14285714285714285
p13,latex,naive,docx,textbox,process_engineer,REJECT,REJECT,0.1
p13,latex,layout_aware,docx,textbox,mechanical_design,PASS,PASS,0.2857142857142857
p13,latex,layout_aware,docx,textbox,ml_intern,REJECT,REJECT,0.14285714285714285
p13,latex,layout_aware,docx,textbox,process_engineer,REJECT,REJECT,0.1
p13,career_center,naive,pdf,single,mechanical_design,PASS,PASS,0.2857142857142857
p13,career_center,naive,pdf,single,ml_intern,REJECT,REJECT,0.14285714285714285
p13,career_center,naive,pdf,single,process_engineer,REJECT,REJECT,0.1
p13,career_center,layout_aware,pdf,single,mechanical_design,PASS,PASS,0.2857142857142857
p13,career_center,layout_aware,pdf,single,ml_intern,REJECT,REJECT,0.14285714285714285
p13,career_center,layout_aware,pdf,single,process_engineer,REJECT,REJECT,0.1
p13,career_center,naive,pdf,two_column,mechanical_design,REJECT,REJECT,0.2857142857142857
p13,career_center,naive,pdf,two_column,ml_intern,REJECT,REJECT,0.14285714285714285
p13,career_center,naive,pdf,two_column,process_engineer,REJECT,REJECT,0.1
p13,career_center,layout_aware,pdf,two_column,mechanical_design,REVIEW,REJECT,0.2857142857142857
p13,career_center,layout_aware,pdf,two_column,ml_intern,REVIEW,REJECT,0.14285714285714285
p13,career_center,layout_aware,pdf,two_column,process_engineer,REVIEW,REJECT,0.1
p13,career_center,naive,pdf,table,mechanical_design,REVIEW,REJECT,0.2857142857142857
p13,career_center,naive,pdf,table,ml_intern,REVIEW,REJECT,0.14285714285714285
p13,career_center,naive,pdf,table,process_engineer,REVIEW,REJECT,0.1
p13,career_center,layout_aware,pdf,table,mechanical_design,PASS,PASS,0.2857142857142857
p13,career_center,layout_aware,pdf,table,ml_intern,REJECT,REJECT,0.14285714285714285
p13,career_center,layout_aware,pdf,table,process_engineer,REJECT,REJECT,0.1
p13,career_center,naive,pdf,textbox,mechanical_design,PASS,PASS,0.2857142857142857
p13,career_center,naive,pdf,textbox,ml_intern,REJECT,REJECT,0.14285714285714285
p13,career_center,naive,pdf,textbox,process_engineer,REJECT,REJECT,0.1
p13,career_center,layout_aware,pdf,textbox,mechanical_design,PASS,PASS,0.2857142857142857
p13,career_center,layout_aware,pdf,textbox,ml_intern,REJECT,REJECT,0.14285714285714285
p13,career_center,layout_aware,pdf,textbox,process_engineer,REJECT,REJECT,0.1
p13,career_center,naive,docx,single,mechanical_design,PASS,PASS,0.2857142857142857
p13,career_center,naive,docx,single,ml_intern,REJECT,REJECT,0.14285714285714285
p13,career_center,naive,docx,single,process_engineer,REJECT,REJECT,0.1
p13,career_center,layout_aware,docx,single,mechanical_design,PASS,PASS,0.2857142857142857
p13,career_center,layout_aware,docx,single,ml_intern,REJECT,REJECT,0.14285714285714285
p13,career_center,layout_aware,docx,single,process_engineer,REJECT,REJECT,0.1
p13,career_center,naive,docx,two_column,mechanical_design,PASS,PASS,0.2857142857142857
p13,career_center,naive,docx,two_column,ml_intern,REJECT,REJECT,0.14285714285714285
p13,career_center,naive,docx,two_column,process_engineer,REJECT,REJECT,0.1
p13,career_center,layout_aware,docx,two_column,mechanical_design,PASS,PASS,0.2857142857142857
p13,career_center,layout_aware,docx,two_column,ml_intern,REJECT,REJECT,0.14285714285714285
p13,career_center,layout_aware,docx,two_column,process_engineer,REJECT,REJECT,0.1
p13,career_center,naive,docx,table,mechanical_design,PASS,PASS,0.2857142857142857
p13,career_center,naive,docx,table,ml_intern,REJECT,REJECT,0.14285714285714285
p13,career_center,naive,docx,table,process_engineer,REJECT,REJECT,0.1
p13,career_center,layout_aware,docx,table,mechanical_design,PASS,PASS,0.2857142857142857
p13,career_center,layout_aware,docx,table,ml_intern,REJECT,REJECT,0.14285714285714285
p13,career_center,layout_aware,docx,table,process_engineer,REJECT,REJECT,0.1
p13,career_center,naive,docx,textbox,mechanical_design,PASS,PASS,0.21428571428571427
p13,career_center,naive,docx,textbox,ml_intern,REJECT,REJECT,0.14285714285714285
p13,career_center,naive,docx,textbox,process_engineer,REJECT,REJECT,0.1
p13,career_center,layout_aware,docx,textbox,mechanical_design,PASS,PASS,0.2857142857142857
p13,career_center,layout_aware,docx,textbox,ml_intern,REJECT,REJECT,0.14285714285714285
p13,career_center,layout_aware,docx,textbox,process_engineer,REJECT,REJECT,0.1
p13,hybrid,naive,pdf,single,mechanical_design,REVIEW,REJECT,0.2857142857142857
p13,hybrid,naive,pdf,single,ml_intern,REVIEW,REJECT,0.14285714285714285
p13,hybrid,naive,pdf,single,process_engineer,REVIEW,REJECT,0.1
p13,hybrid,layout_aware,pdf,single,mechanical_design,REVIEW,REJECT,0.2857142857142857
p13,hybrid,layout_aware,pdf,single,ml_intern,REVIEW,REJECT,0.14285714285714285
p13,hybrid,layout_aware,pdf,single,process_engineer,REVIEW,REJECT,0.1
p13,hybrid,naive,pdf,two_column,mechanical_design,REVIEW,REJECT,0.2857142857142857
p13,hybrid,naive,pdf,two_column,ml_intern,REVIEW,REJECT,0.14285714285714285
p13,hybrid,naive,pdf,two_column,process_engineer,REVIEW,REJECT,0.1
p13,hybrid,layout_aware,pdf,two_column,mechanical_design,REVIEW,REJECT,0.2857142857142857
p13,hybrid,layout_aware,pdf,two_column,ml_intern,REVIEW,REJECT,0.14285714285714285
p13,hybrid,layout_aware,pdf,two_column,process_engineer,REVIEW,REJECT,0.1
p13,hybrid,naive,pdf,table,mechanical_design,REVIEW,REJECT,0.2857142857142857
p13,hybrid,naive,pdf,table,ml_intern,REVIEW,REJECT,0.14285714285714285
p13,hybrid,naive,pdf,table,process_engineer,REVIEW,REJECT,0.1
p13,hybrid,layout_aware,pdf,table,mechanical_design,REVIEW,REJECT,0.2857142857142857
p13,hybrid,layout_aware,pdf,table,ml_intern,REVIEW,REJECT,0.14285714285714285
p13,hybrid,layout_aware,pdf,table,process_engineer,REVIEW,REJECT,0.1
p13,hybrid,naive,pdf,textbox,mechanical_design,REVIEW,REJECT,0.2857142857142857
p13,hybrid,naive,pdf,textbox,ml_intern,REVIEW,REJECT,0.14285714285714285
p13,hybrid,naive,pdf,textbox,process_engineer,REVIEW,REJECT,0.1
p13,hybrid,layout_aware,pdf,textbox,mechanical_design,REVIEW,REJECT,0.2857142857142857
p13,hybrid,layout_aware,pdf,textbox,ml_intern,REVIEW,REJECT,0.14285714285714285
p13,hybrid,layout_aware,pdf,textbox,process_engineer,REVIEW,REJECT,0.1
p13,hybrid,naive,docx,single,mechanical_design,REVIEW,REJECT,0.2857142857142857
p13,hybrid,naive,docx,single,ml_intern,REVIEW,REJECT,0.14285714285714285
p13,hybrid,naive,docx,single,process_engineer,REVIEW,REJECT,0.1
p13,hybrid,layout_aware,docx,single,mechanical_design,REVIEW,REJECT,0.2857142857142857
p13,hybrid,layout_aware,docx,single,ml_intern,REVIEW,REJECT,0.14285714285714285
p13,hybrid,layout_aware,docx,single,process_engineer,REVIEW,REJECT,0.1
p13,hybrid,naive,docx,two_column,mechanical_design,REVIEW,REJECT,0.2857142857142857
p13,hybrid,naive,docx,two_column,ml_intern,REVIEW,REJECT,0.14285714285714285
p13,hybrid,naive,docx,two_column,process_engineer,REVIEW,REJECT,0.1
p13,hybrid,layout_aware,docx,two_column,mechanical_design,REVIEW,REJECT,0.2857142857142857
p13,hybrid,layout_aware,docx,two_column,ml_intern,REVIEW,REJECT,0.14285714285714285
p13,hybrid,layout_aware,docx,two_column,process_engineer,REVIEW,REJECT,0.1
p13,hybrid,naive,docx,table,mechanical_design,REVIEW,REJECT,0.2857142857142857
p13,hybrid,naive,docx,table,ml_intern,REVIEW,REJECT,0.14285714285714285
p13,hybrid,naive,docx,table,process_engineer,REVIEW,REJECT,0.1
p13,hybrid,layout_aware,docx,table,mechanical_design,REVIEW,REJECT,0.2857142857142857
p13,hybrid,layout_aware,docx,table,ml_intern,REVIEW,REJECT,0.14285714285714285
p13,hybrid,layout_aware,docx,table,process_engineer,REVIEW,REJECT,0.1
p13,hybrid,naive,docx,textbox,mechanical_design,REVIEW,REJECT,0.21428571428571427
p13,hybrid,naive,docx,textbox,ml_intern,REVIEW,REJECT,0.14285714285714285
p13,hybrid,naive,docx,textbox,process_engineer,REVIEW,REJECT,0.1
p13,hybrid,layout_aware,docx,textbox,mechanical_design,REVIEW,REJECT,0.2857142857142857
p13,hybrid,layout_aware,docx,textbox,ml_intern,REVIEW,REJECT,0.14285714285714285
p13,hybrid,layout_aware,docx,textbox,process_engineer,REVIEW,REJECT,0.1
p14,classic,naive,pdf,single,mechanical_design,REJECT,REJECT,0.35714285714285715
p14,classic,naive,pdf,single,ml_intern,REJECT,REJECT,0.0
p14,classic,naive,pdf,single,process_engineer,REJECT,REJECT,0.0
p14,classic,layout_aware,pdf,single,mechanical_design,REJECT,REJECT,0.35714285714285715
p14,classic,layout_aware,pdf,single,ml_intern,REJECT,REJECT,0.0
p14,classic,layout_aware,pdf,single,process_engineer,REJECT,REJECT,0.0
p14,classic,naive,pdf,two_column,mechanical_design,REVIEW,REJECT,0.35714285714285715
p14,classic,naive,pdf,two_column,ml_intern,REVIEW,REJECT,0.0
p14,classic,naive,pdf,two_column,process_engineer,REVIEW,REJECT,0.0
p14,classic,layout_aware,pdf,two_column,mechanical_design,REJECT,REJECT,0.35714285714285715
p14,classic,layout_aware,pdf,two_column,ml_intern,REJECT,REJECT,0.0
p14,classic,layout_aware,pdf,two_column,process_engineer,REJECT,REJECT,0.0
p14,classic,naive,pdf,table,mechanical_design,REVIEW,REJECT,0.35714285714285715
p14,classic,naive,pdf,table,ml_intern,REVIEW,REJECT,0.0
p14,classic,naive,pdf,table,process_engineer,REVIEW,REJECT,0.0
p14,classic,layout_aware,pdf,table,mechanical_design,REJECT,REJECT,0.35714285714285715
p14,classic,layout_aware,pdf,table,ml_intern,REJECT,REJECT,0.0
p14,classic,layout_aware,pdf,table,process_engineer,REJECT,REJECT,0.0
p14,classic,naive,pdf,textbox,mechanical_design,REJECT,REJECT,0.35714285714285715
p14,classic,naive,pdf,textbox,ml_intern,REJECT,REJECT,0.0
p14,classic,naive,pdf,textbox,process_engineer,REJECT,REJECT,0.0
p14,classic,layout_aware,pdf,textbox,mechanical_design,REJECT,REJECT,0.35714285714285715
p14,classic,layout_aware,pdf,textbox,ml_intern,REJECT,REJECT,0.0
p14,classic,layout_aware,pdf,textbox,process_engineer,REJECT,REJECT,0.0
p14,classic,naive,docx,single,mechanical_design,REJECT,REJECT,0.35714285714285715
p14,classic,naive,docx,single,ml_intern,REJECT,REJECT,0.0
p14,classic,naive,docx,single,process_engineer,REJECT,REJECT,0.0
p14,classic,layout_aware,docx,single,mechanical_design,REJECT,REJECT,0.35714285714285715
p14,classic,layout_aware,docx,single,ml_intern,REJECT,REJECT,0.0
p14,classic,layout_aware,docx,single,process_engineer,REJECT,REJECT,0.0
p14,classic,naive,docx,two_column,mechanical_design,REJECT,REJECT,0.35714285714285715
p14,classic,naive,docx,two_column,ml_intern,REJECT,REJECT,0.0
p14,classic,naive,docx,two_column,process_engineer,REJECT,REJECT,0.0
p14,classic,layout_aware,docx,two_column,mechanical_design,REJECT,REJECT,0.35714285714285715
p14,classic,layout_aware,docx,two_column,ml_intern,REJECT,REJECT,0.0
p14,classic,layout_aware,docx,two_column,process_engineer,REJECT,REJECT,0.0
p14,classic,naive,docx,table,mechanical_design,REJECT,REJECT,0.35714285714285715
p14,classic,naive,docx,table,ml_intern,REJECT,REJECT,0.0
p14,classic,naive,docx,table,process_engineer,REJECT,REJECT,0.0
p14,classic,layout_aware,docx,table,mechanical_design,REJECT,REJECT,0.35714285714285715
p14,classic,layout_aware,docx,table,ml_intern,REJECT,REJECT,0.0
p14,classic,layout_aware,docx,table,process_engineer,REJECT,REJECT,0.0
p14,classic,naive,docx,textbox,mechanical_design,REJECT,REJECT,0.2857142857142857
p14,classic,naive,docx,textbox,ml_intern,REJECT,REJECT,0.0
p14,classic,naive,docx,textbox,process_engineer,REJECT,REJECT,0.0
p14,classic,layout_aware,docx,textbox,mechanical_design,REJECT,REJECT,0.35714285714285715
p14,classic,layout_aware,docx,textbox,ml_intern,REJECT,REJECT,0.0
p14,classic,layout_aware,docx,textbox,process_engineer,REJECT,REJECT,0.0
p14,modern,naive,pdf,single,mechanical_design,REVIEW,REJECT,0.35714285714285715
p14,modern,naive,pdf,single,ml_intern,REJECT,REJECT,0.0
p14,modern,naive,pdf,single,process_engineer,REVIEW,REJECT,0.0
p14,modern,layout_aware,pdf,single,mechanical_design,REVIEW,REJECT,0.35714285714285715
p14,modern,layout_aware,pdf,single,ml_intern,REJECT,REJECT,0.0
p14,modern,layout_aware,pdf,single,process_engineer,REVIEW,REJECT,0.0
p14,modern,naive,pdf,two_column,mechanical_design,REVIEW,REJECT,0.35714285714285715
p14,modern,naive,pdf,two_column,ml_intern,REJECT,REJECT,0.0
p14,modern,naive,pdf,two_column,process_engineer,REVIEW,REJECT,0.0
p14,modern,layout_aware,pdf,two_column,mechanical_design,REVIEW,REJECT,0.35714285714285715
p14,modern,layout_aware,pdf,two_column,ml_intern,REJECT,REJECT,0.0
p14,modern,layout_aware,pdf,two_column,process_engineer,REVIEW,REJECT,0.0
p14,modern,naive,pdf,table,mechanical_design,REVIEW,REJECT,0.35714285714285715
p14,modern,naive,pdf,table,ml_intern,REVIEW,REJECT,0.0
p14,modern,naive,pdf,table,process_engineer,REVIEW,REJECT,0.0
p14,modern,layout_aware,pdf,table,mechanical_design,REVIEW,REJECT,0.35714285714285715
p14,modern,layout_aware,pdf,table,ml_intern,REJECT,REJECT,0.0
p14,modern,layout_aware,pdf,table,process_engineer,REVIEW,REJECT,0.0
p14,modern,naive,pdf,textbox,mechanical_design,REVIEW,REJECT,0.35714285714285715
p14,modern,naive,pdf,textbox,ml_intern,REVIEW,REJECT,0.0
p14,modern,naive,pdf,textbox,process_engineer,REVIEW,REJECT,0.0
p14,modern,layout_aware,pdf,textbox,mechanical_design,REVIEW,REJECT,0.35714285714285715
p14,modern,layout_aware,pdf,textbox,ml_intern,REJECT,REJECT,0.0
p14,modern,layout_aware,pdf,textbox,process_engineer,REVIEW,REJECT,0.0
p14,modern,naive,docx,single,mechanical_design,REVIEW,REJECT,0.35714285714285715
p14,modern,naive,docx,single,ml_intern,REJECT,REJECT,0.0
p14,modern,naive,docx,single,process_engineer,REVIEW,REJECT,0.0
p14,modern,layout_aware,docx,single,mechanical_design,REVIEW,REJECT,0.35714285714285715
p14,modern,layout_aware,docx,single,ml_intern,REJECT,REJECT,0.0
p14,modern,layout_aware,docx,single,process_engineer,REVIEW,REJECT,0.0
p14,modern,naive,docx,two_column,mechanical_design,REVIEW,REJECT,0.35714285714285715
p14,modern,naive,docx,two_column,ml_intern,REJECT,REJECT,0.0
p14,modern,naive,docx,two_column,process_engineer,REVIEW,REJECT,0.0
p14,modern,layout_aware,docx,two_column,mechanical_design,REVIEW,REJECT,0.35714285714285715
p14,modern,layout_aware,docx,two_column,ml_intern,REJECT,REJECT,0.0
p14,modern,layout_aware,docx,two_column,process_engineer,REVIEW,REJECT,0.0
p14,modern,naive,docx,table,mechanical_design,REVIEW,REJECT,0.35714285714285715
p14,modern,naive,docx,table,ml_intern,REJECT,REJECT,0.0
p14,modern,naive,docx,table,process_engineer,REVIEW,REJECT,0.0
p14,modern,layout_aware,docx,table,mechanical_design,REVIEW,REJECT,0.35714285714285715
p14,modern,layout_aware,docx,table,ml_intern,REJECT,REJECT,0.0
p14,modern,layout_aware,docx,table,process_engineer,REVIEW,REJECT,0.0
p14,modern,naive,docx,textbox,mechanical_design,REVIEW,REJECT,0.2857142857142857
p14,modern,naive,docx,textbox,ml_intern,REJECT,REJECT,0.0
p14,modern,naive,docx,textbox,process_engineer,REVIEW,REJECT,0.0
p14,modern,layout_aware,docx,textbox,mechanical_design,REVIEW,REJECT,0.35714285714285715
p14,modern,layout_aware,docx,textbox,ml_intern,REJECT,REJECT,0.0
p14,modern,layout_aware,docx,textbox,process_engineer,REVIEW,REJECT,0.0
p14,latex,naive,pdf,single,mechanical_design,REJECT,REJECT,0.35714285714285715
p14,latex,naive,pdf,single,ml_intern,REJECT,REJECT,0.0
p14,latex,naive,pdf,single,process_engineer,REJECT,REJECT,0.0
p14,latex,layout_aware,pdf,single,mechanical_design,REJECT,REJECT,0.35714285714285715
p14,latex,layout_aware,pdf,single,ml_intern,REJECT,REJECT,0.0
p14,latex,layout_aware,pdf,single,process_engineer,REJECT,REJECT,0.0
p14,latex,naive,pdf,two_column,mechanical_design,REJECT,REJECT,0.35714285714285715
p14,latex,naive,pdf,two_column,ml_intern,REJECT,REJECT,0.0
p14,latex,naive,pdf,two_column,process_engineer,REJECT,REJECT,0.0
p14,latex,layout_aware,pdf,two_column,mechanical_design,REJECT,REJECT,0.35714285714285715
p14,latex,layout_aware,pdf,two_column,ml_intern,REJECT,REJECT,0.0
p14,latex,layout_aware,pdf,two_column,process_engineer,REJECT,REJECT,0.0
p14,latex,naive,pdf,table,mechanical_design,REVIEW,REJECT,0.35714285714285715
p14,latex,naive,pdf,table,ml_intern,REVIEW,REJECT,0.0
p14,latex,naive,pdf,table,process_engineer,REVIEW,REJECT,0.0
p14,latex,layout_aware,pdf,table,mechanical_design,REJECT,REJECT,0.35714285714285715
p14,latex,layout_aware,pdf,table,ml_intern,REJECT,REJECT,0.0
p14,latex,layout_aware,pdf,table,process_engineer,REJECT,REJECT,0.0
p14,latex,naive,pdf,textbox,mechanical_design,REJECT,REJECT,0.35714285714285715
p14,latex,naive,pdf,textbox,ml_intern,REJECT,REJECT,0.0
p14,latex,naive,pdf,textbox,process_engineer,REJECT,REJECT,0.0
p14,latex,layout_aware,pdf,textbox,mechanical_design,REJECT,REJECT,0.35714285714285715
p14,latex,layout_aware,pdf,textbox,ml_intern,REJECT,REJECT,0.0
p14,latex,layout_aware,pdf,textbox,process_engineer,REJECT,REJECT,0.0
p14,latex,naive,docx,single,mechanical_design,REJECT,REJECT,0.35714285714285715
p14,latex,naive,docx,single,ml_intern,REJECT,REJECT,0.0
p14,latex,naive,docx,single,process_engineer,REJECT,REJECT,0.0
p14,latex,layout_aware,docx,single,mechanical_design,REJECT,REJECT,0.35714285714285715
p14,latex,layout_aware,docx,single,ml_intern,REJECT,REJECT,0.0
p14,latex,layout_aware,docx,single,process_engineer,REJECT,REJECT,0.0
p14,latex,naive,docx,two_column,mechanical_design,REJECT,REJECT,0.35714285714285715
p14,latex,naive,docx,two_column,ml_intern,REJECT,REJECT,0.0
p14,latex,naive,docx,two_column,process_engineer,REJECT,REJECT,0.0
p14,latex,layout_aware,docx,two_column,mechanical_design,REJECT,REJECT,0.35714285714285715
p14,latex,layout_aware,docx,two_column,ml_intern,REJECT,REJECT,0.0
p14,latex,layout_aware,docx,two_column,process_engineer,REJECT,REJECT,0.0
p14,latex,naive,docx,table,mechanical_design,REJECT,REJECT,0.35714285714285715
p14,latex,naive,docx,table,ml_intern,REJECT,REJECT,0.0
p14,latex,naive,docx,table,process_engineer,REJECT,REJECT,0.0
p14,latex,layout_aware,docx,table,mechanical_design,REJECT,REJECT,0.35714285714285715
p14,latex,layout_aware,docx,table,ml_intern,REJECT,REJECT,0.0
p14,latex,layout_aware,docx,table,process_engineer,REJECT,REJECT,0.0
p14,latex,naive,docx,textbox,mechanical_design,REJECT,REJECT,0.2857142857142857
p14,latex,naive,docx,textbox,ml_intern,REJECT,REJECT,0.0
p14,latex,naive,docx,textbox,process_engineer,REJECT,REJECT,0.0
p14,latex,layout_aware,docx,textbox,mechanical_design,REJECT,REJECT,0.35714285714285715
p14,latex,layout_aware,docx,textbox,ml_intern,REJECT,REJECT,0.0
p14,latex,layout_aware,docx,textbox,process_engineer,REJECT,REJECT,0.0
p14,career_center,naive,pdf,single,mechanical_design,REJECT,REJECT,0.35714285714285715
p14,career_center,naive,pdf,single,ml_intern,REJECT,REJECT,0.0
p14,career_center,naive,pdf,single,process_engineer,REJECT,REJECT,0.0
p14,career_center,layout_aware,pdf,single,mechanical_design,REJECT,REJECT,0.35714285714285715
p14,career_center,layout_aware,pdf,single,ml_intern,REJECT,REJECT,0.0
p14,career_center,layout_aware,pdf,single,process_engineer,REJECT,REJECT,0.0
p14,career_center,naive,pdf,two_column,mechanical_design,REVIEW,REJECT,0.35714285714285715
p14,career_center,naive,pdf,two_column,ml_intern,REJECT,REJECT,0.0
p14,career_center,naive,pdf,two_column,process_engineer,REVIEW,REJECT,0.0
p14,career_center,layout_aware,pdf,two_column,mechanical_design,REVIEW,REJECT,0.35714285714285715
p14,career_center,layout_aware,pdf,two_column,ml_intern,REJECT,REJECT,0.0
p14,career_center,layout_aware,pdf,two_column,process_engineer,REVIEW,REJECT,0.0
p14,career_center,naive,pdf,table,mechanical_design,REVIEW,REJECT,0.35714285714285715
p14,career_center,naive,pdf,table,ml_intern,REVIEW,REJECT,0.0
p14,career_center,naive,pdf,table,process_engineer,REVIEW,REJECT,0.0
p14,career_center,layout_aware,pdf,table,mechanical_design,REJECT,REJECT,0.35714285714285715
p14,career_center,layout_aware,pdf,table,ml_intern,REJECT,REJECT,0.0
p14,career_center,layout_aware,pdf,table,process_engineer,REJECT,REJECT,0.0
p14,career_center,naive,pdf,textbox,mechanical_design,REJECT,REJECT,0.35714285714285715
p14,career_center,naive,pdf,textbox,ml_intern,REJECT,REJECT,0.0
p14,career_center,naive,pdf,textbox,process_engineer,REJECT,REJECT,0.0
p14,career_center,layout_aware,pdf,textbox,mechanical_design,REJECT,REJECT,0.35714285714285715
p14,career_center,layout_aware,pdf,textbox,ml_intern,REJECT,REJECT,0.0
p14,career_center,layout_aware,pdf,textbox,process_engineer,REJECT,REJECT,0.0
p14,career_center,naive,docx,single,mechanical_design,REJECT,REJECT,0.35714285714285715
p14,career_center,naive,docx,single,ml_intern,REJECT,REJECT,0.0
p14,career_center,naive,docx,single,process_engineer,REJECT,REJECT,0.0
p14,career_center,layout_aware,docx,single,mechanical_design,REJECT,REJECT,0.35714285714285715
p14,career_center,layout_aware,docx,single,ml_intern,REJECT,REJECT,0.0
p14,career_center,layout_aware,docx,single,process_engineer,REJECT,REJECT,0.0
p14,career_center,naive,docx,two_column,mechanical_design,REJECT,REJECT,0.35714285714285715
p14,career_center,naive,docx,two_column,ml_intern,REJECT,REJECT,0.0
p14,career_center,naive,docx,two_column,process_engineer,REJECT,REJECT,0.0
p14,career_center,layout_aware,docx,two_column,mechanical_design,REJECT,REJECT,0.35714285714285715
p14,career_center,layout_aware,docx,two_column,ml_intern,REJECT,REJECT,0.0
p14,career_center,layout_aware,docx,two_column,process_engineer,REJECT,REJECT,0.0
p14,career_center,naive,docx,table,mechanical_design,REJECT,REJECT,0.35714285714285715
p14,career_center,naive,docx,table,ml_intern,REJECT,REJECT,0.0
p14,career_center,naive,docx,table,process_engineer,REJECT,REJECT,0.0
p14,career_center,layout_aware,docx,table,mechanical_design,REJECT,REJECT,0.35714285714285715
p14,career_center,layout_aware,docx,table,ml_intern,REJECT,REJECT,0.0
p14,career_center,layout_aware,docx,table,process_engineer,REJECT,REJECT,0.0
p14,career_center,naive,docx,textbox,mechanical_design,REJECT,REJECT,0.2857142857142857
p14,career_center,naive,docx,textbox,ml_intern,REJECT,REJECT,0.0
p14,career_center,naive,docx,textbox,process_engineer,REJECT,REJECT,0.0
p14,career_center,layout_aware,docx,textbox,mechanical_design,REJECT,REJECT,0.35714285714285715
p14,career_center,layout_aware,docx,textbox,ml_intern,REJECT,REJECT,0.0
p14,career_center,layout_aware,docx,textbox,process_engineer,REJECT,REJECT,0.0
p14,hybrid,naive,pdf,single,mechanical_design,REVIEW,REJECT,0.35714285714285715
p14,hybrid,naive,pdf,single,ml_intern,REVIEW,REJECT,0.0
p14,hybrid,naive,pdf,single,process_engineer,REVIEW,REJECT,0.0
p14,hybrid,layout_aware,pdf,single,mechanical_design,REVIEW,REJECT,0.35714285714285715
p14,hybrid,layout_aware,pdf,single,ml_intern,REVIEW,REJECT,0.0
p14,hybrid,layout_aware,pdf,single,process_engineer,REVIEW,REJECT,0.0
p14,hybrid,naive,pdf,two_column,mechanical_design,REVIEW,REJECT,0.35714285714285715
p14,hybrid,naive,pdf,two_column,ml_intern,REVIEW,REJECT,0.0
p14,hybrid,naive,pdf,two_column,process_engineer,REVIEW,REJECT,0.0
p14,hybrid,layout_aware,pdf,two_column,mechanical_design,REVIEW,REJECT,0.35714285714285715
p14,hybrid,layout_aware,pdf,two_column,ml_intern,REVIEW,REJECT,0.0
p14,hybrid,layout_aware,pdf,two_column,process_engineer,REVIEW,REJECT,0.0
p14,hybrid,naive,pdf,table,mechanical_design,REVIEW,REJECT,0.35714285714285715
p14,hybrid,naive,pdf,table,ml_intern,REVIEW,REJECT,0.0
p14,hybrid,naive,pdf,table,process_engineer,REVIEW,REJECT,0.0
p14,hybrid,layout_aware,pdf,table,mechanical_design,REVIEW,REJECT,0.35714285714285715
p14,hybrid,layout_aware,pdf,table,ml_intern,REVIEW,REJECT,0.0
p14,hybrid,layout_aware,pdf,table,process_engineer,REVIEW,REJECT,0.0
p14,hybrid,naive,pdf,textbox,mechanical_design,REVIEW,REJECT,0.35714285714285715
p14,hybrid,naive,pdf,textbox,ml_intern,REVIEW,REJECT,0.0
p14,hybrid,naive,pdf,textbox,process_engineer,REVIEW,REJECT,0.0
p14,hybrid,layout_aware,pdf,textbox,mechanical_design,REVIEW,REJECT,0.35714285714285715
p14,hybrid,layout_aware,pdf,textbox,ml_intern,REVIEW,REJECT,0.0
p14,hybrid,layout_aware,pdf,textbox,process_engineer,REVIEW,REJECT,0.0
p14,hybrid,naive,docx,single,mechanical_design,REVIEW,REJECT,0.35714285714285715
p14,hybrid,naive,docx,single,ml_intern,REVIEW,REJECT,0.0
p14,hybrid,naive,docx,single,process_engineer,REVIEW,REJECT,0.0
p14,hybrid,layout_aware,docx,single,mechanical_design,REVIEW,REJECT,0.35714285714285715
p14,hybrid,layout_aware,docx,single,ml_intern,REVIEW,REJECT,0.0
p14,hybrid,layout_aware,docx,single,process_engineer,REVIEW,REJECT,0.0
p14,hybrid,naive,docx,two_column,mechanical_design,REVIEW,REJECT,0.35714285714285715
p14,hybrid,naive,docx,two_column,ml_intern,REVIEW,REJECT,0.0
p14,hybrid,naive,docx,two_column,process_engineer,REVIEW,REJECT,0.0
p14,hybrid,layout_aware,docx,two_column,mechanical_design,REVIEW,REJECT,0.35714285714285715
p14,hybrid,layout_aware,docx,two_column,ml_intern,REVIEW,REJECT,0.0
p14,hybrid,layout_aware,docx,two_column,process_engineer,REVIEW,REJECT,0.0
p14,hybrid,naive,docx,table,mechanical_design,REVIEW,REJECT,0.35714285714285715
p14,hybrid,naive,docx,table,ml_intern,REVIEW,REJECT,0.0
p14,hybrid,naive,docx,table,process_engineer,REVIEW,REJECT,0.0
p14,hybrid,layout_aware,docx,table,mechanical_design,REVIEW,REJECT,0.35714285714285715
p14,hybrid,layout_aware,docx,table,ml_intern,REVIEW,REJECT,0.0
p14,hybrid,layout_aware,docx,table,process_engineer,REVIEW,REJECT,0.0
p14,hybrid,naive,docx,textbox,mechanical_design,REVIEW,REJECT,0.2857142857142857
p14,hybrid,naive,docx,textbox,ml_intern,REVIEW,REJECT,0.0
p14,hybrid,naive,docx,textbox,process_engineer,REVIEW,REJECT,0.0
p14,hybrid,layout_aware,docx,textbox,mechanical_design,REVIEW,REJECT,0.35714285714285715
p14,hybrid,layout_aware,docx,textbox,ml_intern,REVIEW,REJECT,0.0
p14,hybrid,layout_aware,docx,textbox,process_engineer,REVIEW,REJECT,0.0
p15,classic,naive,pdf,single,mechanical_design,PASS,PASS,0.14285714285714285
p15,classic,naive,pdf,single,ml_intern,REJECT,REJECT,0.14285714285714285
p15,classic,naive,pdf,single,process_engineer,REJECT,REJECT,0.1
p15,classic,layout_aware,pdf,single,mechanical_design,PASS,PASS,0.14285714285714285
p15,classic,layout_aware,pdf,single,ml_intern,REJECT,REJECT,0.14285714285714285
p15,classic,layout_aware,pdf,single,process_engineer,REJECT,REJECT,0.1
p15,classic,naive,pdf,two_column,mechanical_design,PASS,PASS,0.14285714285714285
p15,classic,naive,pdf,two_column,ml_intern,REJECT,REJECT,0.14285714285714285
p15,classic,naive,pdf,two_column,process_engineer,REJECT,REJECT,0.1
p15,classic,layout_aware,pdf,two_column,mechanical_design,PASS,PASS,0.14285714285714285
p15,classic,layout_aware,pdf,two_column,ml_intern,REJECT,REJECT,0.14285714285714285
p15,classic,layout_aware,pdf,two_column,process_engineer,REJECT,REJECT,0.1
p15,classic,naive,pdf,table,mechanical_design,REVIEW,REJECT,0.14285714285714285
p15,classic,naive,pdf,table,ml_intern,REVIEW,REJECT,0.14285714285714285
p15,classic,naive,pdf,table,process_engineer,REVIEW,REJECT,0.1
p15,classic,layout_aware,pdf,table,mechanical_design,PASS,PASS,0.14285714285714285
p15,classic,layout_aware,pdf,table,ml_intern,REJECT,REJECT,0.14285714285714285
p15,classic,layout_aware,pdf,table,process_engineer,REJECT,REJECT,0.1
p15,classic,naive,pdf,textbox,mechanical_design,PASS,PASS,0.14285714285714285
p15,classic,naive,pdf,textbox,ml_intern,REJECT,REJECT,0.14285714285714285
p15,classic,naive,pdf,textbox,process_engineer,REJECT,REJECT,0.1
p15,classic,layout_aware,pdf,textbox,mechanical_design,PASS,PASS,0.14285714285714285
p15,classic,layout_aware,pdf,textbox,ml_intern,REJECT,REJECT,0.14285714285714285
p15,classic,layout_aware,pdf,textbox,process_engineer,REJECT,REJECT,0.1
p15,classic,naive,docx,single,mechanical_design,PASS,PASS,0.14285714285714285
p15,classic,naive,docx,single,ml_intern,REJECT,REJECT,0.14285714285714285
p15,classic,naive,docx,single,process_engineer,REJECT,REJECT,0.1
p15,classic,layout_aware,docx,single,mechanical_design,PASS,PASS,0.14285714285714285
p15,classic,layout_aware,docx,single,ml_intern,REJECT,REJECT,0.14285714285714285
p15,classic,layout_aware,docx,single,process_engineer,REJECT,REJECT,0.1
p15,classic,naive,docx,two_column,mechanical_design,PASS,PASS,0.14285714285714285
p15,classic,naive,docx,two_column,ml_intern,REJECT,REJECT,0.14285714285714285
p15,classic,naive,docx,two_column,process_engineer,REJECT,REJECT,0.1
p15,classic,layout_aware,docx,two_column,mechanical_design,PASS,PASS,0.14285714285714285
p15,classic,layout_aware,docx,two_column,ml_intern,REJECT,REJECT,0.14285714285714285
p15,classic,layout_aware,docx,two_column,process_engineer,REJECT,REJECT,0.1
p15,classic,naive,docx,table,mechanical_design,PASS,PASS,0.14285714285714285
p15,classic,naive,docx,table,ml_intern,REJECT,REJECT,0.14285714285714285
p15,classic,naive,docx,table,process_engineer,REJECT,REJECT,0.1
p15,classic,layout_aware,docx,table,mechanical_design,PASS,PASS,0.14285714285714285
p15,classic,layout_aware,docx,table,ml_intern,REJECT,REJECT,0.14285714285714285
p15,classic,layout_aware,docx,table,process_engineer,REJECT,REJECT,0.1
p15,classic,naive,docx,textbox,mechanical_design,PASS,PASS,0.14285714285714285
p15,classic,naive,docx,textbox,ml_intern,REJECT,REJECT,0.0
p15,classic,naive,docx,textbox,process_engineer,REJECT,REJECT,0.1
p15,classic,layout_aware,docx,textbox,mechanical_design,PASS,PASS,0.14285714285714285
p15,classic,layout_aware,docx,textbox,ml_intern,REJECT,REJECT,0.14285714285714285
p15,classic,layout_aware,docx,textbox,process_engineer,REJECT,REJECT,0.1
p15,modern,naive,pdf,single,mechanical_design,REVIEW,REJECT,0.14285714285714285
p15,modern,naive,pdf,single,ml_intern,REJECT,REJECT,0.14285714285714285
p15,modern,naive,pdf,single,process_engineer,REVIEW,REJECT,0.1
p15,modern,layout_aware,pdf,single,mechanical_design,REVIEW,REJECT,0.14285714285714285
p15,modern,layout_aware,pdf,single,ml_intern,REJECT,REJECT,0.14285714285714285
p15,modern,layout_aware,pdf,single,process_engineer,REVIEW,REJECT,0.1
p15,modern,naive,pdf,two_column,mechanical_design,REVIEW,REJECT,0.14285714285714285
p15,modern,naive,pdf,two_column,ml_intern,REJECT,REJECT,0.14285714285714285
p15,modern,naive,pdf,two_column,process_engineer,REVIEW,REJECT,0.1
p15,modern,layout_aware,pdf,two_column,mechanical_design,REVIEW,REJECT,0.14285714285714285
p15,modern,layout_aware,pdf,two_column,ml_intern,REJECT,REJECT,0.14285714285714285
p15,modern,layout_aware,pdf,two_column,process_engineer,REVIEW,REJECT,0.1
p15,modern,naive,pdf,table,mechanical_design,REVIEW,REJECT,0.14285714285714285
p15,modern,naive,pdf,table,ml_intern,REVIEW,REJECT,0.14285714285714285
p15,modern,naive,pdf,table,process_engineer,REVIEW,REJECT,0.1
p15,modern,layout_aware,pdf,table,mechanical_design,REVIEW,REJECT,0.14285714285714285
p15,modern,layout_aware,pdf,table,ml_intern,REJECT,REJECT,0.14285714285714285
p15,modern,layout_aware,pdf,table,process_engineer,REVIEW,REJECT,0.1
p15,modern,naive,pdf,textbox,mechanical_design,REVIEW,REJECT,0.14285714285714285
p15,modern,naive,pdf,textbox,ml_intern,REVIEW,REJECT,0.14285714285714285
p15,modern,naive,pdf,textbox,process_engineer,REVIEW,REJECT,0.1
p15,modern,layout_aware,pdf,textbox,mechanical_design,REVIEW,REJECT,0.14285714285714285
p15,modern,layout_aware,pdf,textbox,ml_intern,REJECT,REJECT,0.14285714285714285
p15,modern,layout_aware,pdf,textbox,process_engineer,REVIEW,REJECT,0.1
p15,modern,naive,docx,single,mechanical_design,REVIEW,REJECT,0.14285714285714285
p15,modern,naive,docx,single,ml_intern,REJECT,REJECT,0.14285714285714285
p15,modern,naive,docx,single,process_engineer,REVIEW,REJECT,0.1
p15,modern,layout_aware,docx,single,mechanical_design,REVIEW,REJECT,0.14285714285714285
p15,modern,layout_aware,docx,single,ml_intern,REJECT,REJECT,0.14285714285714285
p15,modern,layout_aware,docx,single,process_engineer,REVIEW,REJECT,0.1
p15,modern,naive,docx,two_column,mechanical_design,REVIEW,REJECT,0.14285714285714285
p15,modern,naive,docx,two_column,ml_intern,REJECT,REJECT,0.14285714285714285
p15,modern,naive,docx,two_column,process_engineer,REVIEW,REJECT,0.1
p15,modern,layout_aware,docx,two_column,mechanical_design,REVIEW,REJECT,0.14285714285714285
p15,modern,layout_aware,docx,two_column,ml_intern,REJECT,REJECT,0.14285714285714285
p15,modern,layout_aware,docx,two_column,process_engineer,REVIEW,REJECT,0.1
p15,modern,naive,docx,table,mechanical_design,REVIEW,REJECT,0.14285714285714285
p15,modern,naive,docx,table,ml_intern,REJECT,REJECT,0.14285714285714285
p15,modern,naive,docx,table,process_engineer,REVIEW,REJECT,0.1
p15,modern,layout_aware,docx,table,mechanical_design,REVIEW,REJECT,0.14285714285714285
p15,modern,layout_aware,docx,table,ml_intern,REJECT,REJECT,0.14285714285714285
p15,modern,layout_aware,docx,table,process_engineer,REVIEW,REJECT,0.1
p15,modern,naive,docx,textbox,mechanical_design,REVIEW,REJECT,0.14285714285714285
p15,modern,naive,docx,textbox,ml_intern,REJECT,REJECT,0.0
p15,modern,naive,docx,textbox,process_engineer,REVIEW,REJECT,0.1
p15,modern,layout_aware,docx,textbox,mechanical_design,REVIEW,REJECT,0.14285714285714285
p15,modern,layout_aware,docx,textbox,ml_intern,REJECT,REJECT,0.14285714285714285
p15,modern,layout_aware,docx,textbox,process_engineer,REVIEW,REJECT,0.1
p15,latex,naive,pdf,single,mechanical_design,PASS,PASS,0.14285714285714285
p15,latex,naive,pdf,single,ml_intern,REJECT,REJECT,0.14285714285714285
p15,latex,naive,pdf,single,process_engineer,REJECT,REJECT,0.1
p15,latex,layout_aware,pdf,single,mechanical_design,PASS,PASS,0.14285714285714285
p15,latex,layout_aware,pdf,single,ml_intern,REJECT,REJECT,0.14285714285714285
p15,latex,layout_aware,pdf,single,process_engineer,REJECT,REJECT,0.1
p15,latex,naive,pdf,two_column,mechanical_design,REJECT,REJECT,0.14285714285714285
p15,latex,naive,pdf,two_column,ml_intern,REJECT,REJECT,0.14285714285714285
p15,latex,naive,pdf,two_column,process_engineer,REJECT,REJECT,0.1
p15,latex,layout_aware,pdf,two_column,mechanical_design,REVIEW,REJECT,0.14285714285714285
p15,latex,layout_aware,pdf,two_column,ml_intern,REJECT,REJECT,0.14285714285714285
p15,latex,layout_aware,pdf,two_column,process_engineer,REVIEW,REJECT,0.1
p15,latex,naive,pdf,table,mechanical_design,REVIEW,REJECT,0.14285714285714285
p15,latex,naive,pdf,table,ml_intern,REVIEW,REJECT,0.14285714285714285
p15,latex,naive,pdf,table,process_engineer,REVIEW,REJECT,0.1
p15,latex,layout_aware,pdf,table,mechanical_design,PASS,PASS,0.14285714285714285
p15,latex,layout_aware,pdf,table,ml_intern,REJECT,REJECT,0.14285714285714285
p15,latex,layout_aware,pdf,table,process_engineer,REJECT,REJECT,0.1
p15,latex,naive,pdf,textbox,mechanical_design,PASS,PASS,0.14285714285714285
p15,latex,naive,pdf,textbox,ml_intern,REJECT,REJECT,0.14285714285714285
p15,latex,naive,pdf,textbox,process_engineer,REJECT,REJECT,0.1
p15,latex,layout_aware,pdf,textbox,mechanical_design,PASS,PASS,0.14285714285714285
p15,latex,layout_aware,pdf,textbox,ml_intern,REJECT,REJECT,0.14285714285714285
p15,latex,layout_aware,pdf,textbox,process_engineer,REJECT,REJECT,0.1
p15,latex,naive,docx,single,mechanical_design,PASS,PASS,0.14285714285714285
p15,latex,naive,docx,single,ml_intern,REJECT,REJECT,0.14285714285714285
p15,latex,naive,docx,single,process_engineer,REJECT,REJECT,0.1
p15,latex,layout_aware,docx,single,mechanical_design,PASS,PASS,0.14285714285714285
p15,latex,layout_aware,docx,single,ml_intern,REJECT,REJECT,0.14285714285714285
p15,latex,layout_aware,docx,single,process_engineer,REJECT,REJECT,0.1
p15,latex,naive,docx,two_column,mechanical_design,PASS,PASS,0.14285714285714285
p15,latex,naive,docx,two_column,ml_intern,REJECT,REJECT,0.14285714285714285
p15,latex,naive,docx,two_column,process_engineer,REJECT,REJECT,0.1
p15,latex,layout_aware,docx,two_column,mechanical_design,PASS,PASS,0.14285714285714285
p15,latex,layout_aware,docx,two_column,ml_intern,REJECT,REJECT,0.14285714285714285
p15,latex,layout_aware,docx,two_column,process_engineer,REJECT,REJECT,0.1
p15,latex,naive,docx,table,mechanical_design,PASS,PASS,0.14285714285714285
p15,latex,naive,docx,table,ml_intern,REJECT,REJECT,0.14285714285714285
p15,latex,naive,docx,table,process_engineer,REJECT,REJECT,0.1
p15,latex,layout_aware,docx,table,mechanical_design,PASS,PASS,0.14285714285714285
p15,latex,layout_aware,docx,table,ml_intern,REJECT,REJECT,0.14285714285714285
p15,latex,layout_aware,docx,table,process_engineer,REJECT,REJECT,0.1
p15,latex,naive,docx,textbox,mechanical_design,PASS,PASS,0.14285714285714285
p15,latex,naive,docx,textbox,ml_intern,REJECT,REJECT,0.0
p15,latex,naive,docx,textbox,process_engineer,REJECT,REJECT,0.1
p15,latex,layout_aware,docx,textbox,mechanical_design,PASS,PASS,0.14285714285714285
p15,latex,layout_aware,docx,textbox,ml_intern,REJECT,REJECT,0.14285714285714285
p15,latex,layout_aware,docx,textbox,process_engineer,REJECT,REJECT,0.1
p15,career_center,naive,pdf,single,mechanical_design,PASS,PASS,0.14285714285714285
p15,career_center,naive,pdf,single,ml_intern,REJECT,REJECT,0.14285714285714285
p15,career_center,naive,pdf,single,process_engineer,REJECT,REJECT,0.1
p15,career_center,layout_aware,pdf,single,mechanical_design,PASS,PASS,0.14285714285714285
p15,career_center,layout_aware,pdf,single,ml_intern,REJECT,REJECT,0.14285714285714285
p15,career_center,layout_aware,pdf,single,process_engineer,REJECT,REJECT,0.1
p15,career_center,naive,pdf,two_column,mechanical_design,REJECT,REJECT,0.14285714285714285
p15,career_center,naive,pdf,two_column,ml_intern,REJECT,REJECT,0.14285714285714285
p15,career_center,naive,pdf,two_column,process_engineer,REJECT,REJECT,0.1
p15,career_center,layout_aware,pdf,two_column,mechanical_design,REVIEW,REJECT,0.14285714285714285
p15,career_center,layout_aware,pdf,two_column,ml_intern,REJECT,REJECT,0.14285714285714285
p15,career_center,layout_aware,pdf,two_column,process_engineer,REVIEW,REJECT,0.1
p15,career_center,naive,pdf,table,mechanical_design,REVIEW,REJECT,0.14285714285714285
p15,career_center,naive,pdf,table,ml_intern,REVIEW,REJECT,0.14285714285714285
p15,career_center,naive,pdf,table,process_engineer,REVIEW,REJECT,0.1
p15,career_center,layout_aware,pdf,table,mechanical_design,PASS,PASS,0.14285714285714285
p15,career_center,layout_aware,pdf,table,ml_intern,REJECT,REJECT,0.14285714285714285
p15,career_center,layout_aware,pdf,table,process_engineer,REJECT,REJECT,0.1
p15,career_center,naive,pdf,textbox,mechanical_design,PASS,PASS,0.14285714285714285
p15,career_center,naive,pdf,textbox,ml_intern,REJECT,REJECT,0.14285714285714285
p15,career_center,naive,pdf,textbox,process_engineer,REJECT,REJECT,0.1
p15,career_center,layout_aware,pdf,textbox,mechanical_design,PASS,PASS,0.14285714285714285
p15,career_center,layout_aware,pdf,textbox,ml_intern,REJECT,REJECT,0.14285714285714285
p15,career_center,layout_aware,pdf,textbox,process_engineer,REJECT,REJECT,0.1
p15,career_center,naive,docx,single,mechanical_design,PASS,PASS,0.14285714285714285
p15,career_center,naive,docx,single,ml_intern,REJECT,REJECT,0.14285714285714285
p15,career_center,naive,docx,single,process_engineer,REJECT,REJECT,0.1
p15,career_center,layout_aware,docx,single,mechanical_design,PASS,PASS,0.14285714285714285
p15,career_center,layout_aware,docx,single,ml_intern,REJECT,REJECT,0.14285714285714285
p15,career_center,layout_aware,docx,single,process_engineer,REJECT,REJECT,0.1
p15,career_center,naive,docx,two_column,mechanical_design,PASS,PASS,0.14285714285714285
p15,career_center,naive,docx,two_column,ml_intern,REJECT,REJECT,0.14285714285714285
p15,career_center,naive,docx,two_column,process_engineer,REJECT,REJECT,0.1
p15,career_center,layout_aware,docx,two_column,mechanical_design,PASS,PASS,0.14285714285714285
p15,career_center,layout_aware,docx,two_column,ml_intern,REJECT,REJECT,0.14285714285714285
p15,career_center,layout_aware,docx,two_column,process_engineer,REJECT,REJECT,0.1
p15,career_center,naive,docx,table,mechanical_design,PASS,PASS,0.14285714285714285
p15,career_center,naive,docx,table,ml_intern,REJECT,REJECT,0.14285714285714285
p15,career_center,naive,docx,table,process_engineer,REJECT,REJECT,0.1
p15,career_center,layout_aware,docx,table,mechanical_design,PASS,PASS,0.14285714285714285
p15,career_center,layout_aware,docx,table,ml_intern,REJECT,REJECT,0.14285714285714285
p15,career_center,layout_aware,docx,table,process_engineer,REJECT,REJECT,0.1
p15,career_center,naive,docx,textbox,mechanical_design,PASS,PASS,0.14285714285714285
p15,career_center,naive,docx,textbox,ml_intern,REJECT,REJECT,0.0
p15,career_center,naive,docx,textbox,process_engineer,REJECT,REJECT,0.1
p15,career_center,layout_aware,docx,textbox,mechanical_design,PASS,PASS,0.14285714285714285
p15,career_center,layout_aware,docx,textbox,ml_intern,REJECT,REJECT,0.14285714285714285
p15,career_center,layout_aware,docx,textbox,process_engineer,REJECT,REJECT,0.1
p15,hybrid,naive,pdf,single,mechanical_design,REVIEW,REJECT,0.14285714285714285
p15,hybrid,naive,pdf,single,ml_intern,REVIEW,REJECT,0.14285714285714285
p15,hybrid,naive,pdf,single,process_engineer,REVIEW,REJECT,0.1
p15,hybrid,layout_aware,pdf,single,mechanical_design,REVIEW,REJECT,0.14285714285714285
p15,hybrid,layout_aware,pdf,single,ml_intern,REVIEW,REJECT,0.14285714285714285
p15,hybrid,layout_aware,pdf,single,process_engineer,REVIEW,REJECT,0.1
p15,hybrid,naive,pdf,two_column,mechanical_design,REVIEW,REJECT,0.14285714285714285
p15,hybrid,naive,pdf,two_column,ml_intern,REVIEW,REJECT,0.14285714285714285
p15,hybrid,naive,pdf,two_column,process_engineer,REVIEW,REJECT,0.1
p15,hybrid,layout_aware,pdf,two_column,mechanical_design,REVIEW,REJECT,0.14285714285714285
p15,hybrid,layout_aware,pdf,two_column,ml_intern,REVIEW,REJECT,0.14285714285714285
p15,hybrid,layout_aware,pdf,two_column,process_engineer,REVIEW,REJECT,0.1
p15,hybrid,naive,pdf,table,mechanical_design,REVIEW,REJECT,0.14285714285714285
p15,hybrid,naive,pdf,table,ml_intern,REVIEW,REJECT,0.14285714285714285
p15,hybrid,naive,pdf,table,process_engineer,REVIEW,REJECT,0.1
p15,hybrid,layout_aware,pdf,table,mechanical_design,REVIEW,REJECT,0.14285714285714285
p15,hybrid,layout_aware,pdf,table,ml_intern,REVIEW,REJECT,0.14285714285714285
p15,hybrid,layout_aware,pdf,table,process_engineer,REVIEW,REJECT,0.1
p15,hybrid,naive,pdf,textbox,mechanical_design,REVIEW,REJECT,0.14285714285714285
p15,hybrid,naive,pdf,textbox,ml_intern,REVIEW,REJECT,0.14285714285714285
p15,hybrid,naive,pdf,textbox,process_engineer,REVIEW,REJECT,0.1
p15,hybrid,layout_aware,pdf,textbox,mechanical_design,REVIEW,REJECT,0.14285714285714285
p15,hybrid,layout_aware,pdf,textbox,ml_intern,REVIEW,REJECT,0.14285714285714285
p15,hybrid,layout_aware,pdf,textbox,process_engineer,REVIEW,REJECT,0.1
p15,hybrid,naive,docx,single,mechanical_design,REVIEW,REJECT,0.14285714285714285
p15,hybrid,naive,docx,single,ml_intern,REVIEW,REJECT,0.14285714285714285
p15,hybrid,naive,docx,single,process_engineer,REVIEW,REJECT,0.1
p15,hybrid,layout_aware,docx,single,mechanical_design,REVIEW,REJECT,0.14285714285714285
p15,hybrid,layout_aware,docx,single,ml_intern,REVIEW,REJECT,0.14285714285714285
p15,hybrid,layout_aware,docx,single,process_engineer,REVIEW,REJECT,0.1
p15,hybrid,naive,docx,two_column,mechanical_design,REVIEW,REJECT,0.14285714285714285
p15,hybrid,naive,docx,two_column,ml_intern,REVIEW,REJECT,0.14285714285714285
p15,hybrid,naive,docx,two_column,process_engineer,REVIEW,REJECT,0.1
p15,hybrid,layout_aware,docx,two_column,mechanical_design,REVIEW,REJECT,0.14285714285714285
p15,hybrid,layout_aware,docx,two_column,ml_intern,REVIEW,REJECT,0.14285714285714285
p15,hybrid,layout_aware,docx,two_column,process_engineer,REVIEW,REJECT,0.1
p15,hybrid,naive,docx,table,mechanical_design,REVIEW,REJECT,0.14285714285714285
p15,hybrid,naive,docx,table,ml_intern,REVIEW,REJECT,0.14285714285714285
p15,hybrid,naive,docx,table,process_engineer,REVIEW,REJECT,0.1
p15,hybrid,layout_aware,docx,table,mechanical_design,REVIEW,REJECT,0.14285714285714285
p15,hybrid,layout_aware,docx,table,ml_intern,REVIEW,REJECT,0.14285714285714285
p15,hybrid,layout_aware,docx,table,process_engineer,REVIEW,REJECT,0.1
p15,hybrid,naive,docx,textbox,mechanical_design,REVIEW,REJECT,0.14285714285714285
p15,hybrid,naive,docx,textbox,ml_intern,REVIEW,REJECT,0.0
p15,hybrid,naive,docx,textbox,process_engineer,REVIEW,REJECT,0.1
p15,hybrid,layout_aware,docx,textbox,mechanical_design,REVIEW,REJECT,0.14285714285714285
p15,hybrid,layout_aware,docx,textbox,ml_intern,REVIEW,REJECT,0.14285714285714285
p15,hybrid,layout_aware,docx,textbox,process_engineer,REVIEW,REJECT,0.1
p16,classic,naive,pdf,single,mechanical_design,REJECT,REJECT,0.07142857142857142
p16,classic,naive,pdf,single,ml_intern,REJECT,REJECT,0.35714285714285715
p16,classic,naive,pdf,single,process_engineer,REJECT,REJECT,0.15
p16,classic,layout_aware,pdf,single,mechanical_design,REJECT,REJECT,0.07142857142857142
p16,classic,layout_aware,pdf,single,ml_intern,REJECT,REJECT,0.35714285714285715
p16,classic,layout_aware,pdf,single,process_engineer,REJECT,REJECT,0.15
p16,classic,naive,pdf,two_column,mechanical_design,REJECT,REJECT,0.07142857142857142
p16,classic,naive,pdf,two_column,ml_intern,REJECT,REJECT,0.35714285714285715
p16,classic,naive,pdf,two_column,process_engineer,REJECT,REJECT,0.15
p16,classic,layout_aware,pdf,two_column,mechanical_design,REJECT,REJECT,0.07142857142857142
p16,classic,layout_aware,pdf,two_column,ml_intern,REJECT,REJECT,0.35714285714285715
p16,classic,layout_aware,pdf,two_column,process_engineer,REJECT,REJECT,0.15
p16,classic,naive,pdf,table,mechanical_design,REVIEW,REJECT,0.07142857142857142
p16,classic,naive,pdf,table,ml_intern,REVIEW,REJECT,0.35714285714285715
p16,classic,naive,pdf,table,process_engineer,REVIEW,REJECT,0.15
p16,classic,layout_aware,pdf,table,mechanical_design,REJECT,REJECT,0.07142857142857142
p16,classic,layout_aware,pdf,table,ml_intern,REJECT,REJECT,0.35714285714285715
p16,classic,layout_aware,pdf,table,process_engineer,REJECT,REJECT,0.15
p16,classic,naive,pdf,textbox,mechanical_design,REJECT,REJECT,0.07142857142857142
p16,classic,naive,pdf,textbox,ml_intern,REJECT,REJECT,0.35714285714285715
p16,classic,naive,pdf,textbox,process_engineer,REJECT,REJECT,0.15
p16,classic,layout_aware,pdf,textbox,mechanical_design,REJECT,REJECT,0.07142857142857142
p16,classic,layout_aware,pdf,textbox,ml_intern,REJECT,REJECT,0.35714285714285715
p16,classic,layout_aware,pdf,textbox,process_engineer,REJECT,REJECT,0.15
p16,classic,naive,docx,single,mechanical_design,REJECT,REJECT,0.07142857142857142
p16,classic,naive,docx,single,ml_intern,REJECT,REJECT,0.35714285714285715
p16,classic,naive,docx,single,process_engineer,REJECT,REJECT,0.15
p16,classic,layout_aware,docx,single,mechanical_design,REJECT,REJECT,0.07142857142857142
p16,classic,layout_aware,docx,single,ml_intern,REJECT,REJECT,0.35714285714285715
p16,classic,layout_aware,docx,single,process_engineer,REJECT,REJECT,0.15
p16,classic,naive,docx,two_column,mechanical_design,REJECT,REJECT,0.07142857142857142
p16,classic,naive,docx,two_column,ml_intern,REJECT,REJECT,0.35714285714285715
p16,classic,naive,docx,two_column,process_engineer,REJECT,REJECT,0.15
p16,classic,layout_aware,docx,two_column,mechanical_design,REJECT,REJECT,0.07142857142857142
p16,classic,layout_aware,docx,two_column,ml_intern,REJECT,REJECT,0.35714285714285715
p16,classic,layout_aware,docx,two_column,process_engineer,REJECT,REJECT,0.15
p16,classic,naive,docx,table,mechanical_design,REJECT,REJECT,0.07142857142857142
p16,classic,naive,docx,table,ml_intern,REJECT,REJECT,0.35714285714285715
p16,classic,naive,docx,table,process_engineer,REJECT,REJECT,0.15
p16,classic,layout_aware,docx,table,mechanical_design,REJECT,REJECT,0.07142857142857142
p16,classic,layout_aware,docx,table,ml_intern,REJECT,REJECT,0.35714285714285715
p16,classic,layout_aware,docx,table,process_engineer,REJECT,REJECT,0.15
p16,classic,naive,docx,textbox,mechanical_design,REJECT,REJECT,0.07142857142857142
p16,classic,naive,docx,textbox,ml_intern,REJECT,REJECT,0.35714285714285715
p16,classic,naive,docx,textbox,process_engineer,REJECT,REJECT,0.15
p16,classic,layout_aware,docx,textbox,mechanical_design,REJECT,REJECT,0.07142857142857142
p16,classic,layout_aware,docx,textbox,ml_intern,REJECT,REJECT,0.35714285714285715
p16,classic,layout_aware,docx,textbox,process_engineer,REJECT,REJECT,0.15
p16,modern,naive,pdf,single,mechanical_design,REVIEW,REJECT,0.07142857142857142
p16,modern,naive,pdf,single,ml_intern,REJECT,REJECT,0.35714285714285715
p16,modern,naive,pdf,single,process_engineer,REVIEW,REJECT,0.15
p16,modern,layout_aware,pdf,single,mechanical_design,REVIEW,REJECT,0.07142857142857142
p16,modern,layout_aware,pdf,single,ml_intern,REJECT,REJECT,0.35714285714285715
p16,modern,layout_aware,pdf,single,process_engineer,REVIEW,REJECT,0.15
p16,modern,naive,pdf,two_column,mechanical_design,REVIEW,REJECT,0.07142857142857142
p16,modern,naive,pdf,two_column,ml_intern,REJECT,REJECT,0.35714285714285715
p16,modern,naive,pdf,two_column,process_engineer,REVIEW,REJECT,0.15
p16,modern,layout_aware,pdf,two_column,mechanical_design,REVIEW,REJECT,0.07142857142857142
p16,modern,layout_aware,pdf,two_column,ml_intern,REJECT,REJECT,0.35714285714285715
p16,modern,layout_aware,pdf,two_column,process_engineer,REVIEW,REJECT,0.15
p16,modern,naive,pdf,table,mechanical_design,REVIEW,REJECT,0.07142857142857142
p16,modern,naive,pdf,table,ml_intern,REVIEW,REJECT,0.35714285714285715
p16,modern,naive,pdf,table,process_engineer,REVIEW,REJECT,0.15
p16,modern,layout_aware,pdf,table,mechanical_design,REVIEW,REJECT,0.07142857142857142
p16,modern,layout_aware,pdf,table,ml_intern,REJECT,REJECT,0.35714285714285715
p16,modern,layout_aware,pdf,table,process_engineer,REVIEW,REJECT,0.15
p16,modern,naive,pdf,textbox,mechanical_design,REVIEW,REJECT,0.07142857142857142
p16,modern,naive,pdf,textbox,ml_intern,REVIEW,REJECT,0.35714285714285715
p16,modern,naive,pdf,textbox,process_engineer,REVIEW,REJECT,0.15
p16,modern,layout_aware,pdf,textbox,mechanical_design,REVIEW,REJECT,0.07142857142857142
p16,modern,layout_aware,pdf,textbox,ml_intern,REJECT,REJECT,0.35714285714285715
p16,modern,layout_aware,pdf,textbox,process_engineer,REVIEW,REJECT,0.15
p16,modern,naive,docx,single,mechanical_design,REVIEW,REJECT,0.07142857142857142
p16,modern,naive,docx,single,ml_intern,REJECT,REJECT,0.35714285714285715
p16,modern,naive,docx,single,process_engineer,REVIEW,REJECT,0.15
p16,modern,layout_aware,docx,single,mechanical_design,REVIEW,REJECT,0.07142857142857142
p16,modern,layout_aware,docx,single,ml_intern,REJECT,REJECT,0.35714285714285715
p16,modern,layout_aware,docx,single,process_engineer,REVIEW,REJECT,0.15
p16,modern,naive,docx,two_column,mechanical_design,REVIEW,REJECT,0.07142857142857142
p16,modern,naive,docx,two_column,ml_intern,REJECT,REJECT,0.35714285714285715
p16,modern,naive,docx,two_column,process_engineer,REVIEW,REJECT,0.15
p16,modern,layout_aware,docx,two_column,mechanical_design,REVIEW,REJECT,0.07142857142857142
p16,modern,layout_aware,docx,two_column,ml_intern,REJECT,REJECT,0.35714285714285715
p16,modern,layout_aware,docx,two_column,process_engineer,REVIEW,REJECT,0.15
p16,modern,naive,docx,table,mechanical_design,REVIEW,REJECT,0.07142857142857142
p16,modern,naive,docx,table,ml_intern,REJECT,REJECT,0.35714285714285715
p16,modern,naive,docx,table,process_engineer,REVIEW,REJECT,0.15
p16,modern,layout_aware,docx,table,mechanical_design,REVIEW,REJECT,0.07142857142857142
p16,modern,layout_aware,docx,table,ml_intern,REJECT,REJECT,0.35714285714285715
p16,modern,layout_aware,docx,table,process_engineer,REVIEW,REJECT,0.15
p16,modern,naive,docx,textbox,mechanical_design,REVIEW,REJECT,0.07142857142857142
p16,modern,naive,docx,textbox,ml_intern,REJECT,REJECT,0.35714285714285715
p16,modern,naive,docx,textbox,process_engineer,REVIEW,REJECT,0.15
p16,modern,layout_aware,docx,textbox,mechanical_design,REVIEW,REJECT,0.07142857142857142
p16,modern,layout_aware,docx,textbox,ml_intern,REJECT,REJECT,0.35714285714285715
p16,modern,layout_aware,docx,textbox,process_engineer,REVIEW,REJECT,0.15
p16,latex,naive,pdf,single,mechanical_design,REJECT,REJECT,0.07142857142857142
p16,latex,naive,pdf,single,ml_intern,REJECT,REJECT,0.35714285714285715
p16,latex,naive,pdf,single,process_engineer,REJECT,REJECT,0.15
p16,latex,layout_aware,pdf,single,mechanical_design,REJECT,REJECT,0.07142857142857142
p16,latex,layout_aware,pdf,single,ml_intern,REJECT,REJECT,0.35714285714285715
p16,latex,layout_aware,pdf,single,process_engineer,REJECT,REJECT,0.15
p16,latex,naive,pdf,two_column,mechanical_design,REJECT,REJECT,0.07142857142857142
p16,latex,naive,pdf,two_column,ml_intern,REJECT,REJECT,0.35714285714285715
p16,latex,naive,pdf,two_column,process_engineer,REJECT,REJECT,0.15
p16,latex,layout_aware,pdf,two_column,mechanical_design,REJECT,REJECT,0.07142857142857142
p16,latex,layout_aware,pdf,two_column,ml_intern,REJECT,REJECT,0.35714285714285715
p16,latex,layout_aware,pdf,two_column,process_engineer,REJECT,REJECT,0.15
p16,latex,naive,pdf,table,mechanical_design,REVIEW,REJECT,0.07142857142857142
p16,latex,naive,pdf,table,ml_intern,REVIEW,REJECT,0.35714285714285715
p16,latex,naive,pdf,table,process_engineer,REVIEW,REJECT,0.15
p16,latex,layout_aware,pdf,table,mechanical_design,REJECT,REJECT,0.07142857142857142
p16,latex,layout_aware,pdf,table,ml_intern,REJECT,REJECT,0.35714285714285715
p16,latex,layout_aware,pdf,table,process_engineer,REJECT,REJECT,0.15
p16,latex,naive,pdf,textbox,mechanical_design,REJECT,REJECT,0.07142857142857142
p16,latex,naive,pdf,textbox,ml_intern,REJECT,REJECT,0.35714285714285715
p16,latex,naive,pdf,textbox,process_engineer,REJECT,REJECT,0.15
p16,latex,layout_aware,pdf,textbox,mechanical_design,REJECT,REJECT,0.07142857142857142
p16,latex,layout_aware,pdf,textbox,ml_intern,REJECT,REJECT,0.35714285714285715
p16,latex,layout_aware,pdf,textbox,process_engineer,REJECT,REJECT,0.15
p16,latex,naive,docx,single,mechanical_design,REJECT,REJECT,0.07142857142857142
p16,latex,naive,docx,single,ml_intern,REJECT,REJECT,0.35714285714285715
p16,latex,naive,docx,single,process_engineer,REJECT,REJECT,0.15
p16,latex,layout_aware,docx,single,mechanical_design,REJECT,REJECT,0.07142857142857142
p16,latex,layout_aware,docx,single,ml_intern,REJECT,REJECT,0.35714285714285715
p16,latex,layout_aware,docx,single,process_engineer,REJECT,REJECT,0.15
p16,latex,naive,docx,two_column,mechanical_design,REJECT,REJECT,0.07142857142857142
p16,latex,naive,docx,two_column,ml_intern,REJECT,REJECT,0.35714285714285715
p16,latex,naive,docx,two_column,process_engineer,REJECT,REJECT,0.15
p16,latex,layout_aware,docx,two_column,mechanical_design,REJECT,REJECT,0.07142857142857142
p16,latex,layout_aware,docx,two_column,ml_intern,REJECT,REJECT,0.35714285714285715
p16,latex,layout_aware,docx,two_column,process_engineer,REJECT,REJECT,0.15
p16,latex,naive,docx,table,mechanical_design,REJECT,REJECT,0.07142857142857142
p16,latex,naive,docx,table,ml_intern,REJECT,REJECT,0.35714285714285715
p16,latex,naive,docx,table,process_engineer,REJECT,REJECT,0.15
p16,latex,layout_aware,docx,table,mechanical_design,REJECT,REJECT,0.07142857142857142
p16,latex,layout_aware,docx,table,ml_intern,REJECT,REJECT,0.35714285714285715
p16,latex,layout_aware,docx,table,process_engineer,REJECT,REJECT,0.15
p16,latex,naive,docx,textbox,mechanical_design,REJECT,REJECT,0.07142857142857142
p16,latex,naive,docx,textbox,ml_intern,REJECT,REJECT,0.35714285714285715
p16,latex,naive,docx,textbox,process_engineer,REJECT,REJECT,0.15
p16,latex,layout_aware,docx,textbox,mechanical_design,REJECT,REJECT,0.07142857142857142
p16,latex,layout_aware,docx,textbox,ml_intern,REJECT,REJECT,0.35714285714285715
p16,latex,layout_aware,docx,textbox,process_engineer,REJECT,REJECT,0.15
p16,career_center,naive,pdf,single,mechanical_design,REJECT,REJECT,0.07142857142857142
p16,career_center,naive,pdf,single,ml_intern,REJECT,REJECT,0.35714285714285715
p16,career_center,naive,pdf,single,process_engineer,REJECT,REJECT,0.15
p16,career_center,layout_aware,pdf,single,mechanical_design,REJECT,REJECT,0.07142857142857142
p16,career_center,layout_aware,pdf,single,ml_intern,REJECT,REJECT,0.35714285714285715
p16,career_center,layout_aware,pdf,single,process_engineer,REJECT,REJECT,0.15
p16,career_center,naive,pdf,two_column,mechanical_design,REVIEW,REJECT,0.07142857142857142
p16,career_center,naive,pdf,two_column,ml_intern,REJECT,REJECT,0.35714285714285715
p16,career_center,naive,pdf,two_column,process_engineer,REVIEW,REJECT,0.15
p16,career_center,layout_aware,pdf,two_column,mechanical_design,REVIEW,REJECT,0.07142857142857142
p16,career_center,layout_aware,pdf,two_column,ml_intern,REJECT,REJECT,0.35714285714285715
p16,career_center,layout_aware,pdf,two_column,process_engineer,REVIEW,REJECT,0.15
p16,career_center,naive,pdf,table,mechanical_design,REVIEW,REJECT,0.07142857142857142
p16,career_center,naive,pdf,table,ml_intern,REVIEW,REJECT,0.35714285714285715
p16,career_center,naive,pdf,table,process_engineer,REVIEW,REJECT,0.15
p16,career_center,layout_aware,pdf,table,mechanical_design,REJECT,REJECT,0.07142857142857142
p16,career_center,layout_aware,pdf,table,ml_intern,REJECT,REJECT,0.35714285714285715
p16,career_center,layout_aware,pdf,table,process_engineer,REJECT,REJECT,0.15
p16,career_center,naive,pdf,textbox,mechanical_design,REJECT,REJECT,0.07142857142857142
p16,career_center,naive,pdf,textbox,ml_intern,REJECT,REJECT,0.35714285714285715
p16,career_center,naive,pdf,textbox,process_engineer,REJECT,REJECT,0.15
p16,career_center,layout_aware,pdf,textbox,mechanical_design,REJECT,REJECT,0.07142857142857142
p16,career_center,layout_aware,pdf,textbox,ml_intern,REJECT,REJECT,0.35714285714285715
p16,career_center,layout_aware,pdf,textbox,process_engineer,REJECT,REJECT,0.15
p16,career_center,naive,docx,single,mechanical_design,REJECT,REJECT,0.07142857142857142
p16,career_center,naive,docx,single,ml_intern,REJECT,REJECT,0.35714285714285715
p16,career_center,naive,docx,single,process_engineer,REJECT,REJECT,0.15
p16,career_center,layout_aware,docx,single,mechanical_design,REJECT,REJECT,0.07142857142857142
p16,career_center,layout_aware,docx,single,ml_intern,REJECT,REJECT,0.35714285714285715
p16,career_center,layout_aware,docx,single,process_engineer,REJECT,REJECT,0.15
p16,career_center,naive,docx,two_column,mechanical_design,REJECT,REJECT,0.07142857142857142
p16,career_center,naive,docx,two_column,ml_intern,REJECT,REJECT,0.35714285714285715
p16,career_center,naive,docx,two_column,process_engineer,REJECT,REJECT,0.15
p16,career_center,layout_aware,docx,two_column,mechanical_design,REJECT,REJECT,0.07142857142857142
p16,career_center,layout_aware,docx,two_column,ml_intern,REJECT,REJECT,0.35714285714285715
p16,career_center,layout_aware,docx,two_column,process_engineer,REJECT,REJECT,0.15
p16,career_center,naive,docx,table,mechanical_design,REJECT,REJECT,0.07142857142857142
p16,career_center,naive,docx,table,ml_intern,REJECT,REJECT,0.35714285714285715
p16,career_center,naive,docx,table,process_engineer,REJECT,REJECT,0.15
p16,career_center,layout_aware,docx,table,mechanical_design,REJECT,REJECT,0.07142857142857142
p16,career_center,layout_aware,docx,table,ml_intern,REJECT,REJECT,0.35714285714285715
p16,career_center,layout_aware,docx,table,process_engineer,REJECT,REJECT,0.15
p16,career_center,naive,docx,textbox,mechanical_design,REJECT,REJECT,0.07142857142857142
p16,career_center,naive,docx,textbox,ml_intern,REJECT,REJECT,0.35714285714285715
p16,career_center,naive,docx,textbox,process_engineer,REJECT,REJECT,0.15
p16,career_center,layout_aware,docx,textbox,mechanical_design,REJECT,REJECT,0.07142857142857142
p16,career_center,layout_aware,docx,textbox,ml_intern,REJECT,REJECT,0.35714285714285715
p16,career_center,layout_aware,docx,textbox,process_engineer,REJECT,REJECT,0.15
p16,hybrid,naive,pdf,single,mechanical_design,REVIEW,REJECT,0.07142857142857142
p16,hybrid,naive,pdf,single,ml_intern,REVIEW,REJECT,0.35714285714285715
p16,hybrid,naive,pdf,single,process_engineer,REVIEW,REJECT,0.15
p16,hybrid,layout_aware,pdf,single,mechanical_design,REVIEW,REJECT,0.07142857142857142
p16,hybrid,layout_aware,pdf,single,ml_intern,REVIEW,REJECT,0.35714285714285715
p16,hybrid,layout_aware,pdf,single,process_engineer,REVIEW,REJECT,0.15
p16,hybrid,naive,pdf,two_column,mechanical_design,REVIEW,REJECT,0.07142857142857142
p16,hybrid,naive,pdf,two_column,ml_intern,REVIEW,REJECT,0.35714285714285715
p16,hybrid,naive,pdf,two_column,process_engineer,REVIEW,REJECT,0.15
p16,hybrid,layout_aware,pdf,two_column,mechanical_design,REVIEW,REJECT,0.07142857142857142
p16,hybrid,layout_aware,pdf,two_column,ml_intern,REVIEW,REJECT,0.35714285714285715
p16,hybrid,layout_aware,pdf,two_column,process_engineer,REVIEW,REJECT,0.15
p16,hybrid,naive,pdf,table,mechanical_design,REVIEW,REJECT,0.07142857142857142
p16,hybrid,naive,pdf,table,ml_intern,REVIEW,REJECT,0.35714285714285715
p16,hybrid,naive,pdf,table,process_engineer,REVIEW,REJECT,0.15
p16,hybrid,layout_aware,pdf,table,mechanical_design,REVIEW,REJECT,0.07142857142857142
p16,hybrid,layout_aware,pdf,table,ml_intern,REVIEW,REJECT,0.35714285714285715
p16,hybrid,layout_aware,pdf,table,process_engineer,REVIEW,REJECT,0.15
p16,hybrid,naive,pdf,textbox,mechanical_design,REVIEW,REJECT,0.07142857142857142
p16,hybrid,naive,pdf,textbox,ml_intern,REVIEW,REJECT,0.35714285714285715
p16,hybrid,naive,pdf,textbox,process_engineer,REVIEW,REJECT,0.15
p16,hybrid,layout_aware,pdf,textbox,mechanical_design,REVIEW,REJECT,0.07142857142857142
p16,hybrid,layout_aware,pdf,textbox,ml_intern,REVIEW,REJECT,0.35714285714285715
p16,hybrid,layout_aware,pdf,textbox,process_engineer,REVIEW,REJECT,0.15
p16,hybrid,naive,docx,single,mechanical_design,REVIEW,REJECT,0.07142857142857142
p16,hybrid,naive,docx,single,ml_intern,REVIEW,REJECT,0.35714285714285715
p16,hybrid,naive,docx,single,process_engineer,REVIEW,REJECT,0.15
p16,hybrid,layout_aware,docx,single,mechanical_design,REVIEW,REJECT,0.07142857142857142
p16,hybrid,layout_aware,docx,single,ml_intern,REVIEW,REJECT,0.35714285714285715
p16,hybrid,layout_aware,docx,single,process_engineer,REVIEW,REJECT,0.15
p16,hybrid,naive,docx,two_column,mechanical_design,REVIEW,REJECT,0.07142857142857142
p16,hybrid,naive,docx,two_column,ml_intern,REVIEW,REJECT,0.35714285714285715
p16,hybrid,naive,docx,two_column,process_engineer,REVIEW,REJECT,0.15
p16,hybrid,layout_aware,docx,two_column,mechanical_design,REVIEW,REJECT,0.07142857142857142
p16,hybrid,layout_aware,docx,two_column,ml_intern,REVIEW,REJECT,0.35714285714285715
p16,hybrid,layout_aware,docx,two_column,process_engineer,REVIEW,REJECT,0.15
p16,hybrid,naive,docx,table,mechanical_design,REVIEW,REJECT,0.07142857142857142
p16,hybrid,naive,docx,table,ml_intern,REVIEW,REJECT,0.35714285714285715
p16,hybrid,naive,docx,table,process_engineer,REVIEW,REJECT,0.15
p16,hybrid,layout_aware,docx,table,mechanical_design,REVIEW,REJECT,0.07142857142857142
p16,hybrid,layout_aware,docx,table,ml_intern,REVIEW,REJECT,0.35714285714285715
p16,hybrid,layout_aware,docx,table,process_engineer,REVIEW,REJECT,0.15
p16,hybrid,naive,docx,textbox,mechanical_design,REVIEW,REJECT,0.07142857142857142
p16,hybrid,naive,docx,textbox,ml_intern,REVIEW,REJECT,0.35714285714285715
p16,hybrid,naive,docx,textbox,process_engineer,REVIEW,REJECT,0.15
p16,hybrid,layout_aware,docx,textbox,mechanical_design,REVIEW,REJECT,0.07142857142857142
p16,hybrid,layout_aware,docx,textbox,ml_intern,REVIEW,REJECT,0.35714285714285715
p16,hybrid,layout_aware,docx,textbox,process_engineer,REVIEW,REJECT,0.15
