job,persona,attack,defense,scorer,base_score,stuffed_score,delta,base_rank,stuffed_rank,rank_gain,entered_top_k,was_outside_top_k,reached_rank_1,beats_best_genuine,score_vs_best_genuine
mechanical_design,p01,visible_repeat,none,keyword,0.07142857142857142,0.9285714285714286,0.8571428571428572,5,1,4,False,False,True,True,1.1304347826086958
mechanical_design,p01,visible_repeat,none,tfidf,0.008727018672145443,0.25626136942935,0.24753435075720456,11,2,9,True,True,False,False,0.9346873375050979
mechanical_design,p01,visible_repeat,none,embedding,0.021594293635839586,0.41651367203562195,0.39491937839978236,13,2,11,True,True,False,False,0.7379487561261423
mechanical_design,p01,hidden_keywords,none,keyword,0.07142857142857142,0.9285714285714286,0.8571428571428572,5,1,4,False,False,True,True,1.1304347826086958
mechanical_design,p01,hidden_keywords,none,tfidf,0.008727018672145443,0.25626136942935,0.24753435075720456,11,2,9,True,True,False,False,0.9346873375050979
mechanical_design,p01,hidden_keywords,none,embedding,0.021594293635839586,0.36683607468425666,0.3452417810484171,13,2,11,True,True,False,False,0.6499335872755984
mechanical_design,p01,hidden_keywords,drop_invisible,keyword,0.07142857142857142,0.07142857142857142,0.0,5,5,0,False,False,False,False,0.08695652173913043
mechanical_design,p01,hidden_keywords,drop_invisible,tfidf,0.008727018672145443,0.008727018672145443,0.0,11,11,0,False,True,False,False,0.031830914917801344
mechanical_design,p01,hidden_keywords,drop_invisible,embedding,0.021594293635839586,0.021594293635839586,0.0,13,13,0,False,True,False,False,0.0382592053944093
mechanical_design,p01,hidden_jd,none,keyword,0.07142857142857142,1.0,0.9285714285714286,5,1,4,False,False,True,True,1.2173913043478262
mechanical_design,p01,hidden_jd,none,tfidf,0.008727018672145443,0.6027833434918776,0.5940563248197321,11,1,10,True,True,True,True,2.198591070029283
mechanical_design,p01,hidden_jd,none,embedding,0.021594293635839586,0.5477987837995262,0.5262044901636866,13,2,11,True,True,False,False,0.9705502081998908
mechanical_design,p01,hidden_jd,drop_invisible,keyword,0.07142857142857142,0.07142857142857142,0.0,5,5,0,False,False,False,False,0.08695652173913043
mechanical_design,p01,hidden_jd,drop_invisible,tfidf,0.008727018672145443,0.008727018672145443,0.0,11,11,0,False,True,False,False,0.031830914917801344
mechanical_design,p01,hidden_jd,drop_invisible,embedding,0.021594293635839586,0.021594293635839586,0.0,13,13,0,False,True,False,False,0.0382592053944093
mechanical_design,p02,visible_repeat,none,keyword,0.07142857142857142,0.9285714285714286,0.8571428571428572,5,1,4,False,False,True,True,1.1304347826086958
mechanical_design,p02,visible_repeat,none,tfidf,0.007135506310930442,0.27907994409058484,0.2719444377796544,13,1,12,True,True,True,True,1.0179157727673662
mechanical_design,p02,visible_repeat,none,embedding,0.01687171456430174,0.3976599422142729,0.38078822764997117,14,2,12,True,True,False,False,0.7045450831998596
mechanical_design,p02,hidden_keywords,none,keyword,0.07142857142857142,0.9285714285714286,0.8571428571428572,5,1,4,False,False,True,True,1.1304347826086958
mechanical_design,p02,hidden_keywords,none,tfidf,0.007135506310930442,0.27907994409058484,0.2719444377796544,13,1,12,True,True,True,True,1.0179157727673662
mechanical_design,p02,hidden_keywords,none,embedding,0.01687171456430174,0.3482018406207049,0.33133012605640316,14,2,12,True,True,False,False,0.6169188010349552
mechanical_design,p02,hidden_keywords,drop_invisible,keyword,0.07142857142857142,0.07142857142857142,0.0,5,5,0,False,False,False,False,0.08695652173913043
mechanical_design,p02,hidden_keywords,drop_invisible,tfidf,0.007135506310930442,0.007135506310930442,0.0,13,13,0,False,True,False,False,0.026026035099891
mechanical_design,p02,hidden_keywords,drop_invisible,embedding,0.01687171456430174,0.01687171456430174,0.0,14,14,0,False,True,False,False,0.029892081850741683
mechanical_design,p02,hidden_jd,none,keyword,0.07142857142857142,1.0,0.9285714285714286,5,1,4,False,False,True,True,1.2173913043478262
mechanical_design,p02,hidden_jd,none,tfidf,0.007135506310930442,0.6631158634535587,0.6559803571426283,13,1,12,True,True,True,True,2.4186478135545837
mechanical_design,p02,hidden_jd,none,embedding,0.01687171456430174,0.5259135286956667,0.509041814131365,14,2,12,True,True,False,False,0.9317754983507139
mechanical_design,p02,hidden_jd,drop_invisible,keyword,0.07142857142857142,0.07142857142857142,0.0,5,5,0,False,False,False,False,0.08695652173913043
mechanical_design,p02,hidden_jd,drop_invisible,tfidf,0.007135506310930442,0.007135506310930442,0.0,13,13,0,False,True,False,False,0.026026035099891
mechanical_design,p02,hidden_jd,drop_invisible,embedding,0.01687171456430174,0.01687171456430174,0.0,14,14,0,False,True,False,False,0.029892081850741683
mechanical_design,p03,visible_repeat,none,keyword,0.07142857142857142,0.9285714285714286,0.8571428571428572,5,1,4,False,False,True,True,1.1304347826086958
mechanical_design,p03,visible_repeat,none,tfidf,0.006564197388949006,0.2657224747546625,0.2591582773657135,14,2,12,True,True,False,False,0.9691957589892406
mechanical_design,p03,visible_repeat,none,embedding,0.0301090363189304,0.4266950032380423,0.3965859669191119,11,2,9,True,True,False,False,0.7559873013191842
mechanical_design,p03,hidden_keywords,none,keyword,0.07142857142857142,0.9285714285714286,0.8571428571428572,5,1,4,False,False,True,True,1.1304347826086958
mechanical_design,p03,hidden_keywords,none,tfidf,0.006564197388949006,0.2657224747546625,0.2591582773657135,14,2,12,True,True,False,False,0.9691957589892406
mechanical_design,p03,hidden_keywords,none,embedding,0.0301090363189304,0.37778893274879055,0.34767989642986014,11,2,9,True,True,False,False,0.6693390678814252
mechanical_design,p03,hidden_keywords,drop_invisible,keyword,0.07142857142857142,0.07142857142857142,0.0,5,5,0,False,False,False,False,0.08695652173913043
mechanical_design,p03,hidden_keywords,drop_invisible,tfidf,0.006564197388949006,0.006564197388949006,0.0,14,14,0,False,True,False,False,0.023942243788040714
mechanical_design,p03,hidden_keywords,drop_invisible,embedding,0.0301090363189304,0.0301090363189304,0.0,11,11,0,False,True,False,False,0.05334500975951464
mechanical_design,p03,hidden_jd,none,keyword,0.07142857142857142,1.0,0.9285714285714286,5,1,4,False,False,True,True,1.2173913043478262
mechanical_design,p03,hidden_jd,none,tfidf,0.006564197388949006,0.6290431130852487,0.6224789156962998,14,1,13,True,True,True,True,2.2943709145660622
mechanical_design,p03,hidden_jd,none,embedding,0.0301090363189304,0.5573215610372452,0.5272125247183148,11,2,9,True,True,False,False,0.9874219751771824
mechanical_design,p03,hidden_jd,drop_invisible,keyword,0.07142857142857142,0.07142857142857142,0.0,5,5,0,False,False,False,False,0.08695652173913043
mechanical_design,p03,hidden_jd,drop_invisible,tfidf,0.006564197388949006,0.006564197388949006,0.0,14,14,0,False,True,False,False,0.023942243788040714
mechanical_design,p03,hidden_jd,drop_invisible,embedding,0.0301090363189304,0.0301090363189304,0.0,11,11,0,False,True,False,False,0.05334500975951464
mechanical_design,p04,visible_repeat,none,keyword,0.07142857142857142,0.9285714285714286,0.8571428571428572,5,1,4,False,False,True,True,1.1304347826086958
mechanical_design,p04,visible_repeat,none,tfidf,0.011289452437452793,0.2878006235173238,0.276511171079871,10,1,9,True,True,True,True,1.0497235659309054
mechanical_design,p04,visible_repeat,none,embedding,0.05086958652097177,0.4585489676848251,0.4076793811638533,10,2,8,True,True,False,False,0.8124238483508969
mechanical_design,p04,hidden_keywords,none,keyword,0.07142857142857142,0.9285714285714286,0.8571428571428572,5,1,4,False,False,True,True,1.1304347826086958
mechanical_design,p04,hidden_keywords,none,tfidf,0.011289452437452793,0.2878006235173238,0.276511171079871,10,1,9,True,True,True,True,1.0497235659309054
mechanical_design,p04,hidden_keywords,none,embedding,0.05086958652097177,0.4084929651944325,0.3576233786734607,10,2,8,True,True,False,False,0.7237382486828189
mechanical_design,p04,hidden_keywords,drop_invisible,keyword,0.07142857142857142,0.07142857142857142,0.0,5,5,0,False,False,False,False,0.08695652173913043
mechanical_design,p04,hidden_keywords,drop_invisible,tfidf,0.011289452437452793,0.011289452437452793,0.0,10,10,0,False,True,False,False,0.041177132020136
mechanical_design,p04,hidden_keywords,drop_invisible,embedding,0.05086958652097177,0.05086958652097177,0.0,10,10,0,False,True,False,False,0.09012704892575961
mechanical_design,p04,hidden_jd,none,keyword,0.07142857142857142,1.0,0.9285714285714286,5,1,4,False,False,True,True,1.2173913043478262
mechanical_design,p04,hidden_jd,none,tfidf,0.011289452437452793,0.6805956056992772,0.6693061532618244,10,1,9,True,True,True,True,2.4824033994094012
mechanical_design,p04,hidden_jd,none,embedding,0.05086958652097177,0.5974559173184415,0.5465863307974698,10,1,9,True,True,True,True,1.0585291207142904
mechanical_design,p04,hidden_jd,drop_invisible,keyword,0.07142857142857142,0.07142857142857142,0.0,5,5,0,False,False,False,False,0.08695652173913043
mechanical_design,p04,hidden_jd,drop_invisible,tfidf,0.011289452437452793,0.011289452437452793,0.0,10,10,0,False,True,False,False,0.041177132020136
mechanical_design,p04,hidden_jd,drop_invisible,embedding,0.05086958652097177,0.05086958652097177,0.0,10,10,0,False,True,False,False,0.09012704892575961
mechanical_design,p05,visible_repeat,none,keyword,0.07142857142857142,0.9285714285714286,0.8571428571428572,5,1,4,False,False,True,True,1.1304347826086958
mechanical_design,p05,visible_repeat,none,tfidf,0.012832694313445771,0.29147948824634146,0.2786467939328957,7,1,6,True,True,True,True,1.0631418516688773
mechanical_design,p05,visible_repeat,none,embedding,0.05240414927179734,0.4392189214285485,0.3868147721567512,9,2,7,True,True,False,False,0.7781762724646961
mechanical_design,p05,hidden_keywords,none,keyword,0.07142857142857142,0.9285714285714286,0.8571428571428572,5,1,4,False,False,True,True,1.1304347826086958
mechanical_design,p05,hidden_keywords,none,tfidf,0.012832694313445771,0.29147948824634146,0.2786467939328957,7,1,6,True,True,True,True,1.0631418516688773
mechanical_design,p05,hidden_keywords,none,embedding,0.05240414927179734,0.3900444852987051,0.3376403360269078,9,2,7,True,True,False,False,0.6910525682225965
mechanical_design,p05,hidden_keywords,drop_invisible,keyword,0.07142857142857142,0.07142857142857142,0.0,5,5,0,False,False,False,False,0.08695652173913043
mechanical_design,p05,hidden_keywords,drop_invisible,tfidf,0.012832694313445771,0.012832694313445771,0.0,7,7,0,False,True,False,False,0.04680595014208054
mechanical_design,p05,hidden_keywords,drop_invisible,embedding,0.05240414927179734,0.05240414927179734,0.0,9,9,0,False,True,False,False,0.09284587605965593
mechanical_design,p05,hidden_jd,none,keyword,0.07142857142857142,1.0,0.9285714285714286,5,1,4,False,False,True,True,1.2173913043478262
mechanical_design,p05,hidden_jd,none,tfidf,0.012832694313445771,0.6868043819502067,0.6739716876367609,7,1,6,True,True,True,True,2.505049280667544
mechanical_design,p05,hidden_jd,none,embedding,0.05240414927179734,0.5671506276869543,0.514746478415157,9,1,8,True,True,True,True,1.0048364035501687
mechanical_design,p05,hidden_jd,drop_invisible,keyword,0.07142857142857142,0.07142857142857142,0.0,5,5,0,False,False,False,False,0.08695652173913043
mechanical_design,p05,hidden_jd,drop_invisible,tfidf,0.012832694313445771,0.012832694313445771,0.0,7,7,0,False,True,False,False,0.04680595014208054
mechanical_design,p05,hidden_jd,drop_invisible,embedding,0.05240414927179734,0.05240414927179734,0.0,9,9,0,False,True,False,False,0.09284587605965593
mechanical_design,p06,visible_repeat,none,keyword,0.0,0.9285714285714286,0.9285714285714286,15,1,14,True,True,True,True,1.1304347826086958
mechanical_design,p06,visible_repeat,none,tfidf,0.0018430028192732554,0.2717594552482181,0.26991645242894485,16,2,14,True,True,False,False,0.9912150326575934
mechanical_design,p06,visible_repeat,none,embedding,0.0,0.3745412133679431,0.3745412133679431,15,2,13,True,True,False,False,0.6635849939139848
mechanical_design,p06,hidden_keywords,none,keyword,0.0,0.9285714285714286,0.9285714285714286,15,1,14,True,True,True,True,1.1304347826086958
mechanical_design,p06,hidden_keywords,none,tfidf,0.0018430028192732554,0.2717594552482181,0.26991645242894485,16,2,14,True,True,False,False,0.9912150326575934
mechanical_design,p06,hidden_keywords,none,embedding,0.0,0.32559108904237793,0.32559108904237793,15,2,13,True,True,False,False,0.5768587090798547
mechanical_design,p06,hidden_keywords,drop_invisible,keyword,0.0,0.0,0.0,15,15,0,False,True,False,False,0.0
mechanical_design,p06,hidden_keywords,drop_invisible,tfidf,0.0018430028192732554,0.0018430028192732554,0.0,16,16,0,False,True,False,False,0.006722165740380269
mechanical_design,p06,hidden_keywords,drop_invisible,embedding,0.0,0.0,0.0,15,15,0,False,True,False,False,0.0
mechanical_design,p06,hidden_jd,none,keyword,0.0,1.0,1.0,15,1,14,True,True,True,True,1.2173913043478262
mechanical_design,p06,hidden_jd,none,tfidf,0.0018430028192732554,0.6502290507186518,0.6483860478993785,16,1,15,True,True,True,True,2.3716444719626013
mechanical_design,p06,hidden_jd,none,embedding,0.0,0.505522922766158,0.505522922766158,15,2,13,True,True,False,False,0.8956488996515664
mechanical_design,p06,hidden_jd,drop_invisible,keyword,0.0,0.0,0.0,15,15,0,False,True,False,False,0.0
mechanical_design,p06,hidden_jd,drop_invisible,tfidf,0.0018430028192732554,0.0018430028192732554,0.0,16,16,0,False,True,False,False,0.006722165740380269
mechanical_design,p06,hidden_jd,drop_invisible,embedding,0.0,0.0,0.0,15,15,0,False,True,False,False,0.0
mechanical_design,p07,visible_repeat,none,keyword,0.07142857142857142,0.9285714285714286,0.8571428571428572,5,1,4,False,False,True,True,1.1304347826086958
mechanical_design,p07,visible_repeat,none,tfidf,0.01875927788937263,0.2746290492909458,0.25586977140157313,6,1,5,True,True,True,True,1.001681585698695
mechanical_design,p07,visible_repeat,none,embedding,0.0802400229789115,0.45027329097144436,0.3700332679925329,5,2,3,False,False,False,False,0.7977616037554323
mechanical_design,p07,hidden_keywords,none,keyword,0.07142857142857142,0.9285714285714286,0.8571428571428572,5,1,4,False,False,True,True,1.1304347826086958
mechanical_design,p07,hidden_keywords,none,tfidf,0.01875927788937263,0.2746290492909458,0.25586977140157313,6,1,5,True,True,True,True,1.001681585698695
mechanical_design,p07,hidden_keywords,none,embedding,0.0802400229789115,0.4018104089009174,0.32157038592200593,5,2,3,False,False,False,False,0.7118985794579378
mechanical_design,p07,hidden_keywords,drop_invisible,keyword,0.07142857142857142,0.07142857142857142,0.0,5,5,0,False,False,False,False,0.08695652173913043
mechanical_design,p07,hidden_keywords,drop_invisible,tfidf,0.01875927788937263,0.01875927788937263,0.0,6,6,0,False,True,False,False,0.0684225622573597
mechanical_design,p07,hidden_keywords,drop_invisible,embedding,0.0802400229789115,0.0802400229789115,0.0,5,5,0,False,False,False,False,0.1421634609481839
mechanical_design,p07,hidden_jd,none,keyword,0.07142857142857142,1.0,0.9285714285714286,5,1,4,False,False,True,True,1.2173913043478262
mechanical_design,p07,hidden_jd,none,tfidf,0.01875927788937263,0.6366291048765184,0.6178698269871458,6,1,5,True,True,True,True,2.322040049736559
mechanical_design,p07,hidden_jd,none,embedding,0.0802400229789115,0.5652411488954151,0.4850011259165036,5,1,4,False,False,True,True,1.0014533273304158
mechanical_design,p07,hidden_jd,drop_invisible,keyword,0.07142857142857142,0.07142857142857142,0.0,5,5,0,False,False,False,False,0.08695652173913043
mechanical_design,p07,hidden_jd,drop_invisible,tfidf,0.01875927788937263,0.01875927788937263,0.0,6,6,0,False,True,False,False,0.0684225622573597
mechanical_design,p07,hidden_jd,drop_invisible,embedding,0.0802400229789115,0.0802400229789115,0.0,5,5,0,False,False,False,False,0.1421634609481839
mechanical_design,p08,visible_repeat,none,keyword,0.07142857142857142,0.9285714285714286,0.8571428571428572,5,1,4,False,False,True,True,1.1304347826086958
mechanical_design,p08,visible_repeat,none,tfidf,0.02280314855340771,0.26817305587456647,0.24536990732115876,5,2,3,False,False,False,False,0.9781340049191829
mechanical_design,p08,visible_repeat,none,embedding,0.12006568833408496,0.4161180291812703,0.29605234084718535,4,2,2,False,False,False,False,0.7372477847731203
mechanical_design,p08,hidden_keywords,none,keyword,0.07142857142857142,0.9285714285714286,0.8571428571428572,5,1,4,False,False,True,True,1.1304347826086958
mechanical_design,p08,hidden_keywords,none,tfidf,0.02280314855340771,0.26817305587456647,0.24536990732115876,5,2,3,False,False,False,False,0.9781340049191829
mechanical_design,p08,hidden_keywords,none,embedding,0.12006568833408496,0.3683338294037165,0.24826814106963155,4,2,2,False,False,False,False,0.6525872006055179
mechanical_design,p08,hidden_keywords,drop_invisible,keyword,0.07142857142857142,0.07142857142857142,0.0,5,5,0,False,False,False,False,0.08695652173913043
mechanical_design,p08,hidden_keywords,drop_invisible,tfidf,0.02280314855340771,0.02280314855340771,0.0,5,5,0,False,False,False,False,0.08317217009953579
mechanical_design,p08,hidden_keywords,drop_invisible,embedding,0.12006568833408496,0.12006568833408496,0.0,4,4,0,False,False,False,False,0.21272369026097526
mechanical_design,p08,hidden_jd,none,keyword,0.07142857142857142,1.0,0.9285714285714286,5,1,4,False,False,True,True,1.2173913043478262
mechanical_design,p08,hidden_jd,none,tfidf,0.02280314855340771,0.6206560970577629,0.5978529485043552,5,1,4,False,False,True,True,2.263780124788423
mechanical_design,p08,hidden_jd,none,embedding,0.12006568833408496,0.5418193531501747,0.4217536648160898,4,2,2,False,False,False,False,0.959956286064115
mechanical_design,p08,hidden_jd,drop_invisible,keyword,0.07142857142857142,0.07142857142857142,0.0,5,5,0,False,False,False,False,0.08695652173913043
mechanical_design,p08,hidden_jd,drop_invisible,tfidf,0.02280314855340771,0.02280314855340771,0.0,5,5,0,False,False,False,False,0.08317217009953579
mechanical_design,p08,hidden_jd,drop_invisible,embedding,0.12006568833408496,0.12006568833408496,0.0,4,4,0,False,False,False,False,0.21272369026097526
mechanical_design,p09,visible_repeat,none,keyword,0.07142857142857142,0.9285714285714286,0.8571428571428572,5,1,4,False,False,True,True,1.1304347826086958
mechanical_design,p09,visible_repeat,none,tfidf,0.011672972902656157,0.28050205483429863,0.26882908193164246,9,1,8,True,True,True,True,1.023102777377695
mechanical_design,p09,visible_repeat,none,embedding,0.05332728186798328,0.44186041648486657,0.38853313461688327,8,2,6,True,True,False,False,0.7828562820826194
mechanical_design,p09,hidden_keywords,none,keyword,0.07142857142857142,0.9285714285714286,0.8571428571428572,5,1,4,False,False,True,True,1.1304347826086958
mechanical_design,p09,hidden_keywords,none,tfidf,0.011672972902656157,0.28050205483429863,0.26882908193164246,9,1,8,True,True,True,True,1.023102777377695
mechanical_design,p09,hidden_keywords,none,embedding,0.05332728186798328,0.3911297766199651,0.3378024947519818,8,2,6,True,True,False,False,0.6929754087782118
mechanical_design,p09,hidden_keywords,drop_invisible,keyword,0.07142857142857142,0.07142857142857142,0.0,5,5,0,False,False,False,False,0.08695652173913043
mechanical_design,p09,hidden_keywords,drop_invisible,tfidf,0.011672972902656157,0.011672972902656157,0.0,9,9,0,False,True,False,False,0.04257598399418852
mechanical_design,p09,hidden_keywords,drop_invisible,embedding,0.05332728186798328,0.05332728186798328,0.0,8,8,0,False,True,False,False,0.09448141553130297
mechanical_design,p09,hidden_jd,none,keyword,0.07142857142857142,1.0,0.9285714285714286,5,1,4,False,False,True,True,1.2173913043478262
mechanical_design,p09,hidden_jd,none,tfidf,0.011672972902656157,0.664544100573947,0.6528711276712909,9,1,8,True,True,True,True,2.423857163502078
mechanical_design,p09,hidden_jd,none,embedding,0.05332728186798328,0.5799379639005581,0.5266106820325748,8,1,7,True,True,True,True,1.0274920796696998
mechanical_design,p09,hidden_jd,drop_invisible,keyword,0.07142857142857142,0.07142857142857142,0.0,5,5,0,False,False,False,False,0.08695652173913043
mechanical_design,p09,hidden_jd,drop_invisible,tfidf,0.011672972902656157,0.011672972902656157,0.0,9,9,0,False,True,False,False,0.04257598399418852
mechanical_design,p09,hidden_jd,drop_invisible,embedding,0.05332728186798328,0.05332728186798328,0.0,8,8,0,False,True,False,False,0.09448141553130297
mechanical_design,p10,visible_repeat,none,keyword,0.0,0.9285714285714286,0.9285714285714286,15,1,14,True,True,True,True,1.1304347826086958
mechanical_design,p10,visible_repeat,none,tfidf,0.0028003902657760993,0.28226961800570927,0.27946922773993316,15,1,14,True,True,True,True,1.0295497846587256
mechanical_design,p10,visible_repeat,none,embedding,0.0,0.39140999713648894,0.39140999713648894,15,2,13,True,True,False,False,0.6934718831930831
mechanical_design,p10,hidden_keywords,none,keyword,0.0,0.9285714285714286,0.9285714285714286,15,1,14,True,True,True,True,1.1304347826086958
mechanical_design,p10,hidden_keywords,none,tfidf,0.0028003902657760993,0.28226961800570927,0.27946922773993316,15,1,14,True,True,True,True,1.0295497846587256
mechanical_design,p10,hidden_keywords,none,embedding,0.0,0.34206441780492913,0.34206441780492913,15,2,13,True,True,False,False,0.606044959822044
mechanical_design,p10,hidden_keywords,drop_invisible,keyword,0.0,0.0,0.0,15,15,0,False,True,False,False,0.0
mechanical_design,p10,hidden_keywords,drop_invisible,tfidf,0.0028003902657760993,0.0028003902657760993,0.0,15,15,0,False,True,False,False,0.010214139288032973
mechanical_design,p10,hidden_keywords,drop_invisible,embedding,0.0,0.0,0.0,15,15,0,False,True,False,False,0.0
mechanical_design,p10,hidden_jd,none,keyword,0.0,1.0,1.0,15,1,14,True,True,True,True,1.2173913043478262
mechanical_design,p10,hidden_jd,none,tfidf,0.0028003902657760993,0.6754688443641822,0.6726684540984061,15,1,14,True,True,True,True,2.4637040577450886
mechanical_design,p10,hidden_jd,none,embedding,0.0,0.522232755285094,0.522232755285094,15,2,13,True,True,False,False,0.9252541706194074
mechanical_design,p10,hidden_jd,drop_invisible,keyword,0.0,0.0,0.0,15,15,0,False,True,False,False,0.0
mechanical_design,p10,hidden_jd,drop_invisible,tfidf,0.0028003902657760993,0.0028003902657760993,0.0,15,15,0,False,True,False,False,0.010214139288032973
mechanical_design,p10,hidden_jd,drop_invisible,embedding,0.0,0.0,0.0,15,15,0,False,True,False,False,0.0
mechanical_design,p11,visible_repeat,none,keyword,0.07142857142857142,0.9285714285714286,0.8571428571428572,5,1,4,False,False,True,True,1.1304347826086958
mechanical_design,p11,visible_repeat,none,tfidf,0.007850639963836734,0.2706522042953168,0.26280156433148005,12,2,10,True,True,False,False,0.9871764471797201
mechanical_design,p11,visible_repeat,none,embedding,0.027833930101201717,0.403100412794345,0.3752664826931433,12,2,10,True,True,False,False,0.7141841149216364
mechanical_design,p11,hidden_keywords,none,keyword,0.07142857142857142,0.9285714285714286,0.8571428571428572,5,1,4,False,False,True,True,1.1304347826086958
mechanical_design,p11,hidden_keywords,none,tfidf,0.007850639963836734,0.2706522042953168,0.26280156433148005,12,2,10,True,True,False,False,0.9871764471797201
mechanical_design,p11,hidden_keywords,none,embedding,0.027833930101201717,0.35437092386281327,0.32653699376161155,12,2,10,True,True,False,False,0.6278487358980853
mechanical_design,p11,hidden_keywords,drop_invisible,keyword,0.07142857142857142,0.07142857142857142,0.0,5,5,0,False,False,False,False,0.08695652173913043
mechanical_design,p11,hidden_keywords,drop_invisible,tfidf,0.007850639963836734,0.007850639963836734,0.0,12,12,0,False,True,False,False,0.02863441252128599
mechanical_design,p11,hidden_keywords,drop_invisible,embedding,0.027833930101201717,0.027833930101201717,0.0,12,12,0,False,True,False,False,0.04931414134834722
mechanical_design,p11,hidden_jd,none,keyword,0.07142857142857142,1.0,0.9285714285714286,5,1,4,False,False,True,True,1.2173913043478262
mechanical_design,p11,hidden_jd,none,tfidf,0.007850639963836734,0.6414336540249975,0.6335830140611608,12,1,11,True,True,True,True,2.3395641551509043
mechanical_design,p11,hidden_jd,none,embedding,0.027833930101201717,0.5360528796925944,0.5082189495913927,12,2,10,True,True,False,False,0.9497396660562804
mechanical_design,p11,hidden_jd,drop_invisible,keyword,0.07142857142857142,0.07142857142857142,0.0,5,5,0,False,False,False,False,0.08695652173913043
mechanical_design,p11,hidden_jd,drop_invisible,tfidf,0.007850639963836734,0.007850639963836734,0.0,12,12,0,False,True,False,False,0.02863441252128599
mechanical_design,p11,hidden_jd,drop_invisible,embedding,0.027833930101201717,0.027833930101201717,0.0,12,12,0,False,True,False,False,0.04931414134834722
mechanical_design,p12,visible_repeat,none,keyword,0.8214285714285714,0.9642857142857143,0.1428571428571429,1,1,0,False,False,False,True,2.7
mechanical_design,p12,visible_repeat,none,tfidf,0.27416801228245197,0.3986549122807212,0.12448689999826923,1,1,0,False,False,False,True,3.6738936945572913
mechanical_design,p12,visible_repeat,none,embedding,0.5644208606328006,0.710899613964332,0.14647875333153138,1,1,0,False,False,False,True,2.531922344151562
mechanical_design,p12,hidden_keywords,none,keyword,0.8214285714285714,0.9642857142857143,0.1428571428571429,1,1,0,False,False,False,True,2.7
mechanical_design,p12,hidden_keywords,none,tfidf,0.27416801228245197,0.3986549122807212,0.12448689999826923,1,1,0,False,False,False,True,3.6738936945572913
mechanical_design,p12,hidden_keywords,none,embedding,0.5644208606328006,0.6955346710932855,0.13111381046048487,1,1,0,False,False,False,True,2.4771989466315194
mechanical_design,p12,hidden_keywords,drop_invisible,keyword,0.8214285714285714,0.8214285714285714,0.0,1,1,0,False,False,False,True,2.3
mechanical_design,p12,hidden_keywords,drop_invisible,tfidf,0.27416801228245197,0.27416801228245197,0.0,1,1,0,False,False,False,True,2.5266567664028186
mechanical_design,p12,hidden_keywords,drop_invisible,embedding,0.5644208606328006,0.5644208606328006,0.0,1,1,0,False,False,False,True,2.0102272676338004
mechanical_design,p12,hidden_jd,none,keyword,0.8214285714285714,1.0,0.1785714285714286,1,1,0,False,False,False,True,2.8
mechanical_design,p12,hidden_jd,none,tfidf,0.27416801228245197,0.7490751469907327,0.4749071347082808,1,1,0,False,False,False,True,6.903269907134456
mechanical_design,p12,hidden_jd,none,embedding,0.5644208606328006,0.814143148222286,0.24972228758948534,1,1,0,False,False,False,True,2.899631942162409
mechanical_design,p12,hidden_jd,drop_invisible,keyword,0.8214285714285714,0.8214285714285714,0.0,1,1,0,False,False,False,True,2.3
mechanical_design,p12,hidden_jd,drop_invisible,tfidf,0.27416801228245197,0.27416801228245197,0.0,1,1,0,False,False,False,True,2.5266567664028186
mechanical_design,p12,hidden_jd,drop_invisible,embedding,0.5644208606328006,0.5644208606328006,0.0,1,1,0,False,False,False,True,2.0102272676338004
mechanical_design,p13,visible_repeat,none,keyword,0.2857142857142857,0.9285714285714286,0.6428571428571429,3,1,2,False,False,True,True,1.1304347826086958
mechanical_design,p13,visible_repeat,none,tfidf,0.1085101925707079,0.33390968513925534,0.22539949256854744,2,1,1,False,False,True,True,1.2179016886742302
mechanical_design,p13,visible_repeat,none,embedding,0.25090995046630316,0.5470740094563159,0.29616405899001275,3,2,1,False,False,False,False,0.9692661055138247
mechanical_design,p13,hidden_keywords,none,keyword,0.2857142857142857,0.9285714285714286,0.6428571428571429,3,1,2,False,False,True,True,1.1304347826086958
mechanical_design,p13,hidden_keywords,none,tfidf,0.1085101925707079,0.33390968513925534,0.22539949256854744,2,1,1,False,False,True,True,1.2179016886742302
mechanical_design,p13,hidden_keywords,none,embedding,0.25090995046630316,0.5086369286300706,0.25772697816376744,3,2,1,False,False,False,False,0.9011660696945399
mechanical_design,p13,hidden_keywords,drop_invisible,keyword,0.2857142857142857,0.2857142857142857,0.0,3,3,0,False,False,False,False,0.34782608695652173
mechanical_design,p13,hidden_keywords,drop_invisible,tfidf,0.1085101925707079,0.1085101925707079,0.0,2,2,0,False,False,False,False,0.3957799149045845
mechanical_design,p13,hidden_keywords,drop_invisible,embedding,0.25090995046630316,0.25090995046630316,0.0,3,3,0,False,False,False,False,0.44454407688793673
mechanical_design,p13,hidden_jd,none,keyword,0.2857142857142857,1.0,0.7142857142857143,3,1,2,False,False,True,True,1.2173913043478262
mechanical_design,p13,hidden_jd,none,tfidf,0.1085101925707079,0.7011340093260636,0.5926238167553557,2,1,1,False,False,True,True,2.5573151422338247
mechanical_design,p13,hidden_jd,none,embedding,0.25090995046630316,0.677039685480435,0.42612973501413187,3,1,2,False,False,True,True,1.19952987691024
mechanical_design,p13,hidden_jd,drop_invisible,keyword,0.2857142857142857,0.2857142857142857,0.0,3,3,0,False,False,False,False,0.34782608695652173
mechanical_design,p13,hidden_jd,drop_invisible,tfidf,0.1085101925707079,0.1085101925707079,0.0,2,2,0,False,False,False,False,0.3957799149045845
mechanical_design,p13,hidden_jd,drop_invisible,embedding,0.25090995046630316,0.25090995046630316,0.0,3,3,0,False,False,False,False,0.44454407688793673
mechanical_design,p14,visible_repeat,none,keyword,0.35714285714285715,0.9285714285714286,0.5714285714285714,2,1,1,False,False,True,True,1.1304347826086958
mechanical_design,p14,visible_repeat,none,tfidf,0.09574235223687497,0.3183759954701204,0.22263364323324544,3,1,2,False,False,True,True,1.1612441320912548
mechanical_design,p14,visible_repeat,none,embedding,0.28077465156323816,0.5706025412865395,0.28982788972330137,2,1,1,False,False,True,True,1.0109522540446296
mechanical_design,p14,hidden_keywords,none,keyword,0.35714285714285715,0.9285714285714286,0.5714285714285714,2,1,1,False,False,True,True,1.1304347826086958
mechanical_design,p14,hidden_keywords,none,tfidf,0.09574235223687497,0.3183759954701204,0.22263364323324544,3,1,2,False,False,True,True,1.1612441320912548
mechanical_design,p14,hidden_keywords,none,embedding,0.28077465156323816,0.544070792709421,0.2632961411461829,2,2,0,False,False,False,False,0.9639452236039538
mechanical_design,p14,hidden_keywords,drop_invisible,keyword,0.35714285714285715,0.35714285714285715,0.0,2,2,0,False,False,False,False,0.4347826086956522
mechanical_design,p14,hidden_keywords,drop_invisible,tfidf,0.09574235223687497,0.09574235223687497,0.0,3,3,0,False,False,False,False,0.3492105130712323
mechanical_design,p14,hidden_keywords,drop_invisible,embedding,0.28077465156323816,0.28077465156323816,0.0,2,2,0,False,False,False,False,0.4974561911982622
mechanical_design,p14,hidden_jd,none,keyword,0.35714285714285715,1.0,0.6428571428571428,2,1,1,False,False,True,True,1.2173913043478262
mechanical_design,p14,hidden_jd,none,tfidf,0.09574235223687497,0.6773224626905933,0.5815801104537183,3,1,2,False,False,True,True,2.470464942470406
mechanical_design,p14,hidden_jd,none,embedding,0.28077465156323816,0.7024214996881444,0.4216468481249062,2,1,1,False,False,True,True,1.2444995369246705
mechanical_design,p14,hidden_jd,drop_invisible,keyword,0.35714285714285715,0.35714285714285715,0.0,2,2,0,False,False,False,False,0.4347826086956522
mechanical_design,p14,hidden_jd,drop_invisible,tfidf,0.09574235223687497,0.09574235223687497,0.0,3,3,0,False,False,False,False,0.3492105130712323
mechanical_design,p14,hidden_jd,drop_invisible,embedding,0.28077465156323816,0.28077465156323816,0.0,2,2,0,False,False,False,False,0.4974561911982622
mechanical_design,p15,visible_repeat,none,keyword,0.14285714285714285,0.9285714285714286,0.7857142857142858,4,1,3,False,False,True,True,1.1304347826086958
mechanical_design,p15,visible_repeat,none,tfidf,0.029807893431842043,0.29599061945999533,0.2661827260281533,4,1,3,False,False,True,True,1.079595744944386
mechanical_design,p15,visible_repeat,none,embedding,0.07864750720977655,0.42702590563639947,0.34837839842662294,6,2,4,True,True,False,False,0.7565735702214111
mechanical_design,p15,hidden_keywords,none,keyword,0.14285714285714285,0.9285714285714286,0.7857142857142858,4,1,3,False,False,True,True,1.1304347826086958
mechanical_design,p15,hidden_keywords,none,tfidf,0.029807893431842043,0.29599061945999533,0.2661827260281533,4,1,3,False,False,True,True,1.079595744944386
mechanical_design,p15,hidden_keywords,none,embedding,0.07864750720977655,0.3834607641472521,0.3048132569374756,6,2,4,True,True,False,False,0.6793880079438152
mechanical_design,p15,hidden_keywords,drop_invisible,keyword,0.14285714285714285,0.14285714285714285,0.0,4,4,0,False,False,False,False,0.17391304347826086
mechanical_design,p15,hidden_keywords,drop_invisible,tfidf,0.029807893431842043,0.029807893431842043,0.0,4,4,0,False,False,False,False,0.10872126614513114
mechanical_design,p15,hidden_keywords,drop_invisible,embedding,0.07864750720977655,0.07864750720977655,0.0,6,6,0,False,True,False,False,0.1393419568539704
mechanical_design,p15,hidden_jd,none,keyword,0.14285714285714285,1.0,0.8571428571428572,4,1,3,False,False,True,True,1.2173913043478262
mechanical_design,p15,hidden_jd,none,tfidf,0.029807893431842043,0.6864090613845278,0.6566011679526857,4,1,3,False,False,True,True,2.5036073890245776
mechanical_design,p15,hidden_jd,none,embedding,0.07864750720977655,0.5598633778690427,0.4812158706592662,6,2,4,True,True,False,False,0.9919253821365704
mechanical_design,p15,hidden_jd,drop_invisible,keyword,0.14285714285714285,0.14285714285714285,0.0,4,4,0,False,False,False,False,0.17391304347826086
mechanical_design,p15,hidden_jd,drop_invisible,tfidf,0.029807893431842043,0.029807893431842043,0.0,4,4,0,False,False,False,False,0.10872126614513114
mechanical_design,p15,hidden_jd,drop_invisible,embedding,0.07864750720977655,0.07864750720977655,0.0,6,6,0,False,True,False,False,0.1393419568539704
mechanical_design,p16,visible_repeat,none,keyword,0.07142857142857142,0.9285714285714286,0.8571428571428572,5,1,4,False,False,True,True,1.1304347826086958
mechanical_design,p16,visible_repeat,none,tfidf,0.012237694047341008,0.2811044249868195,0.2688667309394785,8,1,7,True,True,True,True,1.0252998613755915
mechanical_design,p16,visible_repeat,none,embedding,0.05973866707466945,0.4438987929768675,0.38416012590219806,7,2,5,True,True,False,False,0.7864677299120204
mechanical_design,p16,hidden_keywords,none,keyword,0.07142857142857142,0.9285714285714286,0.8571428571428572,5,1,4,False,False,True,True,1.1304347826086958
mechanical_design,p16,hidden_keywords,none,tfidf,0.012237694047341008,0.2811044249868195,0.2688667309394785,8,1,7,True,True,True,True,1.0252998613755915
mechanical_design,p16,hidden_keywords,none,embedding,0.05973866707466945,0.3943328572706368,0.33459419019596737,7,2,5,True,True,False,False,0.6986503950766993
mechanical_design,p16,hidden_keywords,drop_invisible,keyword,0.07142857142857142,0.07142857142857142,0.0,5,5,0,False,False,False,False,0.08695652173913043
mechanical_design,p16,hidden_keywords,drop_invisible,tfidf,0.012237694047341008,0.012237694047341008,0.0,8,8,0,False,True,False,False,0.04463574705693075
mechanical_design,p16,hidden_keywords,drop_invisible,embedding,0.05973866707466945,0.05973866707466945,0.0,7,7,0,False,True,False,False,0.10584064346539819
mechanical_design,p16,hidden_jd,none,keyword,0.07142857142857142,1.0,0.9285714285714286,5,1,4,False,False,True,True,1.2173913043478262
mechanical_design,p16,hidden_jd,none,tfidf,0.012237694047341008,0.6618685319006294,0.6496308378532885,8,1,7,True,True,True,True,2.4140982983046273
mechanical_design,p16,hidden_jd,none,embedding,0.05973866707466945,0.566617340244275,0.5068786731696056,7,1,6,True,True,True,True,1.0038915634851124
mechanical_design,p16,hidden_jd,drop_invisible,keyword,0.07142857142857142,0.07142857142857142,0.0,5,5,0,False,False,False,False,0.08695652173913043
mechanical_design,p16,hidden_jd,drop_invisible,tfidf,0.012237694047341008,0.012237694047341008,0.0,8,8,0,False,True,False,False,0.04463574705693075
mechanical_design,p16,hidden_jd,drop_invisible,embedding,0.05973866707466945,0.05973866707466945,0.0,7,7,0,False,True,False,False,0.10584064346539819
ml_intern,p01,visible_repeat,none,keyword,0.8571428571428571,0.9285714285714286,0.07142857142857151,1,1,0,False,False,False,True,1.4444444444444444
ml_intern,p01,visible_repeat,none,tfidf,0.16494784930928771,0.2861784765070472,0.12123062719775948,1,1,0,False,False,False,True,2.301962066697909
ml_intern,p01,visible_repeat,none,embedding,0.43481260153206314,0.6117718628526748,0.17695926132061168,1,1,0,False,False,False,True,1.7492901494459616
ml_intern,p01,hidden_keywords,none,keyword,0.8571428571428571,0.9285714285714286,0.07142857142857151,1,1,0,False,False,False,True,1.4444444444444444
ml_intern,p01,hidden_keywords,none,tfidf,0.16494784930928771,0.2861784765070472,0.12123062719775948,1,1,0,False,False,False,True,2.301962066697909
ml_intern,p01,hidden_keywords,none,embedding,0.43481260153206314,0.5973729571878796,0.1625603556558165,1,1,0,False,False,False,True,1.7081181613705743
ml_intern,p01,hidden_keywords,drop_invisible,keyword,0.8571428571428571,0.8571428571428571,0.0,1,1,0,False,False,False,True,1.3333333333333333
ml_intern,p01,hidden_keywords,drop_invisible,tfidf,0.16494784930928771,0.16494784930928771,0.0,1,1,0,False,False,False,True,1.3268073012612915
ml_intern,p01,hidden_keywords,drop_invisible,embedding,0.43481260153206314,0.43481260153206314,0.0,1,1,0,False,False,False,True,1.2432958213676115
ml_intern,p01,hidden_jd,none,keyword,0.8571428571428571,1.0,0.1428571428571429,1,1,0,False,False,False,True,1.5555555555555554
ml_intern,p01,hidden_jd,none,tfidf,0.16494784930928771,0.7320540737724376,0.5671062244631498,1,1,0,False,False,False,True,5.8884956309924545
ml_intern,p01,hidden_jd,none,embedding,0.43481260153206314,0.8057085102112944,0.3708959086792313,1,1,0,False,False,False,True,2.303829328902644
ml_intern,p01,hidden_jd,drop_invisible,keyword,0.8571428571428571,0.8571428571428571,0.0,1,1,0,False,False,False,True,1.3333333333333333
ml_intern,p01,hidden_jd,drop_invisible,tfidf,0.16494784930928771,0.16494784930928771,0.0,1,1,0,False,False,False,True,1.3268073012612915
ml_intern,p01,hidden_jd,drop_invisible,embedding,0.43481260153206314,0.43481260153206314,0.0,1,1,0,False,False,False,True,1.2432958213676115
ml_intern,p02,visible_repeat,none,keyword,0.5714285714285714,0.9285714285714286,0.3571428571428572,3,1,2,False,False,True,True,1.0833333333333335
ml_intern,p02,visible_repeat,none,tfidf,0.07689943894112987,0.25971700999468456,0.18281757105355467,4,1,3,False,False,True,True,1.5745401415189029
ml_intern,p02,visible_repeat,none,embedding,0.19623884333096098,0.48581213354891145,0.2895732902179505,5,1,4,False,False,True,True,1.117290832503822
ml_intern,p02,hidden_keywords,none,keyword,0.5714285714285714,0.9285714285714286,0.3571428571428572,3,1,2,False,False,True,True,1.0833333333333335
ml_intern,p02,hidden_keywords,none,tfidf,0.07689943894112987,0.257666366224771,0.18076692728364113,4,1,3,False,False,True,True,1.562108068118125
ml_intern,p02,hidden_keywords,none,embedding,0.19623884333096098,0.4686914853047544,0.27245264197379343,5,1,4,False,False,True,True,1.0779160577529698
ml_intern,p02,hidden_keywords,drop_invisible,keyword,0.5714285714285714,0.5714285714285714,0.0,3,3,0,False,False,False,False,0.6666666666666666
ml_intern,p02,hidden_keywords,drop_invisible,tfidf,0.07689943894112987,0.07689943894112987,0.0,4,4,0,False,False,False,False,0.46620455655010407
ml_intern,p02,hidden_keywords,drop_invisible,embedding,0.19623884333096098,0.19623884333096098,0.0,5,5,0,False,False,False,False,0.45131820614102025
ml_intern,p02,hidden_jd,none,keyword,0.5714285714285714,1.0,0.4285714285714286,3,1,2,False,False,True,True,1.1666666666666667
ml_intern,p02,hidden_jd,none,tfidf,0.07689943894112987,0.7498644169135967,0.6729649779724669,4,1,3,False,False,True,True,4.546069682348833
ml_intern,p02,hidden_jd,none,embedding,0.19623884333096098,0.6853345367625748,0.48909569343161385,5,1,4,False,False,True,True,1.5761607054344724
ml_intern,p02,hidden_jd,drop_invisible,keyword,0.5714285714285714,0.5714285714285714,0.0,3,3,0,False,False,False,False,0.6666666666666666
ml_intern,p02,hidden_jd,drop_invisible,tfidf,0.07689943894112987,0.07689943894112987,0.0,4,4,0,False,False,False,False,0.46620455655010407
ml_intern,p02,hidden_jd,drop_invisible,embedding,0.19623884333096098,0.19623884333096098,0.0,5,5,0,False,False,False,False,0.45131820614102025
ml_intern,p03,visible_repeat,none,keyword,0.6428571428571429,0.9285714285714286,0.2857142857142857,2,1,1,False,False,True,True,1.0833333333333335
ml_intern,p03,visible_repeat,none,tfidf,0.10135314501138486,0.26581669308035377,0.1644635480689689,3,1,2,False,False,True,True,1.6115196057023486
ml_intern,p03,visible_repeat,none,embedding,0.262135089852577,0.5388415915764316,0.27670650172385464,3,1,2,False,False,True,True,1.2392501727820724
ml_intern,p03,hidden_keywords,none,keyword,0.6428571428571429,0.9285714285714286,0.2857142857142857,2,1,1,False,False,True,True,1.0833333333333335
ml_intern,p03,hidden_keywords,none,tfidf,0.10135314501138486,0.26581669308035377,0.1644635480689689,3,1,2,False,False,True,True,1.6115196057023486
ml_intern,p03,hidden_keywords,none,embedding,0.262135089852577,0.524525842588392,0.26239075273581497,3,1,2,False,False,True,True,1.2063262213197687
ml_intern,p03,hidden_keywords,drop_invisible,keyword,0.6428571428571429,0.6428571428571429,0.0,2,2,0,False,False,False,False,0.7500000000000001
ml_intern,p03,hidden_keywords,drop_invisible,tfidf,0.10135314501138486,0.10135314501138486,0.0,3,3,0,False,False,False,False,0.6144556927283196
ml_intern,p03,hidden_keywords,drop_invisible,embedding,0.262135089852577,0.262135089852577,0.0,3,3,0,False,False,False,False,0.6028691186247672
ml_intern,p03,hidden_jd,none,keyword,0.6428571428571429,1.0,0.3571428571428571,2,1,1,False,False,True,True,1.1666666666666667
ml_intern,p03,hidden_jd,none,tfidf,0.10135314501138486,0.7302114489299009,0.628858303918516,3,1,2,False,False,True,True,4.426923127446833
ml_intern,p03,hidden_jd,none,embedding,0.262135089852577,0.7347704310494761,0.47263534119689915,3,1,2,False,False,True,True,1.6898554192323565
ml_intern,p03,hidden_jd,drop_invisible,keyword,0.6428571428571429,0.6428571428571429,0.0,2,2,0,False,False,False,False,0.7500000000000001
ml_intern,p03,hidden_jd,drop_invisible,tfidf,0.10135314501138486,0.10135314501138486,0.0,3,3,0,False,False,False,False,0.6144556927283196
ml_intern,p03,hidden_jd,drop_invisible,embedding,0.262135089852577,0.262135089852577,0.0,3,3,0,False,False,False,False,0.6028691186247672
ml_intern,p04,visible_repeat,none,keyword,0.5,0.9285714285714286,0.4285714285714286,4,1,3,False,False,True,True,1.0833333333333335
ml_intern,p04,visible_repeat,none,tfidf,0.04072169142637579,0.24043909305100836,0.19971740162463256,6,1,5,True,True,True,True,1.4576673418770667
ml_intern,p04,visible_repeat,none,embedding,0.197830668640781,0.5280517758428319,0.3302211072020509,4,1,3,False,False,True,True,1.2144353084115787
ml_intern,p04,hidden_keywords,none,keyword,0.5,0.9285714285714286,0.4285714285714286,4,1,3,False,False,True,True,1.0833333333333335
ml_intern,p04,hidden_keywords,none,tfidf,0.04072169142637579,0.24043909305100836,0.19971740162463256,6,1,5,True,True,True,True,1.4576673418770667
ml_intern,p04,hidden_keywords,none,embedding,0.197830668640781,0.5060271743726843,0.30819650573190327,4,1,3,False,False,True,True,1.1637822192588174
ml_intern,p04,hidden_keywords,drop_invisible,keyword,0.5,0.5,0.0,4,4,0,False,False,False,False,0.5833333333333334
ml_intern,p04,hidden_keywords,drop_invisible,tfidf,0.04072169142637579,0.04072169142637579,0.0,6,6,0,False,True,False,False,0.24687615871862645
ml_intern,p04,hidden_keywords,drop_invisible,embedding,0.197830668640781,0.197830668640781,0.0,4,4,0,False,False,False,False,0.45497915180867393
ml_intern,p04,hidden_jd,none,keyword,0.5,1.0,0.5,4,1,3,False,False,True,True,1.1666666666666667
ml_intern,p04,hidden_jd,none,tfidf,0.04072169142637579,0.7511492355386303,0.7104275441122545,6,1,5,True,True,True,True,4.5538589237994715
ml_intern,p04,hidden_jd,none,embedding,0.197830668640781,0.7335414518516418,0.5357107832108607,4,1,3,False,False,True,True,1.6870289620563133
ml_intern,p04,hidden_jd,drop_invisible,keyword,0.5,0.5,0.0,4,4,0,False,False,False,False,0.5833333333333334
ml_intern,p04,hidden_jd,drop_invisible,tfidf,0.04072169142637579,0.04072169142637579,0.0,6,6,0,False,True,False,False,0.24687615871862645
ml_intern,p04,hidden_jd,drop_invisible,embedding,0.197830668640781,0.197830668640781,0.0,4,4,0,False,False,False,False,0.45497915180867393
ml_intern,p05,visible_repeat,none,keyword,0.5,0.9285714285714286,0.4285714285714286,4,1,3,False,False,True,True,1.0833333333333335
ml_intern,p05,visible_repeat,none,tfidf,0.12431937113436498,0.2960898891851292,0.1717705180507642,2,1,1,False,False,True,True,1.7950515294682128
ml_intern,p05,visible_repeat,none,embedding,0.3497257805095606,0.6042729208528154,0.25454714034325476,2,1,1,False,False,True,True,1.3897318493614454
ml_intern,p05,hidden_keywords,none,keyword,0.5,0.9285714285714286,0.4285714285714286,4,1,3,False,False,True,True,1.0833333333333335
ml_intern,p05,hidden_keywords,none,tfidf,0.12431937113436498,0.2960898891851292,0.1717705180507642,2,1,1,False,False,True,True,1.7950515294682128
ml_intern,p05,hidden_keywords,none,embedding,0.3497257805095606,0.5871505060819118,0.23742472557235117,2,1,1,False,False,True,True,1.3503530118793377
ml_intern,p05,hidden_keywords,drop_invisible,keyword,0.5,0.5,0.0,4,4,0,False,False,False,False,0.5833333333333334
ml_intern,p05,hidden_keywords,drop_invisible,tfidf,0.12431937113436498,0.12431937113436498,0.0,2,2,0,False,False,False,False,0.7536889486886139
ml_intern,p05,hidden_keywords,drop_invisible,embedding,0.3497257805095606,0.3497257805095606,0.0,2,2,0,False,False,False,False,0.8043138107711254
ml_intern,p05,hidden_jd,none,keyword,0.5,1.0,0.5,4,1,3,False,False,True,True,1.1666666666666667
ml_intern,p05,hidden_jd,none,tfidf,0.12431937113436498,0.7811175022587395,0.6567981311243746,2,1,1,False,False,True,True,4.7355422063981845
ml_intern,p05,hidden_jd,none,embedding,0.3497257805095606,0.7600805293838244,0.4103547488742638,2,1,1,False,False,True,True,1.7480646299248896
ml_intern,p05,hidden_jd,drop_invisible,keyword,0.5,0.5,0.0,4,4,0,False,False,False,False,0.5833333333333334
ml_intern,p05,hidden_jd,drop_invisible,tfidf,0.12431937113436498,0.12431937113436498,0.0,2,2,0,False,False,False,False,0.7536889486886139
ml_intern,p05,hidden_jd,drop_invisible,embedding,0.3497257805095606,0.3497257805095606,0.0,2,2,0,False,False,False,False,0.8043138107711254
ml_intern,p06,visible_repeat,none,keyword,0.0,0.9285714285714286,0.9285714285714286,13,1,12,True,True,True,True,1.0833333333333335
ml_intern,p06,visible_repeat,none,tfidf,0.01039305191266373,0.21534292676837488,0.20494987485571114,16,1,15,True,True,True,True,1.3055212763919897
ml_intern,p06,visible_repeat,none,embedding,0.04031447867300585,0.4001382470256059,0.35982376835260005,15,2,13,True,True,False,False,0.9202544857617234
ml_intern,p06,hidden_keywords,none,keyword,0.0,0.9285714285714286,0.9285714285714286,13,1,12,True,True,True,True,1.0833333333333335
ml_intern,p06,hidden_keywords,none,tfidf,0.01039305191266373,0.21534292676837488,0.20494987485571114,16,1,15,True,True,True,True,1.3055212763919897
ml_intern,p06,hidden_keywords,none,embedding,0.04031447867300585,0.3714349439725827,0.33112046529957684,15,2,13,True,True,False,False,0.8542414425521038
ml_intern,p06,hidden_keywords,drop_invisible,keyword,0.0,0.0,0.0,13,13,0,False,True,False,False,0.0
ml_intern,p06,hidden_keywords,drop_invisible,tfidf,0.01039305191266373,0.01039305191266373,0.0,16,16,0,False,True,False,False,0.06300810805466214
ml_intern,p06,hidden_keywords,drop_invisible,embedding,0.04031447867300585,0.04031447867300585,0.0,15,15,0,False,True,False,False,0.09271690500909519
ml_intern,p06,hidden_jd,none,keyword,0.0,1.0,1.0,13,1,12,True,True,True,True,1.1666666666666667
ml_intern,p06,hidden_jd,none,tfidf,0.01039305191266373,0.7188179718620102,0.7084249199493465,16,1,15,True,True,True,True,4.357849919668736
ml_intern,p06,hidden_jd,none,embedding,0.04031447867300585,0.6103966615574018,0.5700821828843959,15,1,14,True,True,True,True,1.403815481443426
ml_intern,p06,hidden_jd,drop_invisible,keyword,0.0,0.0,0.0,13,13,0,False,True,False,False,0.0
ml_intern,p06,hidden_jd,drop_invisible,tfidf,0.01039305191266373,0.01039305191266373,0.0,16,16,0,False,True,False,False,0.06300810805466214
ml_intern,p06,hidden_jd,drop_invisible,embedding,0.04031447867300585,0.04031447867300585,0.0,15,15,0,False,True,False,False,0.09271690500909519
ml_intern,p07,visible_repeat,none,keyword,0.14285714285714285,0.9285714285714286,0.7857142857142858,7,1,6,True,True,True,True,1.0833333333333335
ml_intern,p07,visible_repeat,none,tfidf,0.02194257715935112,0.2167923848250448,0.19484980766569365,8,1,7,True,True,True,True,1.314308648053636
ml_intern,p07,visible_repeat,none,embedding,0.08725993078235651,0.4399535229312689,0.3526935921489124,9,1,8,True,True,True,True,1.0118233036050281
ml_intern,p07,hidden_keywords,none,keyword,0.14285714285714285,0.9285714285714286,0.7857142857142858,7,1,6,True,True,True,True,1.0833333333333335
ml_intern,p07,hidden_keywords,none,tfidf,0.02194257715935112,0.2167923848250448,0.19484980766569365,8,1,7,True,True,True,True,1.314308648053636
ml_intern,p07,hidden_keywords,none,embedding,0.08725993078235651,0.412637294357954,0.3253773635755975,9,2,7,True,True,False,False,0.9490003116377621
ml_intern,p07,hidden_keywords,drop_invisible,keyword,0.14285714285714285,0.14285714285714285,0.0,7,7,0,False,True,False,False,0.16666666666666666
ml_intern,p07,hidden_keywords,drop_invisible,tfidf,0.02194257715935112,0.02194257715935112,0.0,8,8,0,False,True,False,False,0.13302736138261126
ml_intern,p07,hidden_keywords,drop_invisible,embedding,0.08725993078235651,0.08725993078235651,0.0,9,9,0,False,True,False,False,0.20068399691015384
ml_intern,p07,hidden_jd,none,keyword,0.14285714285714285,1.0,0.8571428571428572,7,1,6,True,True,True,True,1.1666666666666667
ml_intern,p07,hidden_jd,none,tfidf,0.02194257715935112,0.7031564361917078,0.6812138590323567,8,1,7,True,True,True,True,4.262901511818106
ml_intern,p07,hidden_jd,none,embedding,0.08725993078235651,0.6422671868141694,0.5550072560318129,9,1,8,True,True,True,True,1.4771126332381803
ml_intern,p07,hidden_jd,drop_invisible,keyword,0.14285714285714285,0.14285714285714285,0.0,7,7,0,False,True,False,False,0.16666666666666666
ml_intern,p07,hidden_jd,drop_invisible,tfidf,0.02194257715935112,0.02194257715935112,0.0,8,8,0,False,True,False,False,0.13302736138261126
ml_intern,p07,hidden_jd,drop_invisible,embedding,0.08725993078235651,0.08725993078235651,0.0,9,9,0,False,True,False,False,0.20068399691015384
ml_intern,p08,visible_repeat,none,keyword,0.0,0.9285714285714286,0.9285714285714286,13,1,12,True,True,True,True,1.0833333333333335
ml_intern,p08,visible_repeat,none,tfidf,0.011042182851326375,0.2024100304557182,0.19136784760439182,15,1,14,True,True,True,True,1.2271153052513375
ml_intern,p08,visible_repeat,none,embedding,0.019000472469506157,0.36488084956750916,0.345880377098003,16,2,14,True,True,False,False,0.8391680652351167
ml_intern,p08,hidden_keywords,none,keyword,0.0,0.9285714285714286,0.9285714285714286,13,1,12,True,True,True,True,1.0833333333333335
ml_intern,p08,hidden_keywords,none,tfidf,0.011042182851326375,0.2024100304557182,0.19136784760439182,15,1,14,True,True,True,True,1.2271153052513375
ml_intern,p08,hidden_keywords,none,embedding,0.019000472469506157,0.33744542073134837,0.3184449482618422,16,3,13,True,True,False,False,0.776070931574565
ml_intern,p08,hidden_keywords,drop_invisible,keyword,0.0,0.0,0.0,13,13,0,False,True,False,False,0.0
ml_intern,p08,hidden_keywords,drop_invisible,tfidf,0.011042182851326375,0.011042182851326375,0.0,15,15,0,False,True,False,False,0.06694347878778086
ml_intern,p08,hidden_keywords,drop_invisible,embedding,0.019000472469506157,0.019000472469506157,0.0,16,16,0,False,True,False,False,0.043698072232860666
ml_intern,p08,hidden_jd,none,keyword,0.0,1.0,1.0,13,1,12,True,True,True,True,1.1666666666666667
ml_intern,p08,hidden_jd,none,tfidf,0.011042182851326375,0.6818787861212227,0.6708366032698962,15,1,14,True,True,True,True,4.13390528568006
ml_intern,p08,hidden_jd,none,embedding,0.019000472469506157,0.5777274043096833,0.5587269318401771,16,1,15,True,True,True,True,1.328681372789242
ml_intern,p08,hidden_jd,drop_invisible,keyword,0.0,0.0,0.0,13,13,0,False,True,False,False,0.0
ml_intern,p08,hidden_jd,drop_invisible,tfidf,0.011042182851326375,0.011042182851326375,0.0,15,15,0,False,True,False,False,0.06694347878778086
ml_intern,p08,hidden_jd,drop_invisible,embedding,0.019000472469506157,0.019000472469506157,0.0,16,16,0,False,True,False,False,0.043698072232860666
ml_intern,p09,visible_repeat,none,keyword,0.14285714285714285,0.9285714285714286,0.7857142857142858,7,1,6,True,True,True,True,1.0833333333333335
ml_intern,p09,visible_repeat,none,tfidf,0.016762032088208843,0.2230890980602407,0.20632706597203185,9,1,8,True,True,True,True,1.3524826118947113
ml_intern,p09,visible_repeat,none,embedding,0.08959009985122794,0.461269819219609,0.37167971936838107,7,1,6,True,True,True,True,1.0608474032130712
ml_intern,p09,hidden_keywords,none,keyword,0.14285714285714285,0.9285714285714286,0.7857142857142858,7,1,6,True,True,True,True,1.0833333333333335
ml_intern,p09,hidden_keywords,none,tfidf,0.016762032088208843,0.2230890980602407,0.20632706597203185,9,1,8,True,True,True,True,1.3524826118947113
ml_intern,p09,hidden_keywords,none,embedding,0.08959009985122794,0.43336791941846664,0.3437778195672387,7,2,5,True,True,False,False,0.9966774603392217
ml_intern,p09,hidden_keywords,drop_invisible,keyword,0.14285714285714285,0.14285714285714285,0.0,7,7,0,False,True,False,False,0.16666666666666666
ml_intern,p09,hidden_keywords,drop_invisible,tfidf,0.016762032088208843,0.016762032088208843,0.0,9,9,0,False,True,False,False,0.10162019182668436
ml_intern,p09,hidden_keywords,drop_invisible,embedding,0.08959009985122794,0.08959009985122794,0.0,7,7,0,False,True,False,False,0.20604301608453165
ml_intern,p09,hidden_jd,none,keyword,0.14285714285714285,1.0,0.8571428571428572,7,1,6,True,True,True,True,1.1666666666666667
ml_intern,p09,hidden_jd,none,tfidf,0.016762032088208843,0.730183500740187,0.7134214686519782,9,1,8,True,True,True,True,4.426753690925951
ml_intern,p09,hidden_jd,none,embedding,0.08959009985122794,0.6672648089890267,0.5776747091377988,7,1,6,True,True,True,True,1.5346031983385895
ml_intern,p09,hidden_jd,drop_invisible,keyword,0.14285714285714285,0.14285714285714285,0.0,7,7,0,False,True,False,False,0.16666666666666666
ml_intern,p09,hidden_jd,drop_invisible,tfidf,0.016762032088208843,0.016762032088208843,0.0,9,9,0,False,True,False,False,0.10162019182668436
ml_intern,p09,hidden_jd,drop_invisible,embedding,0.08959009985122794,0.08959009985122794,0.0,7,7,0,False,True,False,False,0.20604301608453165
ml_intern,p10,visible_repeat,none,keyword,0.07142857142857142,0.9285714285714286,0.8571428571428572,12,1,11,True,True,True,True,1.0833333333333335
ml_intern,p10,visible_repeat,none,tfidf,0.023186196194259805,0.23145417553807673,0.20826797934381694,7,1,6,True,True,True,True,1.403196079896049
ml_intern,p10,visible_repeat,none,embedding,0.07264921929833786,0.4242508785469325,0.35160165924859466,11,2,9,True,True,False,False,0.9757097127638059
ml_intern,p10,hidden_keywords,none,keyword,0.07142857142857142,0.9285714285714286,0.8571428571428572,12,1,11,True,True,True,True,1.0833333333333335
ml_intern,p10,hidden_keywords,none,tfidf,0.023186196194259805,0.23145417553807673,0.20826797934381694,7,1,6,True,True,True,True,1.403196079896049
ml_intern,p10,hidden_keywords,none,embedding,0.07264921929833786,0.39510016424844896,0.3224509449501111,11,2,9,True,True,False,False,0.9086676946719408
ml_intern,p10,hidden_keywords,drop_invisible,keyword,0.07142857142857142,0.07142857142857142,0.0,12,12,0,False,True,False,False,0.08333333333333333
ml_intern,p10,hidden_keywords,drop_invisible,tfidf,0.023186196194259805,0.023186196194259805,0.0,7,7,0,False,True,False,False,0.14056682940305704
ml_intern,p10,hidden_keywords,drop_invisible,embedding,0.07264921929833786,0.07264921929833786,0.0,11,11,0,False,True,False,False,0.16708167850324065
ml_intern,p10,hidden_jd,none,keyword,0.07142857142857142,1.0,0.9285714285714286,12,1,11,True,True,True,True,1.1666666666666667
ml_intern,p10,hidden_jd,none,tfidf,0.023186196194259805,0.7453385713242665,0.7221523751300067,7,1,6,True,True,True,True,4.518631642942547
ml_intern,p10,hidden_jd,none,embedding,0.07264921929833786,0.6377811357712968,0.5651319164729589,11,1,10,True,True,True,True,1.4667954275567765
ml_intern,p10,hidden_jd,drop_invisible,keyword,0.07142857142857142,0.07142857142857142,0.0,12,12,0,False,True,False,False,0.08333333333333333
ml_intern,p10,hidden_jd,drop_invisible,tfidf,0.023186196194259805,0.023186196194259805,0.0,7,7,0,False,True,False,False,0.14056682940305704
ml_intern,p10,hidden_jd,drop_invisible,embedding,0.07264921929833786,0.07264921929833786,0.0,11,11,0,False,True,False,False,0.16708167850324065
ml_intern,p11,visible_repeat,none,keyword,0.14285714285714285,0.9285714285714286,0.7857142857142858,7,1,6,True,True,True,True,1.0833333333333335
ml_intern,p11,visible_repeat,none,tfidf,0.013460662724463933,0.21295561621779127,0.19949495349332733,11,1,10,True,True,True,True,1.291048153155886
ml_intern,p11,visible_repeat,none,embedding,0.08340003966124887,0.43107149678680867,0.3476714571255598,10,2,8,True,True,False,False,0.9913960526165234
ml_intern,p11,hidden_keywords,none,keyword,0.14285714285714285,0.9285714285714286,0.7857142857142858,7,1,6,True,True,True,True,1.0833333333333335
ml_intern,p11,hidden_keywords,none,tfidf,0.013460662724463933,0.21295561621779127,0.19949495349332733,11,1,10,True,True,True,True,1.291048153155886
ml_intern,p11,hidden_keywords,none,embedding,0.08340003966124887,0.4037498388131053,0.3203497991518564,10,2,8,True,True,False,False,0.9285605738897443
ml_intern,p11,hidden_keywords,drop_invisible,keyword,0.14285714285714285,0.14285714285714285,0.0,7,7,0,False,True,False,False,0.16666666666666666
ml_intern,p11,hidden_keywords,drop_invisible,tfidf,0.013460662724463933,0.013460662724463933,0.0,11,11,0,False,True,False,False,0.08160556673415204
ml_intern,p11,hidden_keywords,drop_invisible,embedding,0.08340003966124887,0.08340003966124887,0.0,10,10,0,False,True,False,False,0.19180685970781125
ml_intern,p11,hidden_jd,none,keyword,0.14285714285714285,1.0,0.8571428571428572,7,1,6,True,True,True,True,1.1666666666666667
ml_intern,p11,hidden_jd,none,tfidf,0.013460662724463933,0.7092750148100947,0.6958143520856308,11,1,10,True,True,True,True,4.299995530588331
ml_intern,p11,hidden_jd,none,embedding,0.08340003966124887,0.6404606830502585,0.5570606433890096,10,1,9,True,True,True,True,1.4729579611851034
ml_intern,p11,hidden_jd,drop_invisible,keyword,0.14285714285714285,0.14285714285714285,0.0,7,7,0,False,True,False,False,0.16666666666666666
ml_intern,p11,hidden_jd,drop_invisible,tfidf,0.013460662724463933,0.013460662724463933,0.0,11,11,0,False,True,False,False,0.08160556673415204
ml_intern,p11,hidden_jd,drop_invisible,embedding,0.08340003966124887,0.08340003966124887,0.0,10,10,0,False,True,False,False,0.19180685970781125
ml_intern,p12,visible_repeat,none,keyword,0.0,0.9285714285714286,0.9285714285714286,13,1,12,True,True,True,True,1.0833333333333335
ml_intern,p12,visible_repeat,none,tfidf,0.01110396972054921,0.2096746419697498,0.19857067224920058,14,1,13,True,True,True,True,1.27115717390529
ml_intern,p12,visible_repeat,none,embedding,0.05315964922419571,0.4042058144640576,0.35104616523986193,13,2,11,True,True,False,False,0.9296092455458687
ml_intern,p12,hidden_keywords,none,keyword,0.0,0.9285714285714286,0.9285714285714286,13,1,12,True,True,True,True,1.0833333333333335
ml_intern,p12,hidden_keywords,none,tfidf,0.01110396972054921,0.2096746419697498,0.19857067224920058,14,1,13,True,True,True,True,1.27115717390529
ml_intern,p12,hidden_keywords,none,embedding,0.05315964922419571,0.3760252549447323,0.32286560572053663,13,2,11,True,True,False,False,0.8647984295298861
ml_intern,p12,hidden_keywords,drop_invisible,keyword,0.0,0.0,0.0,13,13,0,False,True,False,False,0.0
ml_intern,p12,hidden_keywords,drop_invisible,tfidf,0.01110396972054921,0.01110396972054921,0.0,14,14,0,False,True,False,False,0.06731806305475715
ml_intern,p12,hidden_keywords,drop_invisible,embedding,0.05315964922419571,0.05315964922419571,0.0,13,13,0,False,True,False,False,0.12225875937561968
ml_intern,p12,hidden_jd,none,keyword,0.0,1.0,1.0,13,1,12,True,True,True,True,1.1666666666666667
ml_intern,p12,hidden_jd,none,tfidf,0.01110396972054921,0.702027998520692,0.6909240288001428,14,1,13,True,True,True,True,4.256060333374489
ml_intern,p12,hidden_jd,none,embedding,0.05315964922419571,0.612489748835762,0.5593300996115663,13,1,12,True,True,True,True,1.4086292501129292
ml_intern,p12,hidden_jd,drop_invisible,keyword,0.0,0.0,0.0,13,13,0,False,True,False,False,0.0
ml_intern,p12,hidden_jd,drop_invisible,tfidf,0.01110396972054921,0.01110396972054921,0.0,14,14,0,False,True,False,False,0.06731806305475715
ml_intern,p12,hidden_jd,drop_invisible,embedding,0.05315964922419571,0.05315964922419571,0.0,13,13,0,False,True,False,False,0.12225875937561968
ml_intern,p13,visible_repeat,none,keyword,0.14285714285714285,0.9285714285714286,0.7857142857142858,7,1,6,True,True,True,True,1.0833333333333335
ml_intern,p13,visible_repeat,none,tfidf,0.01605934654080212,0.2213226559504495,0.20526330940964738,10,1,9,True,True,True,True,1.3417735173706657
ml_intern,p13,visible_repeat,none,embedding,0.08796713300862272,0.4494173826634055,0.3614502496547828,8,1,7,True,True,True,True,1.033588679536615
ml_intern,p13,hidden_keywords,none,keyword,0.14285714285714285,0.9285714285714286,0.7857142857142858,7,1,6,True,True,True,True,1.0833333333333335
ml_intern,p13,hidden_keywords,none,tfidf,0.01605934654080212,0.2213226559504495,0.20526330940964738,10,1,9,True,True,True,True,1.3417735173706657
ml_intern,p13,hidden_keywords,none,embedding,0.08796713300862272,0.42181873674652853,0.3338516037379058,8,2,6,True,True,False,False,0.9701161724849954
ml_intern,p13,hidden_keywords,drop_invisible,keyword,0.14285714285714285,0.14285714285714285,0.0,7,7,0,False,True,False,False,0.16666666666666666
ml_intern,p13,hidden_keywords,drop_invisible,tfidf,0.01605934654080212,0.01605934654080212,0.0,10,10,0,False,True,False,False,0.09736014508858387
ml_intern,p13,hidden_keywords,drop_invisible,embedding,0.08796713300862272,0.08796713300862272,0.0,8,8,0,False,True,False,False,0.20231044983211235
ml_intern,p13,hidden_jd,none,keyword,0.14285714285714285,1.0,0.8571428571428572,7,1,6,True,True,True,True,1.1666666666666667
ml_intern,p13,hidden_jd,none,tfidf,0.01605934654080212,0.7266434588354167,0.7105841122946146,10,1,9,True,True,True,True,4.405292108252433
ml_intern,p13,hidden_jd,none,embedding,0.08796713300862272,0.6589773048752257,0.571010171866603,8,1,7,True,True,True,True,1.5155432536989906
ml_intern,p13,hidden_jd,drop_invisible,keyword,0.14285714285714285,0.14285714285714285,0.0,7,7,0,False,True,False,False,0.16666666666666666
ml_intern,p13,hidden_jd,drop_invisible,tfidf,0.01605934654080212,0.01605934654080212,0.0,10,10,0,False,True,False,False,0.09736014508858387
ml_intern,p13,hidden_jd,drop_invisible,embedding,0.08796713300862272,0.08796713300862272,0.0,8,8,0,False,True,False,False,0.20231044983211235
ml_intern,p14,visible_repeat,none,keyword,0.0,0.9285714285714286,0.9285714285714286,13,1,12,True,True,True,True,1.0833333333333335
ml_intern,p14,visible_repeat,none,tfidf,0.012234618524056606,0.21175270220723802,0.1995180836831814,13,1,12,True,True,True,True,1.283755460249671
ml_intern,p14,visible_repeat,none,embedding,0.04609837192286396,0.4291957803044445,0.3830974083815805,14,2,12,True,True,False,False,0.9870822022916821
ml_intern,p14,hidden_keywords,none,keyword,0.0,0.9285714285714286,0.9285714285714286,13,1,12,True,True,True,True,1.0833333333333335
ml_intern,p14,hidden_keywords,none,tfidf,0.012234618524056606,0.21175270220723802,0.1995180836831814,13,1,12,True,True,True,True,1.283755460249671
ml_intern,p14,hidden_keywords,none,embedding,0.04609837192286396,0.400379557102063,0.35428118517919904,14,2,12,True,True,False,False,0.9208094606534512
ml_intern,p14,hidden_keywords,drop_invisible,keyword,0.0,0.0,0.0,13,13,0,False,True,False,False,0.0
ml_intern,p14,hidden_keywords,drop_invisible,tfidf,0.012234618524056606,0.012234618524056606,0.0,13,13,0,False,True,False,False,0.07417264653821534
ml_intern,p14,hidden_keywords,drop_invisible,embedding,0.04609837192286396,0.04609837192286396,0.0,14,14,0,False,True,False,False,0.10601894186239369
ml_intern,p14,hidden_jd,none,keyword,0.0,1.0,1.0,13,1,12,True,True,True,True,1.1666666666666667
ml_intern,p14,hidden_jd,none,tfidf,0.012234618524056606,0.7056538580243198,0.6934192395002632,13,1,12,True,True,True,True,4.278042187147126
ml_intern,p14,hidden_jd,none,embedding,0.04609837192286396,0.6513978716431907,0.6052994997203268,14,1,13,True,True,True,True,1.4981117597511868
ml_intern,p14,hidden_jd,drop_invisible,keyword,0.0,0.0,0.0,13,13,0,False,True,False,False,0.0
ml_intern,p14,hidden_jd,drop_invisible,tfidf,0.012234618524056606,0.012234618524056606,0.0,13,13,0,False,True,False,False,0.07417264653821534
ml_intern,p14,hidden_jd,drop_invisible,embedding,0.04609837192286396,0.04609837192286396,0.0,14,14,0,False,True,False,False,0.10601894186239369
ml_intern,p15,visible_repeat,none,keyword,0.14285714285714285,0.9285714285714286,0.7857142857142858,7,1,6,True,True,True,True,1.0833333333333335
ml_intern,p15,visible_repeat,none,tfidf,0.012296013170175433,0.2249721268422256,0.21267611367205017,12,1,11,True,True,True,True,1.3638985157083712
ml_intern,p15,visible_repeat,none,embedding,0.061703864299401515,0.4145883255083478,0.3528844612089463,12,2,10,True,True,False,False,0.953487373750312
ml_intern,p15,hidden_keywords,none,keyword,0.14285714285714285,0.9285714285714286,0.7857142857142858,7,1,6,True,True,True,True,1.0833333333333335
ml_intern,p15,hidden_keywords,none,tfidf,0.012296013170175433,0.2249721268422256,0.21267611367205017,12,1,11,True,True,True,True,1.3638985157083712
ml_intern,p15,hidden_keywords,none,embedding,0.061703864299401515,0.38703957277327355,0.32533570847387205,12,2,10,True,True,False,False,0.8901296131012275
ml_intern,p15,hidden_keywords,drop_invisible,keyword,0.14285714285714285,0.14285714285714285,0.0,7,7,0,False,True,False,False,0.16666666666666666
ml_intern,p15,hidden_keywords,drop_invisible,tfidf,0.012296013170175433,0.012296013170175433,0.0,12,12,0,False,True,False,False,0.07454485294391214
ml_intern,p15,hidden_keywords,drop_invisible,embedding,0.061703864299401515,0.061703864299401515,0.0,12,12,0,False,True,False,False,0.14190909849895753
ml_intern,p15,hidden_jd,none,keyword,0.14285714285714285,1.0,0.8571428571428572,7,1,6,True,True,True,True,1.1666666666666667
ml_intern,p15,hidden_jd,none,tfidf,0.012296013170175433,0.7421768357805426,0.7298808226103671,12,1,11,True,True,True,True,4.49946355098522
ml_intern,p15,hidden_jd,none,embedding,0.061703864299401515,0.624168337009474,0.5624644727100725,12,1,11,True,True,True,True,1.4354881500909025
ml_intern,p15,hidden_jd,drop_invisible,keyword,0.14285714285714285,0.14285714285714285,0.0,7,7,0,False,True,False,False,0.16666666666666666
ml_intern,p15,hidden_jd,drop_invisible,tfidf,0.012296013170175433,0.012296013170175433,0.0,12,12,0,False,True,False,False,0.07454485294391214
ml_intern,p15,hidden_jd,drop_invisible,embedding,0.061703864299401515,0.061703864299401515,0.0,12,12,0,False,True,False,False,0.14190909849895753
ml_intern,p16,visible_repeat,none,keyword,0.35714285714285715,0.9285714285714286,0.5714285714285714,6,1,5,True,True,True,True,1.0833333333333335
ml_intern,p16,visible_repeat,none,tfidf,0.06073418164834334,0.2505557362443063,0.18982155459596298,5,1,4,False,False,True,True,1.5189997159314177
ml_intern,p16,visible_repeat,none,embedding,0.16944840600972502,0.49566698070812654,0.32621857469840154,6,1,5,True,True,True,True,1.1399554174870803
ml_intern,p16,hidden_keywords,none,keyword,0.35714285714285715,0.9285714285714286,0.5714285714285714,6,1,5,True,True,True,True,1.0833333333333335
ml_intern,p16,hidden_keywords,none,tfidf,0.06073418164834334,0.2505557362443063,0.18982155459596298,5,1,4,False,False,True,True,1.5189997159314177
ml_intern,p16,hidden_keywords,none,embedding,0.16944840600972502,0.4718529071462429,0.30240450113651784,6,1,5,True,True,True,True,1.08518682642515
ml_intern,p16,hidden_keywords,drop_invisible,keyword,0.35714285714285715,0.35714285714285715,0.0,6,6,0,False,True,False,False,0.4166666666666667
ml_intern,p16,hidden_keywords,drop_invisible,tfidf,0.06073418164834334,0.06073418164834334,0.0,5,5,0,False,False,False,False,0.36820232517529156
ml_intern,p16,hidden_keywords,drop_invisible,embedding,0.16944840600972502,0.16944840600972502,0.0,6,6,0,False,True,False,False,0.38970445063614345
ml_intern,p16,hidden_jd,none,keyword,0.35714285714285715,1.0,0.6428571428571428,6,1,5,True,True,True,True,1.1666666666666667
ml_intern,p16,hidden_jd,none,tfidf,0.06073418164834334,0.7418250816641759,0.6810909000158326,5,1,4,False,False,True,True,4.497331033842137
ml_intern,p16,hidden_jd,none,embedding,0.16944840600972502,0.6895651675813307,0.5201167615716057,6,1,5,True,True,True,True,1.5858904851231228
ml_intern,p16,hidden_jd,drop_invisible,keyword,0.35714285714285715,0.35714285714285715,0.0,6,6,0,False,True,False,False,0.4166666666666667
ml_intern,p16,hidden_jd,drop_invisible,tfidf,0.06073418164834334,0.06073418164834334,0.0,5,5,0,False,False,False,False,0.36820232517529156
ml_intern,p16,hidden_jd,drop_invisible,embedding,0.16944840600972502,0.16944840600972502,0.0,6,6,0,False,True,False,False,0.38970445063614345
process_engineer,p01,visible_repeat,none,keyword,0.1,0.9,0.8,6,1,5,True,True,True,True,1.3333333333333333
process_engineer,p01,visible_repeat,none,tfidf,0.02062016572377105,0.3442935649906945,0.32367339926692346,10,1,9,True,True,True,True,1.3836934709643594
process_engineer,p01,visible_repeat,none,embedding,0.057998885800860156,0.5220079268639827,0.4640090410631225,11,2,9,True,True,False,False,0.9119509531927238
process_engineer,p01,hidden_keywords,none,keyword,0.1,0.9,0.8,6,1,5,True,True,True,True,1.3333333333333333
process_engineer,p01,hidden_keywords,none,tfidf,0.02062016572377105,0.3442935649906945,0.32367339926692346,10,1,9,True,True,True,True,1.3836934709643594
process_engineer,p01,hidden_keywords,none,embedding,0.057998885800860156,0.49463446357082463,0.4366355777699645,11,2,9,True,True,False,False,0.8641293499991652
process_engineer,p01,hidden_keywords,drop_invisible,keyword,0.1,0.1,0.0,6,6,0,False,True,False,False,0.14814814814814814
process_engineer,p01,hidden_keywords,drop_invisible,tfidf,0.02062016572377105,0.02062016572377105,0.0,10,10,0,False,True,False,False,0.08287110647262963
process_engineer,p01,hidden_keywords,drop_invisible,embedding,0.057998885800860156,0.057998885800860156,0.0,11,11,0,False,True,False,False,0.10132439847794156
process_engineer,p01,hidden_jd,none,keyword,0.1,1.0,0.9,6,1,5,True,True,True,True,1.4814814814814814
process_engineer,p01,hidden_jd,none,tfidf,0.02062016572377105,0.6473963863954951,0.6267762206717241,10,1,9,True,True,True,True,2.601844019377991
process_engineer,p01,hidden_jd,none,embedding,0.057998885800860156,0.636920146734059,0.5789212609331988,11,1,10,True,True,True,True,1.112703284816442
process_engineer,p01,hidden_jd,drop_invisible,keyword,0.1,0.1,0.0,6,6,0,False,True,False,False,0.14814814814814814
process_engineer,p01,hidden_jd,drop_invisible,tfidf,0.02062016572377105,0.02062016572377105,0.0,10,10,0,False,True,False,False,0.08287110647262963
process_engineer,p01,hidden_jd,drop_invisible,embedding,0.057998885800860156,0.057998885800860156,0.0,11,11,0,False,True,False,False,0.10132439847794156
process_engineer,p02,visible_repeat,none,keyword,0.1,0.9,0.8,6,1,5,True,True,True,True,1.3333333333333333
process_engineer,p02,visible_repeat,none,tfidf,0.021709920537911723,0.36692747070678133,0.3452175501688696,9,1,8,True,True,True,True,1.4746576676452317
process_engineer,p02,visible_repeat,none,embedding,0.08343974929980455,0.5097827655326067,0.42634301623280213,10,2,8,True,True,False,False,0.8905935236301874
process_engineer,p02,hidden_keywords,none,keyword,0.1,0.9,0.8,6,1,5,True,True,True,True,1.3333333333333333
process_engineer,p02,hidden_keywords,none,tfidf,0.021709920537911723,0.36692747070678133,0.3452175501688696,9,1,8,True,True,True,True,1.4746576676452317
process_engineer,p02,hidden_keywords,none,embedding,0.08343974929980455,0.48376430148339283,0.4003245521835883,10,2,8,True,True,False,False,0.8451391121754859
process_engineer,p02,hidden_keywords,drop_invisible,keyword,0.1,0.1,0.0,6,6,0,False,True,False,False,0.14814814814814814
process_engineer,p02,hidden_keywords,drop_invisible,tfidf,0.021709920537911723,0.021709920537911723,0.0,9,9,0,False,True,False,False,0.08725076027568338
process_engineer,p02,hidden_keywords,drop_invisible,embedding,0.08343974929980455,0.08343974929980455,0.0,10,10,0,False,True,False,False,0.14576973833568982
process_engineer,p02,hidden_jd,none,keyword,0.1,1.0,0.9,6,1,5,True,True,True,True,1.4814814814814814
process_engineer,p02,hidden_jd,none,tfidf,0.021709920537911723,0.7060825577333885,0.6843726371954767,9,1,8,True,True,True,True,2.837699929488694
process_engineer,p02,hidden_jd,none,embedding,0.08343974929980455,0.6350807118307416,0.551640962530937,10,1,9,True,True,True,True,1.1094897810991826
process_engineer,p02,hidden_jd,drop_invisible,keyword,0.1,0.1,0.0,6,6,0,False,True,False,False,0.14814814814814814
process_engineer,p02,hidden_jd,drop_invisible,tfidf,0.021709920537911723,0.021709920537911723,0.0,9,9,0,False,True,False,False,0.08725076027568338
process_engineer,p02,hidden_jd,drop_invisible,embedding,0.08343974929980455,0.08343974929980455,0.0,10,10,0,False,True,False,False,0.14576973833568982
process_engineer,p03,visible_repeat,none,keyword,0.1,0.9,0.8,6,1,5,True,True,True,True,1.3333333333333333
process_engineer,p03,visible_repeat,none,tfidf,0.008969375360846377,0.34790219259572125,0.3389328172348749,15,1,14,True,True,True,True,1.398196310877595
process_engineer,p03,visible_repeat,none,embedding,0.032810395699789593,0.5068822156831262,0.4740718199833366,15,2,13,True,True,False,False,0.8855262457903511
process_engineer,p03,hidden_keywords,none,keyword,0.1,0.9,0.8,6,1,5,True,True,True,True,1.3333333333333333
process_engineer,p03,hidden_keywords,none,tfidf,0.008969375360846377,0.34790219259572125,0.3389328172348749,15,1,14,True,True,True,True,1.398196310877595
process_engineer,p03,hidden_keywords,none,embedding,0.032810395699789593,0.4786985317783199,0.4458881360785303,15,2,13,True,True,False,False,0.8362891823689605
process_engineer,p03,hidden_keywords,drop_invisible,keyword,0.1,0.1,0.0,6,6,0,False,True,False,False,0.14814814814814814
process_engineer,p03,hidden_keywords,drop_invisible,tfidf,0.008969375360846377,0.008969375360846377,0.0,15,15,0,False,True,False,False,0.03604733688754004
process_engineer,p03,hidden_keywords,drop_invisible,embedding,0.032810395699789593,0.032810395699789593,0.0,15,15,0,False,True,False,False,0.05731995644742397
process_engineer,p03,hidden_jd,none,keyword,0.1,1.0,0.9,6,1,5,True,True,True,True,1.4814814814814814
process_engineer,p03,hidden_jd,none,tfidf,0.008969375360846377,0.6688331947241342,0.6598638193632878,15,1,14,True,True,True,True,2.6879971594271055
process_engineer,p03,hidden_jd,none,embedding,0.032810395699789593,0.6321540039013342,0.5993436082015446,15,1,14,True,True,True,True,1.104376804938123
process_engineer,p03,hidden_jd,drop_invisible,keyword,0.1,0.1,0.0,6,6,0,False,True,False,False,0.14814814814814814
process_engineer,p03,hidden_jd,drop_invisible,tfidf,0.008969375360846377,0.008969375360846377,0.0,15,15,0,False,True,False,False,0.03604733688754004
process_engineer,p03,hidden_jd,drop_invisible,embedding,0.032810395699789593,0.032810395699789593,0.0,15,15,0,False,True,False,False,0.05731995644742397
process_engineer,p04,visible_repeat,none,keyword,0.1,0.9,0.8,6,1,5,True,True,True,True,1.3333333333333333
process_engineer,p04,visible_repeat,none,tfidf,0.010792362218162113,0.3682801838138176,0.3574878215956555,14,1,13,True,True,True,True,1.480094133744575
process_engineer,p04,visible_repeat,none,embedding,0.04672233926554663,0.5283267286294626,0.481604389363916,13,2,11,True,True,False,False,0.9229899374619547
process_engineer,p04,hidden_keywords,none,keyword,0.1,0.9,0.8,6,1,5,True,True,True,True,1.3333333333333333
process_engineer,p04,hidden_keywords,none,tfidf,0.010792362218162113,0.3682801838138176,0.3574878215956555,14,1,13,True,True,True,True,1.480094133744575
process_engineer,p04,hidden_keywords,none,embedding,0.04672233926554663,0.5021323525465354,0.4554100132809888,13,2,11,True,True,False,False,0.8772282066380116
process_engineer,p04,hidden_keywords,drop_invisible,keyword,0.1,0.1,0.0,6,6,0,False,True,False,False,0.14814814814814814
process_engineer,p04,hidden_keywords,drop_invisible,tfidf,0.010792362218162113,0.010792362218162113,0.0,14,14,0,False,True,False,False,0.04337380263832977
process_engineer,p04,hidden_keywords,drop_invisible,embedding,0.04672233926554663,0.04672233926554663,0.0,13,13,0,False,True,False,False,0.08162420460659284
process_engineer,p04,hidden_jd,none,keyword,0.1,1.0,0.9,6,1,5,True,True,True,True,1.4814814814814814
process_engineer,p04,hidden_jd,none,tfidf,0.010792362218162113,0.7171806832703312,0.7063883210521691,14,1,13,True,True,True,True,2.882302575041554
process_engineer,p04,hidden_jd,none,embedding,0.04672233926554663,0.6665982279087986,0.619875888643252,13,1,12,True,True,True,True,1.1645510691572478
process_engineer,p04,hidden_jd,drop_invisible,keyword,0.1,0.1,0.0,6,6,0,False,True,False,False,0.14814814814814814
process_engineer,p04,hidden_jd,drop_invisible,tfidf,0.010792362218162113,0.010792362218162113,0.0,14,14,0,False,True,False,False,0.04337380263832977
process_engineer,p04,hidden_jd,drop_invisible,embedding,0.04672233926554663,0.04672233926554663,0.0,13,13,0,False,True,False,False,0.08162420460659284
process_engineer,p05,visible_repeat,none,keyword,0.1,0.9,0.8,6,1,5,True,True,True,True,1.3333333333333333
process_engineer,p05,visible_repeat,none,tfidf,0.013667895859764388,0.3717473253418724,0.35807942948210797,13,1,12,True,True,True,True,1.4940283503059808
process_engineer,p05,visible_repeat,none,embedding,0.03990070950438341,0.5000527053809648,0.4601519958765814,14,2,12,True,True,False,False,0.8735950506697865
process_engineer,p05,hidden_keywords,none,keyword,0.1,0.9,0.8,6,1,5,True,True,True,True,1.3333333333333333
process_engineer,p05,hidden_keywords,none,tfidf,0.013667895859764388,0.3717473253418724,0.35807942948210797,13,1,12,True,True,True,True,1.4940283503059808
process_engineer,p05,hidden_keywords,none,embedding,0.03990070950438341,0.47262414973182065,0.43272344022743725,14,2,12,True,True,False,False,0.8256772008026247
process_engineer,p05,hidden_keywords,drop_invisible,keyword,0.1,0.1,0.0,6,6,0,False,True,False,False,0.14814814814814814
process_engineer,p05,hidden_keywords,drop_invisible,tfidf,0.013667895859764388,0.013667895859764388,0.0,13,13,0,False,True,False,False,0.054930385537376905
process_engineer,p05,hidden_keywords,drop_invisible,embedding,0.03990070950438341,0.03990070950438341,0.0,14,14,0,False,True,False,False,0.06970677683802635
process_engineer,p05,hidden_jd,none,keyword,0.1,1.0,0.9,6,1,5,True,True,True,True,1.4814814814814814
process_engineer,p05,hidden_jd,none,tfidf,0.013667895859764388,0.7234907120893294,0.709822816229565,13,1,12,True,True,True,True,2.9076621709395507
process_engineer,p05,hidden_jd,none,embedding,0.03990070950438341,0.634148248249684,0.5942475387453006,14,1,13,True,True,True,True,1.1078607616766778
process_engineer,p05,hidden_jd,drop_invisible,keyword,0.1,0.1,0.0,6,6,0,False,True,False,False,0.14814814814814814
process_engineer,p05,hidden_jd,drop_invisible,tfidf,0.013667895859764388,0.013667895859764388,0.0,13,13,0,False,True,False,False,0.054930385537376905
process_engineer,p05,hidden_jd,drop_invisible,embedding,0.03990070950438341,0.03990070950438341,0.0,14,14,0,False,True,False,False,0.06970677683802635
process_engineer,p06,visible_repeat,none,keyword,0.0,0.9,0.9,15,1,14,True,True,True,True,1.3333333333333333
process_engineer,p06,visible_repeat,none,tfidf,0.015949099414657657,0.36244329941407005,0.3464941999994124,12,1,11,True,True,True,True,1.456636074530129
process_engineer,p06,visible_repeat,none,embedding,0.05788803319616047,0.5061193557637811,0.4482313225676206,12,2,10,True,True,False,False,0.8841935249736793
process_engineer,p06,hidden_keywords,none,keyword,0.0,0.9,0.9,15,1,14,True,True,True,True,1.3333333333333333
process_engineer,p06,hidden_keywords,none,tfidf,0.015949099414657657,0.36244329941407005,0.3464941999994124,12,1,11,True,True,True,True,1.456636074530129
process_engineer,p06,hidden_keywords,none,embedding,0.05788803319616047,0.47842479339847466,0.4205367602023142,12,2,10,True,True,False,False,0.8358109597911445
process_engineer,p06,hidden_keywords,drop_invisible,keyword,0.0,0.0,0.0,15,15,0,False,True,False,False,0.0
process_engineer,p06,hidden_keywords,drop_invisible,tfidf,0.015949099414657657,0.015949099414657657,0.0,12,12,0,False,True,False,False,0.06409839442807987
process_engineer,p06,hidden_keywords,drop_invisible,embedding,0.05788803319616047,0.05788803319616047,0.0,12,12,0,False,True,False,False,0.10113073831816755
process_engineer,p06,hidden_jd,none,keyword,0.0,1.0,1.0,15,1,14,True,True,True,True,1.4814814814814814
process_engineer,p06,hidden_jd,none,tfidf,0.015949099414657657,0.6939501402088653,0.6780010407942076,12,1,11,True,True,True,True,2.788940531629631
process_engineer,p06,hidden_jd,none,embedding,0.05788803319616047,0.6180168954606821,0.5601288622645216,12,1,11,True,True,True,True,1.0796791924032065
process_engineer,p06,hidden_jd,drop_invisible,keyword,0.0,0.0,0.0,15,15,0,False,True,False,False,0.0
process_engineer,p06,hidden_jd,drop_invisible,tfidf,0.015949099414657657,0.015949099414657657,0.0,12,12,0,False,True,False,False,0.06409839442807987
process_engineer,p06,hidden_jd,drop_invisible,embedding,0.05788803319616047,0.05788803319616047,0.0,12,12,0,False,True,False,False,0.10113073831816755
process_engineer,p07,visible_repeat,none,keyword,0.675,0.925,0.25,1,1,0,False,False,False,True,2.466666666666667
process_engineer,p07,visible_repeat,none,tfidf,0.24882213598271918,0.4541709460474908,0.20534881006477163,1,1,0,False,False,False,True,3.4598366549062285
process_engineer,p07,visible_repeat,none,embedding,0.5724078965392189,0.7230714962938763,0.15066359975465748,1,1,0,False,False,False,True,2.2829405033298587
process_engineer,p07,hidden_keywords,none,keyword,0.675,0.925,0.25,1,1,0,False,False,False,True,2.466666666666667
process_engineer,p07,hidden_keywords,none,tfidf,0.24882213598271918,0.45377505623829434,0.20495292025557516,1,1,0,False,False,False,True,3.4568207991253117
process_engineer,p07,hidden_keywords,none,embedding,0.5724078965392189,0.7183693038737489,0.14596140733453,1,1,0,False,False,False,True,2.2680943565997205
process_engineer,p07,hidden_keywords,drop_invisible,keyword,0.675,0.675,0.0,1,1,0,False,False,False,True,1.8
process_engineer,p07,hidden_keywords,drop_invisible,tfidf,0.24882213598271918,0.24882213598271918,0.0,1,1,0,False,False,False,True,1.8955064257568224
process_engineer,p07,hidden_keywords,drop_invisible,embedding,0.5724078965392189,0.5724078965392189,0.0,1,1,0,False,False,False,True,1.8072530560714029
process_engineer,p07,hidden_jd,none,keyword,0.675,1.0,0.32499999999999996,1,1,0,False,False,False,True,2.6666666666666665
process_engineer,p07,hidden_jd,none,tfidf,0.24882213598271918,0.7631937435211996,0.5143716075384804,1,1,0,False,False,False,True,5.813946734394675
process_engineer,p07,hidden_jd,none,embedding,0.5724078965392189,0.8393378098933167,0.2669299133540979,1,1,0,False,False,False,True,2.6500260237099016
process_engineer,p07,hidden_jd,drop_invisible,keyword,0.675,0.675,0.0,1,1,0,False,False,False,True,1.8
process_engineer,p07,hidden_jd,drop_invisible,tfidf,0.24882213598271918,0.24882213598271918,0.0,1,1,0,False,False,False,True,1.8955064257568224
process_engineer,p07,hidden_jd,drop_invisible,embedding,0.5724078965392189,0.5724078965392189,0.0,1,1,0,False,False,False,True,1.8072530560714029
process_engineer,p08,visible_repeat,none,keyword,0.3,0.9,0.6000000000000001,4,1,3,False,False,True,True,1.3333333333333333
process_engineer,p08,visible_repeat,none,tfidf,0.12723790353880657,0.38711967799897606,0.25988177446016947,3,1,2,False,False,True,True,1.555808836983305
process_engineer,p08,visible_repeat,none,embedding,0.3077912978859429,0.5760395723191497,0.2682482744332068,3,1,2,False,False,True,True,1.0063445591891516
process_engineer,p08,hidden_keywords,none,keyword,0.3,0.9,0.6000000000000001,4,1,3,False,False,True,True,1.3333333333333333
process_engineer,p08,hidden_keywords,none,tfidf,0.12723790353880657,0.38711967799897606,0.25988177446016947,3,1,2,False,False,True,True,1.555808836983305
process_engineer,p08,hidden_keywords,none,embedding,0.3077912978859429,0.5620790301013626,0.2542877322154197,3,2,1,False,False,False,False,0.981955408895816
process_engineer,p08,hidden_keywords,drop_invisible,keyword,0.3,0.3,0.0,4,4,0,False,False,False,False,0.4444444444444444
process_engineer,p08,hidden_keywords,drop_invisible,tfidf,0.12723790353880657,0.12723790353880657,0.0,3,3,0,False,False,False,False,0.5113608684222665
process_engineer,p08,hidden_keywords,drop_invisible,embedding,0.3077912978859429,0.3077912978859429,0.0,3,3,0,False,False,False,False,0.5377132281836968
process_engineer,p08,hidden_jd,none,keyword,0.3,1.0,0.7,4,1,3,False,False,True,True,1.4814814814814814
process_engineer,p08,hidden_jd,none,tfidf,0.12723790353880657,0.702881913623637,0.5756440100848303,3,1,2,False,False,True,True,2.824836748738675
process_engineer,p08,hidden_jd,none,embedding,0.3077912978859429,0.7120518721879938,0.4042605743020509,3,1,2,False,False,True,True,1.2439588560763455
process_engineer,p08,hidden_jd,drop_invisible,keyword,0.3,0.3,0.0,4,4,0,False,False,False,False,0.4444444444444444
process_engineer,p08,hidden_jd,drop_invisible,tfidf,0.12723790353880657,0.12723790353880657,0.0,3,3,0,False,False,False,False,0.5113608684222665
process_engineer,p08,hidden_jd,drop_invisible,embedding,0.3077912978859429,0.3077912978859429,0.0,3,3,0,False,False,False,False,0.5377132281836968
process_engineer,p09,visible_repeat,none,keyword,0.35,0.9,0.55,3,1,2,False,False,True,True,1.3333333333333333
process_engineer,p09,visible_repeat,none,tfidf,0.13126947637931194,0.4037341003054005,0.2724646239260886,2,1,1,False,False,True,True,1.6225811208912702
process_engineer,p09,visible_repeat,none,embedding,0.28077071042630586,0.5856721001298932,0.3049013897035874,4,1,3,False,False,True,True,1.02317264256987
process_engineer,p09,hidden_keywords,none,keyword,0.35,0.9,0.55,3,1,2,False,False,True,True,1.3333333333333333
process_engineer,p09,hidden_keywords,none,tfidf,0.13126947637931194,0.4037341003054005,0.2724646239260886,2,1,1,False,False,True,True,1.6225811208912702
process_engineer,p09,hidden_keywords,none,embedding,0.28077071042630586,0.5713462978061673,0.29057558737986144,4,2,2,False,False,False,False,0.9981453806988513
process_engineer,p09,hidden_keywords,drop_invisible,keyword,0.35,0.35,0.0,3,3,0,False,False,False,False,0.5185185185185185
process_engineer,p09,hidden_keywords,drop_invisible,tfidf,0.13126947637931194,0.13126947637931194,0.0,2,2,0,False,False,False,False,0.52756349776062
process_engineer,p09,hidden_keywords,drop_invisible,embedding,0.28077071042630586,0.28077071042630586,0.0,4,4,0,False,False,False,False,0.49050810117024424
process_engineer,p09,hidden_jd,none,keyword,0.35,1.0,0.65,3,1,2,False,False,True,True,1.4814814814814814
process_engineer,p09,hidden_jd,none,tfidf,0.13126947637931194,0.7443930352298831,0.6131235588505711,2,1,1,False,False,True,True,2.9916672497401176
process_engineer,p09,hidden_jd,none,embedding,0.28077071042630586,0.7468678975887859,0.46609718716248005,4,1,3,False,False,True,True,1.3047826595411298
process_engineer,p09,hidden_jd,drop_invisible,keyword,0.35,0.35,0.0,3,3,0,False,False,False,False,0.5185185185185185
process_engineer,p09,hidden_jd,drop_invisible,tfidf,0.13126947637931194,0.13126947637931194,0.0,2,2,0,False,False,False,False,0.52756349776062
process_engineer,p09,hidden_jd,drop_invisible,embedding,0.28077071042630586,0.28077071042630586,0.0,4,4,0,False,False,False,False,0.49050810117024424
process_engineer,p10,visible_repeat,none,keyword,0.1,0.9,0.8,6,1,5,True,True,True,True,1.3333333333333333
process_engineer,p10,visible_repeat,none,tfidf,0.029005018723161236,0.374675385734834,0.34567036701167275,7,1,6,True,True,True,True,1.5057960348063864
process_engineer,p10,visible_repeat,none,embedding,0.08814815368439066,0.5141404904583153,0.4259923367739247,8,2,6,True,True,False,False,0.8982064949956341
process_engineer,p10,hidden_keywords,none,keyword,0.1,0.9,0.8,6,1,5,True,True,True,True,1.3333333333333333
process_engineer,p10,hidden_keywords,none,tfidf,0.029005018723161236,0.374675385734834,0.34567036701167275,7,1,6,True,True,True,True,1.5057960348063864
process_engineer,p10,hidden_keywords,none,embedding,0.08814815368439066,0.4890881653384806,0.40094001165408993,8,2,6,True,True,False,False,0.85443993399726
process_engineer,p10,hidden_keywords,drop_invisible,keyword,0.1,0.1,0.0,6,6,0,False,True,False,False,0.14814814814814814
process_engineer,p10,hidden_keywords,drop_invisible,tfidf,0.029005018723161236,0.029005018723161236,0.0,7,7,0,False,True,False,False,0.11656928596246617
process_engineer,p10,hidden_keywords,drop_invisible,embedding,0.08814815368439066,0.08814815368439066,0.0,8,8,0,False,True,False,False,0.15399534880167598
process_engineer,p10,hidden_jd,none,keyword,0.1,1.0,0.9,6,1,5,True,True,True,True,1.4814814814814814
process_engineer,p10,hidden_jd,none,tfidf,0.029005018723161236,0.7217856039247107,0.6927805852015495,7,1,6,True,True,True,True,2.9008094519968233
process_engineer,p10,hidden_jd,none,embedding,0.08814815368439066,0.6393309096401234,0.5511827559557327,8,1,7,True,True,True,True,1.1169149019528233
process_engineer,p10,hidden_jd,drop_invisible,keyword,0.1,0.1,0.0,6,6,0,False,True,False,False,0.14814814814814814
process_engineer,p10,hidden_jd,drop_invisible,tfidf,0.029005018723161236,0.029005018723161236,0.0,7,7,0,False,True,False,False,0.11656928596246617
process_engineer,p10,hidden_jd,drop_invisible,embedding,0.08814815368439066,0.08814815368439066,0.0,8,8,0,False,True,False,False,0.15399534880167598
process_engineer,p11,visible_repeat,none,keyword,0.375,0.925,0.55,2,1,1,False,False,True,True,1.3703703703703702
process_engineer,p11,visible_repeat,none,tfidf,0.11970498143820033,0.3968310462845353,0.27712606484633495,4,1,3,False,False,True,True,1.5948381952323383
process_engineer,p11,visible_repeat,none,embedding,0.31672813866117683,0.6048523405344443,0.2881242018732674,2,1,1,False,False,True,True,1.0566806366428287
process_engineer,p11,hidden_keywords,none,keyword,0.375,0.925,0.55,2,1,1,False,False,True,True,1.3703703703703702
process_engineer,p11,hidden_keywords,none,tfidf,0.11970498143820033,0.3968310462845353,0.27712606484633495,4,1,3,False,False,True,True,1.5948381952323383
process_engineer,p11,hidden_keywords,none,embedding,0.31672813866117683,0.591362339386162,0.2746342007249852,2,1,1,False,False,True,True,1.0331135243967489
process_engineer,p11,hidden_keywords,drop_invisible,keyword,0.375,0.375,0.0,2,2,0,False,False,False,False,0.5555555555555555
process_engineer,p11,hidden_keywords,drop_invisible,tfidf,0.11970498143820033,0.11970498143820033,0.0,4,4,0,False,False,False,False,0.4810865438696897
process_engineer,p11,hidden_keywords,drop_invisible,embedding,0.31672813866117683,0.31672813866117683,0.0,2,2,0,False,False,False,False,0.5533259421753557
process_engineer,p11,hidden_jd,none,keyword,0.375,1.0,0.625,2,1,1,False,False,True,True,1.4814814814814814
process_engineer,p11,hidden_jd,none,tfidf,0.11970498143820033,0.7229269380233664,0.6032219565851661,4,1,3,False,False,True,True,2.9053963995935392
process_engineer,p11,hidden_jd,none,embedding,0.31672813866117683,0.7482240684099984,0.4314959297488216,2,1,1,False,False,True,True,1.3071518980324435
process_engineer,p11,hidden_jd,drop_invisible,keyword,0.375,0.375,0.0,2,2,0,False,False,False,False,0.5555555555555555
process_engineer,p11,hidden_jd,drop_invisible,tfidf,0.11970498143820033,0.11970498143820033,0.0,4,4,0,False,False,False,False,0.4810865438696897
process_engineer,p11,hidden_jd,drop_invisible,embedding,0.31672813866117683,0.31672813866117683,0.0,2,2,0,False,False,False,False,0.5533259421753557
process_engineer,p12,visible_repeat,none,keyword,0.1,0.9,0.8,6,1,5,True,True,True,True,1.3333333333333333
process_engineer,p12,visible_repeat,none,tfidf,0.03210032677904587,0.36093264379120577,0.32883231701215987,6,1,5,True,True,True,True,1.4505648477202715
process_engineer,p12,visible_repeat,none,embedding,0.10823180813338351,0.5208896080245636,0.4126577998911801,5,2,3,False,False,False,False,0.9099972435283736
process_engineer,p12,hidden_keywords,none,keyword,0.1,0.9,0.8,6,1,5,True,True,True,True,1.3333333333333333
process_engineer,p12,hidden_keywords,none,tfidf,0.03210032677904587,0.36093264379120577,0.32883231701215987,6,1,5,True,True,True,True,1.4505648477202715
process_engineer,p12,hidden_keywords,none,embedding,0.10823180813338351,0.4957584059636831,0.3875265978302996,5,2,3,False,False,False,False,0.8660928840448237
process_engineer,p12,hidden_keywords,drop_invisible,keyword,0.1,0.1,0.0,6,6,0,False,True,False,False,0.14814814814814814
process_engineer,p12,hidden_keywords,drop_invisible,tfidf,0.03210032677904587,0.03210032677904587,0.0,6,6,0,False,True,False,False,0.12900912795505964
process_engineer,p12,hidden_keywords,drop_invisible,embedding,0.10823180813338351,0.10823180813338351,0.0,5,5,0,False,False,False,False,0.1890816125838822
process_engineer,p12,hidden_jd,none,keyword,0.1,1.0,0.9,6,1,5,True,True,True,True,1.4814814814814814
process_engineer,p12,hidden_jd,none,tfidf,0.03210032677904587,0.682975544395577,0.6508752176165311,6,1,5,True,True,True,True,2.744834344011137
process_engineer,p12,hidden_jd,none,embedding,0.10823180813338351,0.631054046251847,0.5228222381184635,5,1,4,False,False,True,True,1.1024551723817981
process_engineer,p12,hidden_jd,drop_invisible,keyword,0.1,0.1,0.0,6,6,0,False,True,False,False,0.14814814814814814
process_engineer,p12,hidden_jd,drop_invisible,tfidf,0.03210032677904587,0.03210032677904587,0.0,6,6,0,False,True,False,False,0.12900912795505964
process_engineer,p12,hidden_jd,drop_invisible,embedding,0.10823180813338351,0.10823180813338351,0.0,5,5,0,False,False,False,False,0.1890816125838822
process_engineer,p13,visible_repeat,none,keyword,0.1,0.9,0.8,6,1,5,True,True,True,True,1.3333333333333333
process_engineer,p13,visible_repeat,none,tfidf,0.020568967265392573,0.36267564501055266,0.34210667774516007,11,1,10,True,True,True,True,1.4575698563882622
process_engineer,p13,visible_repeat,none,embedding,0.08442884133996269,0.5207391506833606,0.43631030934339793,9,2,7,True,True,False,False,0.909734393658355
process_engineer,p13,hidden_keywords,none,keyword,0.1,0.9,0.8,6,1,5,True,True,True,True,1.3333333333333333
process_engineer,p13,hidden_keywords,none,tfidf,0.020568967265392573,0.36267564501055266,0.34210667774516007,11,1,10,True,True,True,True,1.4575698563882622
process_engineer,p13,hidden_keywords,none,embedding,0.08442884133996269,0.495832735032185,0.4114038936922223,9,2,7,True,True,False,False,0.8662227373696141
process_engineer,p13,hidden_keywords,drop_invisible,keyword,0.1,0.1,0.0,6,6,0,False,True,False,False,0.14814814814814814
process_engineer,p13,hidden_keywords,drop_invisible,tfidf,0.020568967265392573,0.020568967265392573,0.0,11,11,0,False,True,False,False,0.08266534319447004
process_engineer,p13,hidden_keywords,drop_invisible,embedding,0.08442884133996269,0.08442884133996269,0.0,9,9,0,False,True,False,False,0.14749768801307583
process_engineer,p13,hidden_jd,none,keyword,0.1,1.0,0.9,6,1,5,True,True,True,True,1.4814814814814814
process_engineer,p13,hidden_jd,none,tfidf,0.020568967265392573,0.7017883560219882,0.6812193887565956,11,1,10,True,True,True,True,2.8204418117796712
process_engineer,p13,hidden_jd,none,embedding,0.08442884133996269,0.6528925298020096,0.568463688462047,9,1,8,True,True,True,True,1.1406071330416672
process_engineer,p13,hidden_jd,drop_invisible,keyword,0.1,0.1,0.0,6,6,0,False,True,False,False,0.14814814814814814
process_engineer,p13,hidden_jd,drop_invisible,tfidf,0.020568967265392573,0.020568967265392573,0.0,11,11,0,False,True,False,False,0.08266534319447004
process_engineer,p13,hidden_jd,drop_invisible,embedding,0.08442884133996269,0.08442884133996269,0.0,9,9,0,False,True,False,False,0.14749768801307583
process_engineer,p14,visible_repeat,none,keyword,0.0,0.9,0.9,15,1,14,True,True,True,True,1.3333333333333333
process_engineer,p14,visible_repeat,none,tfidf,0.005176577594340136,0.3491658265598468,0.34398924896550664,16,1,15,True,True,True,True,1.4032747736885296
process_engineer,p14,visible_repeat,none,embedding,0.018468867970387957,0.5050753718623411,0.48660650389195315,16,2,14,True,True,False,False,0.882369678888131
process_engineer,p14,hidden_keywords,none,keyword,0.0,0.9,0.9,15,1,14,True,True,True,True,1.3333333333333333
process_engineer,p14,hidden_keywords,none,tfidf,0.005176577594340136,0.3491658265598468,0.34398924896550664,16,1,15,True,True,True,True,1.4032747736885296
process_engineer,p14,hidden_keywords,none,embedding,0.018468867970387957,0.4768655419801366,0.45839667400974865,16,2,14,True,True,False,False,0.8330869382887066
process_engineer,p14,hidden_keywords,drop_invisible,keyword,0.0,0.0,0.0,15,15,0,False,True,False,False,0.0
process_engineer,p14,hidden_keywords,drop_invisible,tfidf,0.005176577594340136,0.005176577594340136,0.0,16,16,0,False,True,False,False,0.02080432905977325
process_engineer,p14,hidden_keywords,drop_invisible,embedding,0.018468867970387957,0.018468867970387957,0.0,16,16,0,False,True,False,False,0.03226522219915349
process_engineer,p14,hidden_jd,none,keyword,0.0,1.0,1.0,15,1,14,True,True,True,True,1.4814814814814814
process_engineer,p14,hidden_jd,none,tfidf,0.005176577594340136,0.6754298166166665,0.6702532390223264,16,1,15,True,True,True,True,2.7145085542693654
process_engineer,p14,hidden_jd,none,embedding,0.018468867970387957,0.6386992735341813,0.6202304055637934,16,1,15,True,True,True,True,1.1158114299187003
process_engineer,p14,hidden_jd,drop_invisible,keyword,0.0,0.0,0.0,15,15,0,False,True,False,False,0.0
process_engineer,p14,hidden_jd,drop_invisible,tfidf,0.005176577594340136,0.005176577594340136,0.0,16,16,0,False,True,False,False,0.02080432905977325
process_engineer,p14,hidden_jd,drop_invisible,embedding,0.018468867970387957,0.018468867970387957,0.0,16,16,0,False,True,False,False,0.03226522219915349
process_engineer,p15,visible_repeat,none,keyword,0.1,0.9,0.8,6,1,5,True,True,True,True,1.3333333333333333
process_engineer,p15,visible_repeat,none,tfidf,0.022760638635397994,0.3724098601752639,0.3496492215398659,8,1,7,True,True,True,True,1.4966910347603797
process_engineer,p15,visible_repeat,none,embedding,0.09770032256171687,0.5200099794458749,0.422309656884158,7,2,5,True,True,False,False,0.9084605271692755
process_engineer,p15,hidden_keywords,none,keyword,0.1,0.9,0.8,6,1,5,True,True,True,True,1.3333333333333333
process_engineer,p15,hidden_keywords,none,tfidf,0.022760638635397994,0.3724098601752639,0.3496492215398659,8,1,7,True,True,True,True,1.4966910347603797
process_engineer,p15,hidden_keywords,none,embedding,0.09770032256171687,0.494355256456328,0.39665493389461115,7,2,5,True,True,False,False,0.8636415735093846
process_engineer,p15,hidden_keywords,drop_invisible,keyword,0.1,0.1,0.0,6,6,0,False,True,False,False,0.14814814814814814
process_engineer,p15,hidden_keywords,drop_invisible,tfidf,0.022760638635397994,0.022760638635397994,0.0,8,8,0,False,True,False,False,0.09147352805048957
process_engineer,p15,hidden_keywords,drop_invisible,embedding,0.09770032256171687,0.09770032256171687,0.0,7,7,0,False,True,False,False,0.1706830446477303
process_engineer,p15,hidden_jd,none,keyword,0.1,1.0,0.9,6,1,5,True,True,True,True,1.4814814814814814
process_engineer,p15,hidden_jd,none,tfidf,0.022760638635397994,0.7198101210052043,0.6970494823698062,8,1,7,True,True,True,True,2.8928701144788636
process_engineer,p15,hidden_jd,none,embedding,0.09770032256171687,0.6381053630566688,0.5404050404949519,7,1,6,True,True,True,True,1.1147738647818402
process_engineer,p15,hidden_jd,drop_invisible,keyword,0.1,0.1,0.0,6,6,0,False,True,False,False,0.14814814814814814
process_engineer,p15,hidden_jd,drop_invisible,tfidf,0.022760638635397994,0.022760638635397994,0.0,8,8,0,False,True,False,False,0.09147352805048957
process_engineer,p15,hidden_jd,drop_invisible,embedding,0.09770032256171687,0.09770032256171687,0.0,7,7,0,False,True,False,False,0.1706830446477303
process_engineer,p16,visible_repeat,none,keyword,0.15,0.9,0.75,5,1,4,False,False,True,True,1.3333333333333333
process_engineer,p16,visible_repeat,none,tfidf,0.038551216358569965,0.36966437524803586,0.3311131588894659,5,1,4,False,False,True,True,1.4856571091959005
process_engineer,p16,visible_repeat,none,embedding,0.10084508564509007,0.5215658243292376,0.4207207386841475,6,2,4,True,True,False,False,0.911178597434849
process_engineer,p16,hidden_keywords,none,keyword,0.15,0.9,0.75,5,1,4,False,False,True,True,1.3333333333333333
process_engineer,p16,hidden_keywords,none,tfidf,0.038551216358569965,0.36966437524803586,0.3311131588894659,5,1,4,False,False,True,True,1.4856571091959005
process_engineer,p16,hidden_keywords,none,embedding,0.10084508564509007,0.49671849388871103,0.39587340824362094,6,2,4,True,True,False,False,0.8677701633605575
process_engineer,p16,hidden_keywords,drop_invisible,keyword,0.15,0.15,0.0,5,5,0,False,False,False,False,0.2222222222222222
process_engineer,p16,hidden_keywords,drop_invisible,tfidf,0.038551216358569965,0.038551216358569965,0.0,5,5,0,False,False,False,False,0.15493483409871284
process_engineer,p16,hidden_keywords,drop_invisible,embedding,0.10084508564509007,0.10084508564509007,0.0,6,6,0,False,True,False,False,0.17617696445978467
process_engineer,p16,hidden_jd,none,keyword,0.15,1.0,0.85,5,1,4,False,False,True,True,1.4814814814814814
process_engineer,p16,hidden_jd,none,tfidf,0.038551216358569965,0.7090290953678609,0.6704778790092909,5,1,4,False,False,True,True,2.8495418728223734
process_engineer,p16,hidden_jd,none,embedding,0.10084508564509007,0.6549380004867558,0.5540929148416657,6,1,5,True,True,True,True,1.1441805824946063
process_engineer,p16,hidden_jd,drop_invisible,keyword,0.15,0.15,0.0,5,5,0,False,False,False,False,0.2222222222222222
process_engineer,p16,hidden_jd,drop_invisible,tfidf,0.038551216358569965,0.038551216358569965,0.0,5,5,0,False,False,False,False,0.15493483409871284
process_engineer,p16,hidden_jd,drop_invisible,embedding,0.10084508564509007,0.10084508564509007,0.0,6,6,0,False,True,False,False,0.17617696445978467
